dur,proto,service,state,spkts,dpkts,sbytes,dbytes,rate,sload,dload,sloss,dloss,sinpkt,dinpkt,sjit,djit,swin,stcpb,dtcpb,dwin,tcprtt,synack,ackdat,smean,dmean,trans_depth,response_body_len,ct_src_dport_ltm,ct_dst_sport_ltm,is_ftp_login,ct_ftp_cmd,ct_flw_http_mthd,is_sm_ips_ports,attack_cat,label
2.59414,tcp,-,FIN,28,30,4656,3080,21.972599,13846.593,9183.775,7,7,96.06715,89.42627,5835.2656,154.0167,255,102067417,3700608280,255,0.000943,0.000774,0.000169,166,103,0,0,1,1,0,0,0,0,Normal,0
0.905766,tcp,-,FIN,16,18,1540,1644,36.43325,12753.846,13716.566,4,4,60.310135,56.58175,4230.6294,126.62326,255,2614821544,3446246113,255,0.000657,0.000455,0.000202,96,91,0,0,14,1,0,0,0,0,Normal,0
0.421833,tcp,http,FIN,10,6,936,268,35.559093,15987.369,4248.1265,2,1,43.76311,77.5756,2227.3816,117.26642,255,2355977000,168556979,255,0.091155,0.033949,0.057206,94,45,1,0,1,1,0,0,1,0,Exploits,1
0.23372,tcp,-,FIN,10,6,534,268,64.17936,16464.145,7667.294,2,1,25.96889,40.812,1300.7194,65.724686,255,3154063438,720362539,255,0.086126,0.028996,0.05713,53,45,0,0,2,1,0,0,0,0,Normal,0
1.863138,tcp,-,FIN,10,8,564,354,9.124391,2181.2664,1331.0876,2,1,202.18466,251.45013,15391.63,390.21902,255,3845807846,963392994,255,0.278507,0.102985,0.175522,56,44,0,0,1,1,0,0,0,0,Reconnaissance,1
4e-06,udp,-,INT,2,0,104,0,250000.0,104000000.0,0.0,0,0,0.004,0.0,0.0,0.0,0,0,0,0,0.0,0.0,0.0,52,0,0,0,2,2,0,0,0,0,Fuzzers,1
8e-06,unas,-,INT,2,0,200,0,125000.0,100000000.0,0.0,0,0,0.008,0.0,0.0,0.0,0,0,0,0,0.0,0.0,0.0,100,0,0,0,2,2,0,0,0,0,Backdoor,1
3e-06,unas,-,INT,2,0,200,0,333333.3,266666660.0,0.0,0,0,0.003,0.0,0.0,0.0,0,0,0,0,0.0,0.0,0.0,100,0,0,0,2,2,0,0,0,0,Analysis,1
3e-06,udp,-,INT,2,0,104,0,333333.3,138666660.0,0.0,0,0,0.003,0.0,0.0,0.0,0,0,0,0,0.0,0.0,0.0,52,0,0,0,1,1,0,0,0,0,Fuzzers,1
0.004174,tcp,http,FIN,8,10,1052,824,4072.8318,1765213.1,1422137.0,2,2,0.546714,0.406778,35.777023,0.733044,255,1314583561,1315528330,255,0.000635,0.00051,0.000125,132,82,1,83,1,1,0,0,1,0,Normal,0
8e-06,a/n,-,INT,2,0,200,0,125000.0,100000000.0,0.0,0,0,0.008,0.0,0.0,0.0,0,0,0,0,0.0,0.0,0.0,100,0,0,0,1,1,0,0,0,0,Exploits,1
1.072537,tcp,-,FIN,12,8,994,718,17.715008,6802.563,4691.6797,3,2,92.04764,138.622,4679.1216,199.78142,255,52667131,2989829969,255,0.208905,0.102174,0.106731,83,90,0,0,2,1,0,0,0,0,Fuzzers,1
2.178787,tcp,-,FIN,42,42,2662,23162,38.09459,9542.925,83022.34,7,14,53.114975,53.129025,3247.485,90.992874,255,4224871938,4244257145,255,0.000619,0.000493,0.000126,63,551,0,0,1,1,0,0,0,0,Normal,0
1e-05,udp,-,INT,2,0,104,0,100000.0,41600000.0,0.0,0,0,0.01,0.0,0.0,0.0,0,0,0,0,0.0,0.0,0.0,52,0,0,0,3,3,0,0,0,0,Fuzzers,1
41.066822,tcp,-,FIN,20,12,1670,536,0.754867,309.15466,95.843796,4,1,2161.412,3729.1528,293071.7,11612.165,255,1399874703,1117158503,255,0.112325,0.045494,0.066831,84,45,0,0,4,3,0,0,0,0,Fuzzers,1
0.023745,tcp,-,FIN,16,18,1540,1644,1389.7662,486502.4,523225.94,4,4,1.562,1.369,89.28431,2.613007,255,594588306,2745085795,255,0.000593,0.000469,0.000124,96,91,0,0,4,1,0,0,0,0,Normal,0
8e-06,unas,-,INT,2,0,200,0,125000.0,100000000.0,0.0,0,0,0.008,0.0,0.0,0.0,0,0,0,0,0.0,0.0,0.0,100,0,0,0,3,3,0,0,0,0,Analysis,1
3.912585,tcp,-,FIN,16,18,1540,1644,8.434322,2952.5237,3175.3943,4,4,260.818,230.11153,16716.152,630.6078,255,1059489899,1228910560,255,0.00082,0.000686,0.000134,96,91,0,0,6,1,0,0,0,0,Normal,0
1e-05,udp,-,INT,2,0,552,0,100000.0,220800000.0,0.0,0,0,0.01,0.0,0.0,0.0,0,0,0,0,0.0,0.0,0.0,276,0,0,0,2,1,0,0,0,0,Normal,0
7.554888,tcp,http,FIN,8,10,1052,824,2.250199,975.2627,785.7165,2,2,1258.9535,839.3654,97062.39,2370.2478,255,2857388530,713105728,255,0.000766,0.000595,0.000171,132,82,1,83,2,1,0,0,1,0,Normal,0
0.023379,tcp,-,FIN,16,18,1540,1644,1411.5232,494118.66,531417.06,4,4,1.537133,1.347765,99.50939,2.576742,255,2611652130,2616343448,255,0.000587,0.000464,0.000123,96,91,0,0,6,1,0,0,0,0,Normal,0
0.45042,tcp,-,FIN,10,6,534,268,33.302254,8543.138,3978.509,2,1,46.62533,79.128,2360.0322,111.90455,255,1513504628,730051322,255,0.109221,0.054771,0.05445,53,45,0,0,2,1,0,0,0,0,Fuzzers,1
8e-06,unas,-,INT,2,0,200,0,125000.0,100000000.0,0.0,0,0,0.008,0.0,0.0,0.0,0,0,0,0,0.0,0.0,0.0,100,0,0,0,2,2,0,0,0,0,Backdoor,1
9e-06,ddx,-,INT,2,0,200,0,111111.11,88888890.0,0.0,0,0,0.009,0.0,0.0,0.0,0,0,0,0,0.0,0.0,0.0,100,0,0,0,1,1,0,0,0,0,Fuzzers,1
0.019241,tcp,-,FIN,16,18,1540,1644,1715.0876,600384.6,645704.5,4,4,1.262333,1.105588,84.16944,2.064929,255,139617766,146472235,255,0.000559,0.000443,0.000116,96,91,0,0,6,1,0,0,0,0,Normal,0
9e-06,unas,-,INT,2,0,200,0,111111.11,88888890.0,0.0,0,0,0.009,0.0,0.0,0.0,0,0,0,0,0.0,0.0,0.0,100,0,0,0,2,2,0,0,0,0,Backdoor,1
17.477179,tcp,-,FIN,78,82,4550,72914,9.097578,2056.1672,32968.707,7,33,226.97188,215.76006,48514.375,47305.344,255,1526965573,3676871719,255,0.000737,0.000603,0.000134,58,889,0,0,1,1,0,0,0,0,Normal,0
1e-05,udp,-,INT,2,0,674,0,100000.0,269600000.0,0.0,0,0,0.01,0.0,0.0,0.0,0,0,0,0,0.0,0.0,0.0,337,0,0,0,8,1,0,0,0,0,Normal,0
0.509002,tcp,-,FIN,10,6,542,268,29.469435,7669.911,3520.615,2,1,56.55578,77.775604,2990.3813,136.86415,255,2121954593,397843496,255,0.125169,0.08287,0.042299,54,45,0,0,1,1,0,0,0,0,Fuzzers,1
1.691088,tcp,ftp,FIN,62,20,68109,1026,47.89816,317007.75,4612.4155,28,4,28.1848,84.10437,2798.113,125.48268,255,71649441,1934742209,255,0.122448,0.04349,0.078958,1099,51,0,0,1,1,0,0,0,0,Fuzzers,1
0.709482,tcp,-,FIN,12,8,1058,716,26.780102,10937.557,7069.947,3,2,61.530724,90.613,3178.5728,124.27817,255,245808168,3764215565,255,0.141065,0.075181,0.065884,88,90,0,0,1,1,0,0,0,0,Fuzzers,1
0.575568,tcp,-,FIN,22,10,17786,804,53.859837,235982.53,10063.103,8,2,26.52505,54.471554,1946.5061,88.369286,255,3932728887,907050554,255,0.150806,0.085316,0.06549,808,80,0,0,2,1,0,0,0,0,Fuzzers,1
0.645488,tcp,-,FIN,10,8,534,354,26.336662,5961.381,3842.0542,2,1,69.53978,82.91643,3941.6768,165.22511,255,415662920,2520566766,255,0.113426,0.065065,0.048361,53,44,0,0,1,1,0,0,0,0,Fuzzers,1
1.533596,tcp,-,FIN,16,18,1540,1644,21.518051,7532.6226,8101.2207,4,4,109.519714,90.17841,6590.9805,184.93492,255,3842424337,1847298682,255,0.000678,0.000555,0.000123,96,91,0,0,21,1,0,0,0,0,Normal,0
1.09356,tcp,-,FIN,16,18,1540,1644,30.17667,10563.664,11361.06,4,4,72.82927,65.87,5348.3296,134.00636,255,1204523282,1010054879,255,0.041364,0.039639,0.001725,96,91,0,0,15,1,0,0,0,0,Normal,0
0.419267,tcp,-,FIN,10,8,756,354,40.546955,12994.106,5915.085,2,1,45.659443,52.902287,3183.3196,103.820366,255,3616482710,171455718,255,0.095703,0.048942,0.046761,76,44,0,0,2,1,0,0,0,0,Fuzzers,1
0.542905,tcp,-,FIN,10,8,534,354,31.31303,7087.7964,4568.0186,2,1,60.210888,68.109,4060.6255,106.61155,255,884094874,3410317203,255,0.118584,0.066133,0.052451,53,44,0,0,3,1,0,0,0,0,Normal,0
5e-06,unas,-,INT,2,0,200,0,200000.0,160000000.0,0.0,0,0,0.005,0.0,0.0,0.0,0,0,0,0,0.0,0.0,0.0,100,0,0,0,2,2,0,0,0,0,Backdoor,1
1.942323,tcp,-,FIN,16,18,1540,1644,16.989965,5947.5176,6396.4644,4,4,129.46474,120.32575,7523.2134,219.73169,255,3124039663,1340044420,255,0.017998,0.017098,0.0009,96,91,0,0,15,1,0,0,0,0,Normal,0
26.555096,tcp,-,FIN,26,28,4552,2976,1.99585,1318.617,864.6175,7,7,1062.1913,983.50226,96218.26,2763.5303,255,3136552202,990276679,255,0.000662,0.000533,0.000129,175,106,0,0,1,1,0,0,0,0,Normal,0
0.020914,tcp,-,FIN,16,18,1540,1644,1577.8905,552357.3,594051.9,4,4,1.373933,1.203118,88.412865,2.236192,255,1674593136,3828729129,255,0.000572,0.000457,0.000115,96,91,0,0,1,1,0,0,0,0,Normal,0
9e-06,udp,-,INT,2,0,104,0,111111.11,46222220.0,0.0,0,0,0.009,0.0,0.0,0.0,0,0,0,0,0.0,0.0,0.0,52,0,0,0,1,1,0,0,0,0,Fuzzers,1
1.44838,tcp,-,FIN,12,8,3032,716,13.118104,15355.087,3463.1797,3,2,126.939186,190.85641,6774.978,282.9553,255,1881010142,3799001987,255,0.186651,0.112376,0.074275,253,90,0,0,2,2,0,0,0,0,Fuzzers,1
0.54139,tcp,-,FIN,12,8,2018,742,35.09485,27337.04,9604.906,3,2,47.212364,70.32486,2381.917,87.216934,255,1620786583,3836672007,255,0.073794,0.049107,0.024687,168,93,0,0,1,1,0,0,0,0,Fuzzers,1
0.617236,tcp,-,FIN,12,10,1250,778,34.02264,14853.313,9085.665,3,2,55.215908,60.89967,3528.2861,109.35803,255,3824320565,3835104257,255,0.095578,0.069124,0.026454,104,78,0,0,1,1,0,0,0,0,Fuzzers,1
8e-06,udp,-,INT,2,0,104,0,125000.0,52000000.0,0.0,0,0,0.008,0.0,0.0,0.0,0,0,0,0,0.0,0.0,0.0,52,0,0,0,4,1,0,0,0,0,Fuzzers,1
3.411082,tcp,-,FIN,78,80,4550,72810,46.02645,10535.073,168626.84,7,33,44.29344,43.170227,2760.109,2722.9153,255,762063622,762371671,255,0.000763,0.000625,0.000138,58,910,0,0,1,1,0,0,0,0,Normal,0
9.046863,tcp,http,FIN,8,10,1052,824,1.879104,814.42596,656.13904,2,2,1292.3256,1005.1433,107611.19,2835.2473,255,4109066880,4110190714,255,0.000709,0.000569,0.00014,132,82,1,83,5,1,0,0,1,0,Normal,0
1.1e-05,udp,-,INT,2,0,168,0,90909.09,61090908.0,0.0,0,0,0.011,0.0,0.0,0.0,0,0,0,0,0.0,0.0,0.0,84,0,0,0,1,1,0,0,0,0,Normal,0
9e-06,udp,-,INT,2,0,104,0,111111.11,46222220.0,0.0,0,0,0.009,0.0,0.0,0.0,0,0,0,0,0.0,0.0,0.0,52,0,0,0,1,1,0,0,0,0,Fuzzers,1
0.034695,tcp,-,FIN,16,18,1540,1644,951.1457,332958.66,358091.94,4,4,2.454429,2.008882,145.39265,3.697788,255,2374821971,1043261752,255,0.000656,0.000538,0.000118,96,91,0,0,11,1,0,0,0,0,Normal,0
5e-06,udp,-,INT,2,0,168,0,200000.0,134400000.0,0.0,0,0,0.005,0.0,0.0,0.0,0,0,0,0,0.0,0.0,0.0,84,0,0,0,1,1,0,0,0,0,Reconnaissance,1
0.051863,tcp,-,FIN,16,18,1540,1644,636.29175,222740.69,239554.22,4,4,3.681643,3.016765,218.73058,6.394166,255,1356922021,3088578122,255,0.000695,0.000575,0.00012,96,91,0,0,1,1,0,0,0,0,Normal,0
0.454651,tcp,-,FIN,10,6,534,268,32.99234,8463.635,3941.4849,2,1,50.516777,64.4244,2636.044,93.27429,255,1731972803,113029007,255,0.195097,0.131738,0.063359,53,45,0,0,3,2,0,0,0,0,Fuzzers,1
0.019131,tcp,http,FIN,8,10,1052,824,888.61017,385134.1,310281.75,2,2,2.684429,2.071333,177.49681,3.512919,255,3734936270,1595530592,255,0.000607,0.000486,0.000121,132,82,1,83,1,1,0,0,1,0,Normal,0
1.438395,tcp,-,FIN,78,80,4550,72810,109.14943,24983.4,399890.16,7,33,18.675571,18.200607,1078.4161,1065.6566,255,3236677443,3236955155,255,0.000664,0.000538,0.000126,58,910,0,0,1,1,0,0,0,0,Normal,0
1.21215,udp,-,CON,4,4,528,304,5.774863,2613.538,1504.7643,0,0,353.66833,309.004,500.15546,436.98703,0,0,0,0,0.0,0.0,0.0,132,76,0,0,1,1,0,0,0,0,Normal,0
0.754877,tcp,ftp,FIN,12,12,632,682,30.46854,6146.697,6634.194,3,4,68.62518,59.151638,3760.6555,94.62693,255,3886039819,2768942167,255,0.148089,0.084184,0.063905,53,57,0,0,1,1,0,0,0,0,Fuzzers,1
8e-06,unas,-,INT,2,0,200,0,125000.0,100000000.0,0.0,0,0,0.008,0.0,0.0,0.0,0,0,0,0,0.0,0.0,0.0,100,0,0,0,3,3,0,0,0,0,Backdoor,1
4e-06,unas,-,INT,2,0,200,0,250000.0,200000000.0,0.0,0,0,0.004,0.0,0.0,0.0,0,0,0,0,0.0,0.0,0.0,100,0,0,0,3,3,0,0,0,0,Analysis,1
8e-06,unas,-,INT,2,0,200,0,125000.0,100000000.0,0.0,0,0,0.008,0.0,0.0,0.0,0,0,0,0,0.0,0.0,0.0,100,0,0,0,6,6,0,0,0,0,Analysis,1
1.347022,tcp,-,FIN,10,8,564,354,12.620432,3017.0256,1841.0983,2,1,144.36623,176.82971,8531.542,262.48007,255,1618705374,2659204971,255,0.194988,0.109204,0.085784,56,44,0,0,1,1,0,0,0,0,Reconnaissance,1
0.57885,tcp,-,FIN,16,18,1540,1644,57.00959,19956.812,21463.248,4,4,38.5692,35.797688,2540.822,67.63232,255,2779133947,698557157,255,0.006965,0.006086,0.000879,96,91,0,0,10,1,0,0,0,0,Normal,0
1.482739,tcp,-,FIN,16,18,1540,1644,22.25611,7790.987,8379.088,4,4,98.77367,87.19324,6195.553,172.84306,255,3103798684,1245705873,255,0.000568,0.00045,0.000118,96,91,0,0,11,1,0,0,0,0,Normal,0
3.056254,tcp,-,FIN,10,8,564,354,5.562365,1329.7324,811.4509,2,1,339.57043,417.3387,20808.383,649.64276,255,1602077944,679102847,255,0.195397,0.134877,0.06052,56,44,0,0,1,1,0,0,0,0,Reconnaissance,1
19.349009,udp,-,INT,4,0,208,0,0.155047,64.49943,0.0,0,0,6449.67,0.0,9121.206,0.0,0,0,0,0,0.0,0.0,0.0,52,0,0,0,1,1,0,0,0,0,Fuzzers,1
1.790263,tcp,-,FIN,16,18,1540,1644,18.433044,6452.683,6939.762,4,4,119.32674,111.252686,8669.0625,185.92123,255,1981939841,988434738,255,0.011863,0.010216,0.001647,96,91,0,0,5,1,0,0,0,0,Normal,0
3e-06,unas,-,INT,2,0,200,0,333333.3,266666660.0,0.0,0,0,0.003,0.0,0.0,0.0,0,0,0,0,0.0,0.0,0.0,100,0,0,0,2,2,0,0,0,0,Backdoor,1
0.179422,tcp,http,FIN,10,6,888,268,83.60178,35670.094,9987.627,2,1,18.801443,34.297802,1004.2157,60.206635,255,4164751767,3459933746,255,0.060319,0.007924,0.052395,89,45,1,0,1,1,0,0,1,0,Reconnaissance,1
0.988955,tcp,ftp-data,FIN,14,6,8928,320,19.212198,67068.77,2159.8555,4,1,76.07346,223.38075,6363.2754,386.53564,255,617037962,3576024912,255,0.099999,0.095245,0.004754,638,53,0,0,1,1,0,0,0,0,Normal,0
26.430616,tcp,-,FIN,24,24,4448,2768,1.778241,1290.3218,803.0081,7,7,1149.1437,1149.1301,155767.36,4791.9575,255,3879003094,1788283944,255,0.00079,0.000617,0.000173,185,115,0,0,1,1,0,0,0,0,Normal,0
5e-06,pnni,-,INT,2,0,200,0,200000.0,160000000.0,0.0,0,0,0.005,0.0,0.0,0.0,0,0,0,0,0.0,0.0,0.0,100,0,0,0,1,1,0,0,0,0,Exploits,1
37.578835,tcp,-,FIN,22,24,1920,4312,1.197483,390.21967,879.857,6,6,1789.4513,1633.8314,207537.67,199563.4,255,3446481727,3446826646,255,0.000852,0.000682,0.00017,87,180,0,0,1,1,0,0,0,0,Normal,0
8e-06,unas,-,INT,2,0,200,0,125000.0,100000000.0,0.0,0,0,0.008,0.0,0.0,0.0,0,0,0,0,0.0,0.0,0.0,100,0,0,0,2,2,0,0,0,0,Analysis,1
1.994134,tcp,-,FIN,16,18,1540,1644,16.548536,5792.991,6230.2734,4,4,132.8638,132.90286,8939.928,209.31088,255,1981940809,3140144929,255,0.000724,0.000588,0.000136,96,91,0,0,6,1,0,0,0,0,Normal,0
3e-06,wsn,-,INT,2,0,200,0,333333.3,266666660.0,0.0,0,0,0.003,0.0,0.0,0.0,0,0,0,0,0.0,0.0,0.0,100,0,0,0,2,2,0,0,0,0,Backdoor,1
0.934241,tcp,-,FIN,60,14,68185,612,78.1383,574147.4,4872.4043,27,1,15.28639,66.691696,1599.5995,79.73952,255,603314501,2470224161,255,0.113437,0.067245,0.046192,1136,44,1,0,1,1,0,0,1,0,Fuzzers,1
0.675796,tcp,-,FIN,10,6,534,268,22.196049,5694.0264,2651.688,2,1,70.987,99.4808,4063.356,153.15498,255,2619611078,3580088709,255,0.270735,0.178384,0.092351,53,45,0,0,1,1,0,0,0,0,Fuzzers,1
0.003868,tcp,http,FIN,8,10,1052,824,4395.036,1904860.4,1534643.1,2,2,0.502571,0.371333,32.195015,0.65897,255,907099697,908010958,255,0.000649,0.000522,0.000127,132,82,1,83,2,1,0,0,1,0,Normal,0
9e-06,sm,-,INT,2,0,200,0,111111.11,88888890.0,0.0,0,0,0.009,0.0,0.0,0.0,0,0,0,0,0.0,0.0,0.0,100,0,0,0,1,1,0,0,0,0,Exploits,1
3e-06,unas,-,INT,2,0,200,0,333333.3,266666660.0,0.0,0,0,0.003,0.0,0.0,0.0,0,0,0,0,0.0,0.0,0.0,100,0,0,0,3,3,0,0,0,0,Analysis,1
1.39924,tcp,-,FIN,12,8,1012,726,13.5788,5305.7373,3636.2595,3,2,127.203636,185.48286,6675.4277,281.33777,255,272828409,2371921092,255,0.195779,0.10008,0.095699,84,91,0,0,2,1,0,0,0,0,Fuzzers,1
0.457149,udp,-,CON,4,4,528,304,15.312294,6929.9067,3989.9463,0,0,106.66434,109.68533,150.83978,155.11,0,0,0,0,0.0,0.0,0.0,132,76,0,0,1,1,0,0,0,0,Normal,0
30.61296,tcp,-,FIN,78,80,4550,72810,5.128547,1173.8818,18789.428,7,33,402.79755,392.4657,79156.805,78322.805,255,841933471,2987661359,255,0.000753,0.000624,0.000129,58,910,0,0,1,1,0,0,0,0,Normal,0
0.910099,tcp,-,FIN,34,10,35002,440,47.247604,298631.25,3480.94,26,0,936.8267,3182.5854,167828.33,9270.878,255,4249791950,3433063302,255,0.144251,0.06893,0.075321,1029,44,0,0,3,3,0,0,0,0,Fuzzers,1
0.712001,tcp,-,FIN,12,10,1036,812,29.49434,10674.142,8213.472,3,2,63.848637,74.27966,4789.564,120.4822,255,2269219754,2501722642,255,0.108496,0.043483,0.065013,86,81,0,0,1,1,0,0,0,0,Fuzzers,1
3e-06,udp,-,INT,2,0,104,0,333333.3,138666660.0,0.0,0,0,0.003,0.0,0.0,0.0,0,0,0,0,0.0,0.0,0.0,52,0,0,0,3,1,0,0,0,0,Fuzzers,1
3e-06,udp,-,INT,2,0,104,0,333333.3,138666660.0,0.0,0,0,0.003,0.0,0.0,0.0,0,0,0,0,0.0,0.0,0.0,52,0,0,0,3,1,0,0,0,0,Fuzzers,1
1.1e-05,udp,-,INT,2,0,104,0,90909.09,37818180.0,0.0,0,0,0.011,0.0,0.0,0.0,0,0,0,0,0.0,0.0,0.0,52,0,0,0,2,1,0,0,0,0,Fuzzers,1
0.034333,tcp,-,FIN,16,18,1540,1644,961.1743,336469.28,361867.56,4,4,2.428143,1.986412,147.34502,3.642658,255,229434587,1042638590,255,0.000669,0.000559,0.00011,96,91,0,0,11,1,0,0,0,0,Normal,0
3e-06,udp,-,INT,2,0,104,0,333333.3,138666660.0,0.0,0,0,0.003,0.0,0.0,0.0,0,0,0,0,0.0,0.0,0.0,52,0,0,0,1,1,0,0,0,0,Fuzzers,1
0.001062,udp,dns,CON,2,2,130,162,2824.8586,489642.16,610169.44,0,0,0.009,0.007,0.0,0.0,0,0,0,0,0.0,0.0,0.0,65,81,0,0,1,1,0,0,0,0,Normal,0
11.30189,tcp,http,FIN,8,10,1052,824,1.504173,651.92633,525.22186,2,2,1614.4092,1255.7051,130232.58,3466.2083,255,819487161,2965941459,255,0.000681,0.000539,0.000142,132,82,1,83,3,1,0,0,1,0,Normal,0
2.240076,tcp,-,FIN,16,18,1540,1644,14.731643,5156.968,5546.24,4,4,159.98306,130.854,9650.622,264.48016,255,3509080049,1227853431,255,0.015706,0.015555,0.000151,96,91,0,0,5,1,0,0,0,0,Normal,0
1.297935,tcp,-,FIN,10,8,1014,354,13.097728,5627.4004,1910.7274,2,1,141.49445,174.78,10179.759,245.62386,255,3716348174,1621372014,255,0.195171,0.074469,0.120702,101,44,0,0,1,1,0,0,0,0,Fuzzers,1
1.420968,tcp,-,FIN,16,18,1540,1644,23.223604,8129.669,8743.335,4,4,94.05279,79.52776,6177.5273,135.83167,255,2652361354,1076049594,255,0.136776,0.068995,0.067781,96,91,0,0,1,1,0,0,0,0,Normal,0
1.1e-05,udp,-,INT,2,0,724,0,90909.09,263272720.0,0.0,0,0,0.011,0.0,0.0,0.0,0,0,0,0,0.0,0.0,0.0,362,0,0,0,7,1,0,0,0,0,Normal,0
1.040622,tcp,-,FIN,14,8,1084,724,20.180239,7741.524,4874.0083,3,2,80.047844,144.04514,4526.811,218.1501,255,1328247256,4184436207,255,0.105357,0.031565,0.073792,77,91,0,0,1,1,0,0,0,0,Fuzzers,1
8.770799,tcp,-,FIN,24,24,2024,4312,5.358691,1769.5082,3769.7822,6,6,381.32214,381.31613,25012.584,25007.902,255,3254934201,3255206707,255,0.000648,0.00052,0.000128,84,180,0,0,3,1,0,0,0,0,Normal,0
0.019593,tcp,-,FIN,16,18,1540,1644,1684.2749,589598.3,634104.0,4,4,1.285933,1.195375,78.42675,2.197267,255,3339973883,3349410652,255,0.000586,0.000463,0.000123,96,91,0,0,6,1,0,0,0,0,Normal,0
0.635743,tcp,-,FIN,10,8,588,354,26.740364,6669.3613,3900.9473,2,1,68.16322,81.09729,4784.607,121.74029,255,2046133946,2886406162,255,0.10862,0.068053,0.040567,59,44,0,0,2,1,0,0,0,0,Fuzzers,1
9e-06,udp,-,INT,2,0,250,0,111111.11,111111100.0,0.0,0,0,0.009,0.0,0.0,0.0,0,0,0,0,0.0,0.0,0.0,125,0,0,0,8,1,0,0,0,0,Normal,0
6e-06,unas,-,INT,2,0,200,0,166666.66,133333330.0,0.0,0,0,0.006,0.0,0.0,0.0,0,0,0,0,0.0,0.0,0.0,100,0,0,0,1,1,0,0,0,0,Backdoor,1
0.177321,tcp,-,FIN,16,18,1540,1644,186.10316,65147.387,70065.02,4,4,11.7984,10.401059,706.4041,20.474606,255,1289552921,1305414230,255,0.000617,0.000502,0.000115,96,91,0,0,3,1,0,0,0,0,Normal,0
3e-06,unas,-,INT,2,0,200,0,333333.3,266666660.0,0.0,0,0,0.003,0.0,0.0,0.0,0,0,0,0,0.0,0.0,0.0,100,0,0,0,1,1,0,0,0,0,Backdoor,1
0.348008,tcp,http,FIN,10,8,858,1348,48.84945,17769.707,27125.812,2,2,38.667557,44.148285,2028.1108,64.37841,255,1463769217,1585782601,255,0.076887,0.038248,0.038639,86,169,1,275,1,1,0,0,1,0,Exploits,1
8e-06,unas,-,INT,2,0,200,0,125000.0,100000000.0,0.0,0,0,0.008,0.0,0.0,0.0,0,0,0,0,0.0,0.0,0.0,100,0,0,0,2,2,0,0,0,0,Backdoor,1
0.00111,udp,dns,CON,2,2,132,164,2702.703,475675.7,590991.0,0,0,0.009,0.007,0.0,0.0,0,0,0,0,0.0,0.0,0.0,66,82,0,0,1,1,0,0,0,0,Normal,0
0.223365,tcp,ftp-data,FIN,14,6,8928,320,85.06257,296948.94,9562.823,4,1,17.181923,44.553,1568.0177,66.76198,255,427104476,2877802928,255,0.000601,0.000463,0.000138,638,53,0,0,1,1,0,0,0,0,Normal,0
1.474306,tcp,-,FIN,10,8,564,354,11.530849,2756.5513,1682.1475,2,1,163.81178,204.93729,13649.542,362.1639,255,863087680,984044800,255,0.079521,0.03909,0.040431,56,44,0,0,1,1,0,0,0,0,Normal,0
12.807509,tcp,http,FIN,14,18,1684,10168,2.420455,976.9269,5998.9805,3,5,985.1663,753.3492,62473.73,53768.87,255,2462429134,318099173,255,0.000713,0.00057,0.000143,120,565,1,3924,2,1,0,0,1,0,Normal,0
2.744258,tcp,-,FIN,30,42,2302,34406,25.872204,6489.186,97912.08,5,15,97.99708,65.49242,6448.192,5435.197,255,506972290,983041424,255,0.05988,0.059067,0.000813,77,819,0,0,6,1,0,0,0,0,Normal,0
0.000938,udp,dns,CON,2,2,132,164,3198.2942,562899.8,699360.4,0,0,0.0,0.008,0.0,0.0,0,0,0,0,0.0,0.0,0.0,66,82,0,0,1,1,0,0,0,0,Normal,0
1.576239,tcp,-,FIN,40,42,2558,23162,51.388145,12663.055,114759.25,7,14,41.470844,39.392525,2611.231,2554.184,255,781946543,2901840901,255,0.000676,0.000535,0.000141,64,551,0,0,1,1,0,0,0,0,Normal,0
1e-05,pim,-,INT,2,0,200,0,100000.0,80000000.0,0.0,0,0,0.01,0.0,0.0,0.0,0,0,0,0,0.0,0.0,0.0,100,0,0,0,2,2,0,0,0,0,Exploits,1
8e-06,udp,-,INT,2,0,104,0,125000.0,52000000.0,0.0,0,0,0.008,0.0,0.0,0.0,0,0,0,0,0.0,0.0,0.0,52,0,0,0,2,1,0,0,0,0,Fuzzers,1
4.717783,tcp,http,FIN,8,10,1052,824,3.603387,1561.7505,1258.2181,2,2,673.8102,589.65063,50759.656,1491.4642,255,544518167,2695224337,255,0.000699,0.000574,0.000125,132,82,1,83,5,1,0,0,1,0,Normal,0
9e-06,udp,-,INT,2,0,352,0,111111.11,156444430.0,0.0,0,0,0.009,0.0,0.0,0.0,0,0,0,0,0.0,0.0,0.0,176,0,0,0,5,1,0,0,0,0,Normal,0
10.958923,tcp,-,FIN,22,26,1920,4416,4.288742,1338.0876,3100.3044,6,6,521.8332,438.33267,36253.613,33223.023,255,4094934119,4095230240,255,0.000741,0.000596,0.000145,87,170,0,0,1,1,0,0,0,0,Normal,0
0.023515,tcp,-,FIN,16,18,1540,1644,1403.3596,491260.9,528343.6,4,4,1.657,1.355882,100.92105,2.795187,255,3532491231,3536997022,255,0.000587,0.000461,0.000126,96,91,0,0,1,1,0,0,0,0,Normal,0
1.408494,tcp,-,FIN,16,18,1540,1644,23.42928,8201.668,8820.769,4,4,93.82646,87.06407,6536.7993,203.287,255,1972008396,3341425104,255,0.103383,0.102529,0.000854,96,91,0,0,13,1,0,0,0,0,Normal,0
8e-06,pvp,-,INT,2,0,200,0,125000.0,100000000.0,0.0,0,0,0.008,0.0,0.0,0.0,0,0,0,0,0.0,0.0,0.0,100,0,0,0,1,1,0,0,0,0,Backdoor,1
0.435826,tcp,-,FIN,12,8,2018,744,43.59538,33958.508,11949.723,3,2,36.161366,57.722286,1860.8976,75.75181,255,3233873726,2116696352,255,0.087036,0.031761,0.055275,168,93,0,0,1,1,0,0,0,0,Fuzzers,1
0.001034,udp,dns,CON,2,2,132,164,2901.354,510638.3,634429.44,0,0,0.009,0.002,0.0,0.0,0,0,0,0,0.0,0.0,0.0,66,82,0,0,1,1,0,0,0,0,Normal,0
0.020999,tcp,-,FIN,16,18,1540,1644,1571.5034,550121.44,591647.25,4,4,1.378333,1.208412,85.00606,2.373628,255,1074591884,1079038981,255,0.000588,0.000452,0.000136,96,91,0,0,6,1,0,0,0,0,Normal,0
3.499504,tcp,-,FIN,30,42,2302,34406,20.28859,5088.721,76781.164,5,15,120.662415,89.34759,9871.248,7384.8267,255,3252357883,1208667270,255,0.015859,0.014947,0.000912,77,819,0,0,5,1,0,0,0,0,Normal,0
8e-06,mtp,-,INT,2,0,200,0,125000.0,100000000.0,0.0,0,0,0.008,0.0,0.0,0.0,0,0,0,0,0.0,0.0,0.0,100,0,0,0,2,2,0,0,0,0,Backdoor,1
1.109115,tcp,http,FIN,10,6,1074,268,13.524296,6974.9307,1615.7026,2,1,118.43567,199.87659,6535.121,329.25565,255,602845031,3179551463,255,0.196256,0.109729,0.086527,107,45,1,0,1,1,0,0,1,0,Exploits,1
9e-06,udp,-,INT,2,0,992,0,111111.11,440888860.0,0.0,0,0,0.009,0.0,0.0,0.0,0,0,0,0,0.0,0.0,0.0,496,0,0,0,3,1,0,0,0,0,Fuzzers,1
3.527888,tcp,-,FIN,30,42,2302,34406,20.125355,5047.7793,76163.414,5,15,121.62314,88.184746,9419.542,7588.8657,255,219489108,3164797191,255,0.000607,0.000494,0.000113,77,819,0,0,17,1,0,0,0,0,Normal,0
9.29631,tcp,-,FIN,16,18,1272,2572,3.549795,1026.6438,2091.152,4,4,619.73157,544.41376,35579.844,910.471,255,977033143,1001653029,255,0.042044,0.04127,0.000774,80,143,0,0,2,1,0,0,0,0,Normal,0
0.986727,tcp,-,FIN,42,42,2662,23162,84.11648,21071.684,183321.22,7,14,24.660702,24.054243,1734.0542,48.547344,255,1826970272,1811703641,255,0.000631,0.0005,0.000131,63,551,0,0,1,1,0,0,0,0,Normal,0
0.51102,tcp,-,FIN,10,6,756,268,29.353058,10661.031,3506.712,2,1,56.78,76.072,2776.4263,117.96369,255,375783736,70111824,255,0.173908,0.088382,0.085526,76,45,0,0,1,1,0,0,0,0,Fuzzers,1
8.072535,tcp,-,FIN,40,44,2558,23266,10.281777,2472.5815,22533.691,7,14,212.42635,192.18002,15955.636,15167.149,255,958406585,542553766,255,0.001138,0.000973,0.000165,64,529,0,0,1,1,0,0,0,0,Normal,0
0.470318,tcp,-,FIN,10,8,756,354,36.14576,11583.652,5273.0283,2,1,52.257557,60.349144,3302.8975,110.40493,255,4061413745,4274693856,255,0.09737,0.047292,0.050078,76,44,0,0,3,1,0,0,0,0,Fuzzers,1
0.005913,tcp,ftp-data,FIN,8,12,424,8824,3213.2588,501944.88,10944021.0,1,4,0.790571,0.495818,46.57887,24.978846,255,4064166470,1921883652,255,0.000572,0.000455,0.000117,53,735,0,0,1,1,0,0,0,0,Normal,0
1.816583,tcp,http,FIN,8,10,1052,824,9.358229,4055.9666,3267.6733,2,2,245.21286,201.78168,20127.742,528.55396,255,2044518704,2045695605,255,0.000671,0.000544,0.000127,132,82,1,83,5,1,0,0,1,0,Normal,0
0.952181,tcp,-,FIN,12,10,1080,788,22.05463,8317.746,5965.2524,2,1,6586.1626,7901.0376,712771.1,23407.463,255,966787584,2487371307,255,0.11733,0.034241,0.083089,90,79,0,0,2,2,0,0,0,0,Fuzzers,1
5e-06,udp,-,INT,2,0,1984,0,200000.0,1587200000.0,0.0,0,0,0.005,0.0,0.0,0.0,0,0,0,0,0.0,0.0,0.0,992,0,0,0,4,2,0,0,0,0,Fuzzers,1
1.3e-05,udp,-,INT,2,0,240,0,76923.08,73846150.0,0.0,0,0,0.013,0.0,0.0,0.0,0,0,0,0,0.0,0.0,0.0,120,0,0,0,1,1,0,0,0,0,Shellcode,1
2.651012,tcp,-,FIN,16,18,1540,1644,12.448077,4357.581,4686.512,4,4,189.32079,155.69812,11550.233,277.45615,255,4102294118,1179248217,255,0.004932,0.004143,0.000789,96,91,0,0,13,2,0,0,0,0,Normal,0
0.591411,tcp,-,FIN,28,42,2198,34406,116.670135,28677.182,454330.4,5,15,25.69626,14.400171,2049.996,1018.9951,255,1356918540,3084563322,255,0.001118,0.001004,0.000114,79,819,0,0,5,1,0,0,0,0,Normal,0
1.638996,tcp,-,FIN,38,40,2438,18508,46.97998,11587.582,88083.195,7,13,45.51664,42.01354,2708.388,2593.593,255,3864872546,2877762667,255,0.000586,0.000465,0.000121,64,463,0,0,1,1,0,0,0,0,Normal,0
0.013285,tcp,-,FIN,16,18,1540,1644,2484.0046,869552.1,935190.06,4,4,0.8644,0.753294,59.123104,1.355246,255,54583645,62064948,255,0.00062,0.000476,0.000144,96,91,0,0,6,1,0,0,0,0,Normal,0
3.249403,tcp,-,FIN,30,42,2302,34406,21.850168,5480.391,82690.88,5,15,112.03566,80.95573,10812.9,10152.378,255,2832358375,1179245007,255,0.011403,0.011165,0.000238,77,819,0,0,10,1,0,0,0,0,Normal,0
0.01981,tcp,-,FIN,16,18,1540,1644,1665.8253,583139.8,627158.0,4,4,1.2964,1.137471,75.332115,2.176126,255,2919972408,2924977644,255,0.000597,0.00047,0.000127,96,91,0,0,2,1,0,0,0,0,Normal,0
2.493303,tcp,-,FIN,30,42,2302,34406,28.476282,7142.3325,107767.086,5,15,85.965,58.662926,5692.771,5348.1235,255,3103794932,1196653660,255,0.089001,0.088115,0.000886,77,819,0,0,5,1,0,0,0,0,Normal,0
9e-06,udp,-,INT,2,0,168,0,111111.11,74666664.0,0.0,0,0,0.009,0.0,0.0,0.0,0,0,0,0,0.0,0.0,0.0,84,0,0,0,1,1,0,0,0,0,Normal,0
5e-06,unas,-,INT,2,0,200,0,200000.0,160000000.0,0.0,0,0,0.005,0.0,0.0,0.0,0,0,0,0,0.0,0.0,0.0,100,0,0,0,1,1,0,0,0,0,Backdoor,1
5e-06,udp,-,INT,2,0,104,0,200000.0,83200000.0,0.0,0,0,0.005,0.0,0.0,0.0,0,0,0,0,0.0,0.0,0.0,52,0,0,0,1,1,0,0,0,0,Fuzzers,1
36.94224,tcp,http,FIN,14,18,1684,10168,0.839148,338.69086,2079.787,3,5,2841.6846,2173.038,244329.17,213816.62,255,3866485097,3863518264,255,0.000759,0.000592,0.000167,120,565,1,3924,3,1,0,0,1,0,Normal,0
9e-06,udp,-,INT,2,0,206,0,111111.11,91555550.0,0.0,0,0,0.009,0.0,0.0,0.0,0,0,0,0,0.0,0.0,0.0,103,0,0,0,10,1,0,0,0,0,Normal,0
0.023612,tcp,-,FIN,16,18,1540,1644,1397.5945,489242.75,526173.1,4,4,1.553533,1.362412,97.10767,2.653658,255,2307457133,166567407,255,0.00056,0.000447,0.000113,96,91,0,0,6,1,0,0,0,0,Normal,0
2.656967,tcp,-,FIN,16,18,1540,1644,12.420177,4347.815,4676.0083,4,4,177.10873,165.48393,11258.041,292.42307,255,1956906740,1172673380,255,0.010025,0.009221,0.000804,96,91,0,0,13,1,0,0,0,0,Normal,0
9e-06,unas,-,INT,2,0,200,0,111111.11,88888890.0,0.0,0,0,0.009,0.0,0.0,0.0,0,0,0,0,0.0,0.0,0.0,100,0,0,0,3,3,0,0,0,0,Analysis,1
32.28117,tcp,-,FIN,20,12,1176,536,0.960312,277.06555,121.928665,4,1,1690.8052,2930.6724,225493.31,8929.216,255,1102542262,262745373,255,0.078967,0.043772,0.035195,59,45,0,0,2,2,0,0,0,0,Fuzzers,1
0.018515,tcp,-,FIN,16,18,1540,1644,1782.3386,623926.56,671023.5,4,4,1.212533,1.061412,75.90631,1.981083,255,2204168373,2206910481,255,0.000589,0.000468,0.000121,96,91,0,0,6,1,0,0,0,0,Normal,0
0.697718,tcp,-,FIN,12,8,1034,726,27.23163,10869.721,7292.344,3,2,59.377815,92.96,3528.841,122.607056,255,452389230,398235444,255,0.120113,0.046989,0.073124,86,91,0,0,1,1,0,0,0,0,Fuzzers,1
8e-06,sun-nd,-,INT,2,0,200,0,125000.0,100000000.0,0.0,0,0,0.008,0.0,0.0,0.0,0,0,0,0,0.0,0.0,0.0,100,0,0,0,2,2,0,0,0,0,Backdoor,1
1.698724,tcp,-,FIN,42,42,2662,23162,48.860203,12239.775,106484.63,7,14,41.42478,41.420464,4096.327,123.013336,255,1192003116,3294702392,255,0.000604,0.000481,0.000123,63,551,0,0,1,1,0,0,0,0,Normal,0
1.078167,sctp,-,CON,4,2,728,384,4.637501,4051.3206,1424.6403,0,0,359.389,0.003,508.23938,0.0,0,0,0,0,0.0,0.0,0.0,182,192,0,0,1,1,0,0,0,0,Fuzzers,1
1.86602,tcp,-,FIN,16,18,1540,1644,17.684698,6190.7163,6658.021,4,4,124.3806,109.73635,10000.377,212.68977,255,2776558609,1107919716,255,0.000617,0.000499,0.000118,96,91,0,0,14,1,0,0,0,0,Normal,0
10.681827,tcp,ssh,FIN,62,60,5928,8114,11.327651,4368.541,5975.757,14,17,175.11191,187.38698,29154.078,29834.99,255,3521581430,1372334443,255,0.00079,0.000638,0.000152,96,135,0,0,2,1,0,0,0,0,Normal,0
1.822768,tcp,-,FIN,16,18,1540,1644,18.104334,6337.6143,6816.0073,4,4,130.17194,107.14247,8993.264,229.5319,255,424520371,1110869929,255,0.001509,0.001345,0.000164,96,91,0,0,4,1,0,0,0,0,Normal,0
1.854213,tcp,-,FIN,16,18,1540,1644,17.797308,6230.136,6700.417,4,4,132.39299,109.04018,7981.2266,218.54019,255,2424874961,3136378799,255,0.00108,0.000526,0.000554,96,91,0,0,4,1,0,0,0,0,Normal,0
0.691843,tcp,-,FIN,16,18,1540,1644,47.698685,16697.43,17957.832,4,4,46.101067,40.666294,3209.165,101.50394,255,209553446,671824878,255,0.000638,0.000507,0.000131,96,91,0,0,15,1,0,0,0,0,Normal,0
0.001098,udp,dns,CON,2,2,146,178,2732.2405,531876.1,648451.75,0,0,0.01,0.007,0.0,0.0,0,0,0,0,0.0,0.0,0.0,73,89,0,0,2,1,0,0,0,0,Normal,0
25.991,tcp,smtp,FIN,52,42,37230,3380,3.578162,11239.275,1015.73627,18,8,509.62057,649.76025,93571.266,3239.4055,255,3471519300,1323023669,255,0.000697,0.000566,0.000131,716,80,0,0,1,1,0,0,0,0,Normal,0
3e-06,compaq-peer,-,INT,2,0,200,0,333333.3,266666660.0,0.0,0,0,0.003,0.0,0.0,0.0,0,0,0,0,0.0,0.0,0.0,100,0,0,0,2,2,0,0,0,0,Exploits,1
0.247784,tcp,-,FIN,30,42,2302,34406,286.5399,71869.05,1084396.1,5,15,8.526448,6.032073,553.12177,510.62384,255,1289552135,3447935671,255,0.000585,0.000465,0.00012,77,819,0,0,3,1,0,0,0,0,Normal,0
15.620171,tcp,http,FIN,150,402,18206,584658,35.274902,9262.383,298692.78,69,194,104.71998,38.72525,4993.972,3114.4763,255,1055962278,798433594,255,0.183258,0.091341,0.091917,121,1454,1,4078,1,1,0,0,1,0,Exploits,1
1.43135,tcp,-,FIN,10,8,564,354,11.876899,2839.2776,1732.63,2,1,155.0089,190.73128,10015.566,275.316,255,2064297844,4166746144,255,0.16995,0.096222,0.073728,56,44,0,0,1,1,0,0,0,0,Reconnaissance,1
0.135786,tcp,-,FIN,16,18,1540,1644,243.02948,85075.05,91496.914,4,4,9.027867,8.432937,762.831,19.855072,255,4276557719,942055127,255,0.001025,0.000858,0.000167,96,91,0,0,3,1,0,0,0,0,Normal,0
2.303635,tcp,http,FIN,24,48,8012,43634,30.820856,26667.42,148374.2,9,21,100.11443,47.607872,5210.2676,3641.4177,255,761034601,2413096152,255,0.108077,0.066064,0.042013,334,909,1,49,1,1,0,0,1,0,Backdoor,1
0.372385,tcp,-,FIN,40,42,2558,23162,217.51682,53600.44,485755.34,7,14,9.540205,9.040952,555.4936,540.9965,255,127105405,133616737,255,0.001869,0.001701,0.000168,64,551,0,0,1,1,0,0,0,0,Normal,0
6e-06,udp,-,INT,2,0,104,0,166666.66,69333330.0,0.0,0,0,0.006,0.0,0.0,0.0,0,0,0,0,0.0,0.0,0.0,52,0,0,0,1,1,0,0,0,0,Fuzzers,1
0.707468,tcp,-,FIN,10,8,564,354,24.029356,5744.4297,3505.459,2,1,78.60756,99.727,5463.4243,138.14354,255,477137865,4040016766,255,0.062698,0.008835,0.053863,56,44,0,0,1,1,0,0,0,0,Normal,0
9e-06,unas,-,INT,2,0,200,0,111111.11,88888890.0,0.0,0,0,0.009,0.0,0.0,0.0,0,0,0,0,0.0,0.0,0.0,100,0,0,0,2,2,0,0,0,0,Analysis,1
1.116145,tcp,-,FIN,10,8,534,354,15.230996,3447.5808,2221.9336,2,1,119.97289,144.81342,6802.6187,224.80893,255,1092847773,2759559382,255,0.186795,0.102442,0.084353,53,44,0,0,1,1,0,0,0,0,Fuzzers,1
0.497429,udp,-,CON,4,4,568,312,14.07236,6851.229,3763.351,0,0,145.68767,141.34868,206.03064,199.89084,0,0,0,0,0.0,0.0,0.0,142,78,0,0,1,1,0,0,0,0,Normal,0
1.993719,tcp,ftp,FIN,52,54,2934,3740,52.665398,11548.268,14730.261,11,15,40.68147,37.60666,4631.1606,122.29207,255,497037435,2643464007,255,0.000697,0.000549,0.000148,56,69,0,0,1,1,1,1,0,0,Normal,0
4e-06,udp,-,INT,2,0,104,0,250000.0,104000000.0,0.0,0,0,0.004,0.0,0.0,0.0,0,0,0,0,0.0,0.0,0.0,52,0,0,0,1,1,0,0,0,0,Fuzzers,1
1.078167,sctp,-,CON,4,2,728,384,4.637501,4051.3206,1424.6403,0,0,359.389,0.003,508.23938,0.0,0,0,0,0,0.0,0.0,0.0,182,192,0,0,1,1,0,0,0,0,Exploits,1
3.588377,tcp,-,FIN,64,66,3806,51808,35.9494,8353.638,113753.94,7,26,56.95219,55.196507,4303.48,4237.6343,255,127098884,2276984930,255,0.000738,0.000595,0.000143,59,785,0,0,1,1,0,0,0,0,Normal,0
0.030191,tcp,smtp,FIN,52,42,37358,3380,3080.3882,9708853.0,874432.75,18,8,0.59722,0.722024,35.751083,1.452141,255,3892486335,1748065190,255,0.000722,0.000584,0.000138,718,80,0,0,1,1,0,0,0,0,Normal,0
9e-06,aris,-,INT,2,0,200,0,111111.11,88888890.0,0.0,0,0,0.009,0.0,0.0,0.0,0,0,0,0,0.0,0.0,0.0,100,0,0,0,2,2,0,0,0,0,Exploits,1
6.557166,tcp,-,FIN,66,68,3910,51912,20.283154,4698.371,62403.79,7,26,100.87411,97.86016,6666.515,183.13687,255,2714933824,569808312,255,0.000987,0.00053,0.000457,59,763,0,0,1,1,0,0,0,0,Normal,0
0.020369,tcp,-,FIN,16,18,1540,1644,1620.1089,567136.3,609946.44,4,4,1.337067,1.171,82.920906,2.151021,255,2919974815,2930857377,255,0.000573,0.000457,0.000116,96,91,0,0,4,1,0,0,0,0,Normal,0
8e-06,unas,-,INT,2,0,200,0,125000.0,100000000.0,0.0,0,0,0.008,0.0,0.0,0.0,0,0,0,0,0.0,0.0,0.0,100,0,0,0,2,2,0,0,0,0,Backdoor,1
0.003081,tcp,ftp-data,FIN,6,8,320,1826,4219.409,693281.44,4149302.2,1,2,0.551,0.363857,30.809399,0.614728,255,2022074493,4180968900,255,0.000665,0.000531,0.000134,53,228,0,0,1,1,0,0,0,0,Normal,0
17.521906,tcp,-,FIN,64,66,3806,51808,7.362213,1710.7728,23296.096,7,26,278.1196,273.77002,16324.484,16444.516,255,1924515167,1924842443,255,0.000769,0.000615,0.000154,59,785,0,0,1,1,0,0,0,0,Normal,0
0.052339,tcp,-,FIN,30,42,2302,34406,1356.541,340243.4,5133762.5,5,15,1.792655,1.265049,96.432335,79.789314,255,1207102381,1210528385,255,0.000591,0.000468,0.000123,77,819,0,0,12,1,0,0,0,0,Normal,0
0.494848,tcp,-,FIN,16,18,1540,1644,66.68714,23344.541,25106.7,4,4,32.966866,29.080824,2156.5745,60.385433,255,749558053,820000983,255,0.00062,0.000468,0.000152,96,91,0,0,10,1,0,0,0,0,Normal,0
0.921025,tcp,-,FIN,10,6,534,268,16.286203,4177.954,1945.6584,2,1,98.922554,170.0702,6572.4893,298.92145,255,3206068676,1681266426,255,0.131876,0.070665,0.061211,53,45,0,0,2,1,0,0,0,0,Normal,0
8e-06,unas,-,INT,2,0,200,0,125000.0,100000000.0,0.0,0,0,0.008,0.0,0.0,0.0,0,0,0,0,0.0,0.0,0.0,100,0,0,0,4,4,0,0,0,0,Backdoor,1
0.94073,tcp,-,FIN,30,42,2302,34406,75.473305,18929.98,285625.0,5,15,32.428104,22.93166,2491.2996,2492.8936,255,2354938467,642529579,255,0.00067,0.000529,0.000141,77,819,0,0,15,1,0,0,0,0,Normal,0
5e-06,ifmp,-,INT,2,0,200,0,200000.0,160000000.0,0.0,0,0,0.005,0.0,0.0,0.0,0,0,0,0,0.0,0.0,0.0,100,0,0,0,2,2,0,0,0,0,Backdoor,1
2e-06,stp,-,INT,2,0,200,0,500000.0,400000000.0,0.0,0,0,0.002,0.0,0.0,0.0,0,0,0,0,0.0,0.0,0.0,100,0,0,0,2,2,0,0,0,0,Backdoor,1
8e-06,unas,-,INT,2,0,200,0,125000.0,100000000.0,0.0,0,0,0.008,0.0,0.0,0.0,0,0,0,0,0.0,0.0,0.0,100,0,0,0,5,5,0,0,0,0,Backdoor,1
0.540603,tcp,-,FIN,10,6,562,268,27.746796,7487.935,3314.8171,2,1,60.00733,93.5694,3194.018,143.58592,255,1250096420,313314170,255,0.110474,0.072755,0.037719,56,45,0,0,2,1,0,0,0,0,Fuzzers,1
0.509014,tcp,ftp-data,FIN,14,6,8928,320,37.32707,130306.83,4196.348,4,1,39.154922,167.336,2575.331,216.45636,255,2642427066,1247649909,255,0.006269,0.006103,0.000166,638,53,0,0,1,1,0,0,0,0,Normal,0
3e-06,unas,-,INT,2,0,200,0,333333.3,266666660.0,0.0,0,0,0.003,0.0,0.0,0.0,0,0,0,0,0.0,0.0,0.0,100,0,0,0,3,3,0,0,0,0,Backdoor,1
0.001646,udp,-,CON,4,4,528,304,4252.734,1924665.9,1108141.0,0,0,0.428333,0.185,0.598684,0.255977,0,0,0,0,0.0,0.0,0.0,132,76,0,0,1,1,0,0,0,0,Normal,0
0.104892,tcp,-,FIN,16,18,1540,1644,314.6093,110132.33,118445.64,4,4,6.9718,6.139176,434.9301,11.558147,255,1529550858,1575411504,255,0.000636,0.00052,0.000116,96,91,0,0,2,1,0,0,0,0,Normal,0
0.594195,tcp,http,FIN,10,10,792,3086,31.976034,9599.542,37401.863,2,2,66.02167,58.361,4451.2983,110.05035,255,738770101,1038968055,255,0.116514,0.052862,0.063652,79,309,1,1097,1,1,0,0,1,0,Normal,0
0.800454,tcp,-,FIN,10,8,534,354,21.237947,4807.272,3098.2417,2,1,88.93933,98.88929,4549.411,185.66629,255,2104556810,698106348,255,0.172518,0.107595,0.064923,53,44,0,0,2,1,0,0,0,0,Fuzzers,1
0.22424,tcp,ftp-data,FIN,8,12,424,8824,84.730644,13235.818,288583.66,1,4,31.98957,20.325274,2161.9783,1720.0059,255,714585837,814825759,255,0.000816,0.000657,0.000159,53,735,0,0,1,1,0,0,0,0,Normal,0
19.887928,tcp,-,FIN,16,18,1272,2572,1.659298,479.8891,977.4774,4,4,1325.8367,1242.9547,101746.8,2857.2437,255,3817386191,3817717543,255,0.000793,0.000645,0.000148,80,143,0,0,1,1,0,0,0,0,Normal,0
0.816666,tcp,-,FIN,10,8,534,354,20.816343,4711.8403,3036.737,2,1,90.62,110.63057,5621.0234,182.67305,255,2939620007,425493756,255,0.079006,0.042244,0.036762,53,44,0,0,2,1,0,0,0,0,Fuzzers,1
9e-06,udp,-,INT,2,0,104,0,111111.11,46222220.0,0.0,0,0,0.009,0.0,0.0,0.0,0,0,0,0,0.0,0.0,0.0,52,0,0,0,1,1,0,0,0,0,Fuzzers,1
0.703813,tcp,-,FIN,12,10,3042,786,29.83747,31701.602,8047.592,3,2,62.06618,70.06411,4158.3535,107.47643,255,2250498604,3309795253,255,0.129091,0.073232,0.055859,254,79,0,0,1,1,0,0,0,0,Fuzzers,1
1e-06,udp,-,INT,2,0,104,0,1000000.0,416000000.0,0.0,0,0,0.001,0.0,0.0,0.0,0,0,0,0,0.0,0.0,0.0,52,0,0,0,2,2,0,0,0,0,Fuzzers,1
2.114808,tcp,-,FIN,28,42,2198,34406,32.627075,8019.64,127054.555,5,15,81.325386,51.55266,6315.6343,4066.5356,255,3279012495,952435207,255,0.002046,0.001148,0.000898,79,819,0,0,13,1,0,0,0,0,Normal,0
10.784481,tcp,http,FIN,8,10,1052,824,1.576339,683.2039,550.42053,2,2,1540.5771,1198.2175,128825.24,3388.603,255,1059486000,3205951090,255,0.000659,0.000517,0.000142,132,82,1,83,5,1,0,0,1,0,Normal,0
0.019565,tcp,http,FIN,8,10,1052,824,868.89856,376590.88,303398.94,2,2,2.741143,2.122333,165.58417,3.064443,255,3619130921,3616474711,255,0.000576,0.00046,0.000116,132,82,1,83,2,1,0,0,1,0,Normal,0
2.5e-05,udp,-,INT,2,0,168,0,40000.0,26880000.0,0.0,0,0,0.025,0.0,0.0,0.0,0,0,0,0,0.0,0.0,0.0,84,0,0,0,1,1,0,0,0,0,Normal,0
1.041683,tcp,-,FIN,12,10,1040,802,20.159685,7326.6055,5544.873,3,2,90.82391,107.40211,5501.3394,179.17354,255,2712353116,1786043715,255,0.214206,0.075058,0.139148,87,80,0,0,1,1,0,0,0,0,Fuzzers,1
2.453791,tcp,http,FIN,8,10,1052,824,6.928056,3002.701,2419.114,2,2,350.11215,272.57944,28665.695,763.25525,255,3774099353,1625594406,255,0.000715,0.000572,0.000143,132,82,1,83,8,1,0,0,1,0,Normal,0
0.014135,tcp,http,FIN,8,10,1052,824,1202.6884,521259.28,419950.47,2,2,1.837714,1.70025,117.104546,3.659523,255,3799131157,1654604134,255,0.000661,0.000532,0.000129,132,82,1,83,1,1,0,0,1,0,Normal,0
0.566085,tcp,http,FIN,10,14,800,10998,40.629944,10175.15,144331.69,2,5,62.898335,37.513924,3406.772,2649.7227,255,1087783878,4260684224,255,0.153991,0.077736,0.076255,80,786,1,4971,1,1,0,0,1,0,Exploits,1
33.607136,tcp,http,FIN,14,18,1684,10168,0.922423,372.30188,2286.1812,3,5,2585.1372,1976.8605,266476.12,233038.42,255,3214807334,3220177318,255,0.000641,0.000503,0.000138,120,565,1,3924,2,1,0,0,1,0,Normal,0
1.035791,tcp,http,FIN,10,12,792,3920,20.27436,5506.9023,27758.494,2,3,115.00189,86.64263,6638.8555,5967.1216,255,1988824359,635350213,255,0.154239,0.082713,0.071526,79,327,1,1468,1,1,0,0,1,0,Exploits,1
0.336271,tcp,-,FIN,16,18,1540,1644,98.13514,34353.246,36946.395,4,4,22.395735,19.714588,1564.7343,55.71831,255,2269909128,3152709992,255,0.00124,0.001121,0.000119,96,91,0,0,11,1,0,0,0,0,Normal,0
0.209777,tcp,http,FIN,10,6,908,268,71.5045,31195.031,8542.404,2,1,22.162443,39.813602,1122.7501,64.43594,255,4085292068,3058443836,255,0.055894,0.010708,0.045186,91,45,1,0,1,1,0,0,1,0,Fuzzers,1
2.068251,tcp,-,FIN,16,18,1540,1644,15.955511,5585.396,6007.0083,4,4,137.86227,129.23476,9307.689,219.51768,255,4127328256,991161256,255,0.000752,0.000492,0.00026,96,91,0,0,6,1,0,0,0,0,Normal,0
0.020926,tcp,-,FIN,16,18,1540,1644,1576.9855,552040.5,593711.2,4,4,1.374933,1.203353,86.34191,2.289817,255,1674592250,1678611099,255,0.000589,0.000465,0.000124,96,91,0,0,5,1,0,0,0,0,Normal,0
0.630103,tcp,-,FIN,12,8,998,766,30.153801,11617.148,8519.242,3,2,57.28209,78.99671,2838.5105,110.15426,255,2743648117,2370595206,255,0.143134,0.076456,0.066678,83,96,0,0,2,1,0,0,0,0,Fuzzers,1
8e-06,pgm,-,INT,2,0,200,0,125000.0,100000000.0,0.0,0,0,0.008,0.0,0.0,0.0,0,0,0,0,0.0,0.0,0.0,100,0,0,0,3,3,0,0,0,0,Backdoor,1
0.742014,tcp,-,FIN,12,8,1066,744,25.605986,10544.275,7018.7354,3,2,65.410545,88.264,3299.0244,115.30153,255,1471631974,159581924,255,0.164863,0.124163,0.0407,89,93,0,0,1,1,0,0,0,0,Fuzzers,1
3.12101,tcp,-,FIN,16,18,1540,1644,10.5735,3701.3657,3980.7625,4,4,222.7987,183.56187,13271.75,370.8111,255,1492007926,1163955365,255,0.000574,0.000456,0.000118,96,91,0,0,6,1,0,0,0,0,Normal,0
0.531356,tcp,-,FIN,12,8,3042,712,35.757572,41990.684,9379.776,3,2,44.957546,66.41857,2297.5981,78.61337,255,1419689646,4190420096,255,0.133821,0.066416,0.067405,254,89,0,0,1,1,0,0,0,0,Fuzzers,1
1.315218,tcp,-,FIN,10,8,564,354,12.925614,3089.9822,1885.619,2,1,146.01645,175.53642,8262.8125,274.3971,255,750537562,1458686663,255,0.224334,0.086462,0.137872,56,44,0,0,1,1,0,0,0,0,Reconnaissance,1
0.550287,tcp,-,FIN,60,14,68201,612,132.65805,974982.1,8272.047,27,1,9.143526,38.526077,1045.4314,59.377327,255,4063163657,4276755512,255,0.07203,0.049446,0.022584,1137,44,1,0,2,1,0,0,1,0,Fuzzers,1
6e-06,uti,-,INT,2,0,200,0,166666.66,133333330.0,0.0,0,0,0.006,0.0,0.0,0.0,0,0,0,0,0.0,0.0,0.0,100,0,0,0,1,1,0,0,0,0,Exploits,1
1.597369,tcp,-,FIN,16,18,1540,1644,20.658972,7231.892,7777.79,4,4,114.0735,98.88393,7599.6636,190.05026,255,1359494193,3471019577,255,0.115026,0.114109,0.000917,96,91,0,0,11,1,0,0,0,0,Normal,0
2.888513,ospf,-,INT,82,0,5248,0,28.042109,14357.56,0.0,0,0,35.660656,0.0,38.80402,0.0,0,0,0,0,0.0,0.0,0.0,64,0,0,0,1,1,0,0,0,0,Fuzzers,1
4.947737,tcp,http,FIN,8,10,1052,824,3.435914,1489.1655,1199.7404,2,2,706.648,618.39386,58633.797,1627.5471,255,124519214,2271073318,255,0.000721,0.000583,0.000138,132,82,1,83,2,1,0,0,1,0,Normal,0
1.545066,tcp,-,FIN,16,18,1540,1644,21.35831,7476.703,8041.0806,4,4,102.929405,90.23624,7030.235,194.09216,255,364520793,3405621348,255,0.057007,0.011047,0.04596,96,91,0,0,13,1,0,0,0,0,Normal,0
2.656978,tcp,-,FIN,26,42,2094,34406,25.21662,6064.032,101128.43,5,15,120.7535,63.021423,6597.0234,4791.5356,255,1119487752,1029239428,255,0.137921,0.136119,0.001802,81,819,0,0,5,1,0,0,0,0,Normal,0
2.034334,udp,-,CON,4,4,568,312,3.44093,1675.2412,920.2029,0,0,664.68634,447.97064,940.007,633.52057,0,0,0,0,0.0,0.0,0.0,142,78,0,0,1,1,0,0,0,0,Normal,0
0.026844,tcp,-,FIN,16,18,1540,1644,1229.325,430338.25,462822.22,4,4,1.7694,1.550647,111.53535,2.944722,255,2069554164,2074974214,255,0.000615,0.000479,0.000136,96,91,0,0,2,1,0,0,0,0,Normal,0
0.018501,tcp,-,FIN,16,18,1540,1644,1783.6874,624398.7,671531.25,4,4,1.211867,1.127375,73.07923,2.273411,255,2204166040,59759043,255,0.000574,0.00046,0.000114,96,91,0,0,6,1,0,0,0,0,Normal,0
27.409573,tcp,-,FIN,22,24,1920,4312,1.641762,534.99554,1206.294,6,6,1370.4614,1191.6909,173234.03,161548.58,255,2884030658,734806056,255,0.000808,0.000675,0.000133,87,180,0,0,1,1,0,0,0,0,Normal,0
28.524345,tcp,-,FIN,28,30,4256,3080,1.998293,1151.0167,835.2164,7,7,1056.0259,983.5802,107654.66,3134.5598,255,3959841045,3967375409,255,0.000642,0.000513,0.000129,152,103,0,0,1,1,0,0,0,0,Normal,0
0.497825,tcp,-,FIN,8,8,364,374,30.13107,5126.2993,5270.9287,1,2,71.108574,61.04343,3878.5,77.00512,255,3828735376,3751374652,255,0.121697,0.070518,0.051179,46,47,0,0,1,1,0,0,0,0,Backdoor,1
0.589044,tcp,-,FIN,12,8,1058,754,32.255657,13173.889,8963.677,3,2,51.41209,72.75629,2675.7393,103.61802,255,3782368006,2885619845,255,0.142627,0.07974,0.062887,88,94,0,0,1,1,0,0,0,0,Fuzzers,1
0.001196,udp,dns,CON,2,2,146,178,2508.361,488294.3,595317.7,0,0,0.01,0.007,0.0,0.0,0,0,0,0,0.0,0.0,0.0,73,89,0,0,1,1,0,0,0,0,Normal,0
0.410453,tcp,-,FIN,10,6,846,268,36.54499,14851.884,4365.908,2,1,45.60589,66.8984,2318.244,118.76242,255,490887594,2655609895,255,0.132508,0.05257,0.079938,85,45,0,0,1,1,0,0,0,0,Backdoor,1
9e-06,unas,-,INT,2,0,200,0,111111.11,88888890.0,0.0,0,0,0.009,0.0,0.0,0.0,0,0,0,0,0.0,0.0,0.0,100,0,0,0,3,3,0,0,0,0,Analysis,1
0.017619,tcp,-,FIN,16,18,1540,1644,1872.9779,655655.8,705147.8,4,4,1.153533,1.072812,87.9689,2.027766,255,2816682476,2819124298,255,0.000559,0.000448,0.000111,96,91,0,0,6,1,0,0,0,0,Normal,0
0.463873,tcp,-,FIN,40,42,2558,23162,174.61676,43029.02,389951.56,7,14,11.885871,11.583675,821.50037,814.00684,255,1002066652,1760614536,255,0.000649,0.000522,0.000127,64,551,0,0,1,1,0,0,0,0,Normal,0
1.284149,tcp,-,FIN,16,18,1540,1644,25.69795,8995.841,9674.89,4,4,85.53173,75.47235,5282.124,156.5536,255,2101939765,3169500193,255,0.001911,0.00111,0.000801,96,91,0,0,10,1,0,0,0,0,Normal,0
10.591283,tcp,-,FIN,64,66,3806,51808,12.179828,2830.252,38540.375,7,26,173.62213,162.46368,10520.968,10189.814,255,3546611209,1415643780,255,0.032015,0.031135,0.00088,59,785,0,0,1,1,0,0,0,0,Normal,0
0.013087,tcp,-,FIN,16,18,1540,1644,2521.5864,882708.06,949339.06,4,4,0.8524,0.79,59.09616,1.387248,255,199616230,205717146,255,0.000554,0.000444,0.00011,96,91,0,0,6,1,0,0,0,0,Normal,0
0.043361,tcp,ftp-data,FIN,6,8,320,1862,299.8086,49260.855,300731.06,1,2,8.6084,6.127286,587.5626,14.70426,255,3559132492,3590253625,255,0.001505,0.000466,0.001039,53,233,0,0,1,1,0,0,0,0,Normal,0
0.449454,tcp,-,FIN,10,6,534,268,33.373825,8561.499,3987.0598,2,1,47.75033,75.6596,2415.8376,115.807,255,2436137549,1977154190,255,0.128381,0.071147,0.057234,53,45,0,0,2,1,0,0,0,0,Normal,0
1.660621,tcp,-,FIN,16,18,1540,1644,19.872084,6956.4336,7481.538,4,4,110.68726,93.03582,7933.857,241.36554,255,244522058,1208652422,255,0.08079,0.079009,0.001781,96,91,0,0,11,1,0,0,0,0,Normal,0
0.64367,tcp,-,FIN,10,8,756,354,26.411049,8463.964,3852.9058,2,1,68.360886,84.66914,4492.673,119.31623,255,878379714,1561336800,255,0.104035,0.050978,0.053057,76,44,0,0,2,1,0,0,0,0,Fuzzers,1
41.066822,tcp,-,FIN,20,12,1670,536,0.754867,309.15466,95.843796,4,1,2161.412,3729.1528,293071.7,11612.165,255,1399874703,1117158503,255,0.112325,0.045494,0.066831,84,45,0,0,4,3,0,0,0,0,Fuzzers,1
2.852472,tcp,-,FIN,16,18,1540,1644,11.568913,4049.8206,4355.5205,4,4,190.13873,167.76183,13076.48,353.72723,255,219490026,1015822479,255,0.000656,0.000515,0.000141,96,91,0,0,21,1,0,0,0,0,Normal,0
21.32117,tcp,http,FIN,8,10,1052,824,0.79733,345.57202,278.40872,2,2,3553.3076,2368.96,270864.4,6624.6045,255,3531518821,1383053987,255,0.00066,0.000525,0.000135,132,82,1,83,1,1,0,0,1,0,Normal,0
3.288915,tcp,-,FIN,16,18,1540,1644,10.033704,3512.4045,3777.5376,4,4,219.239,193.33347,13651.543,388.56113,255,2689907548,1241065229,255,0.003061,0.002237,0.000824,96,91,0,0,15,1,0,0,0,0,Normal,0
0.68952,tcp,-,FIN,10,8,564,354,24.654833,5893.955,3596.7048,2,1,75.44444,96.77443,5886.3687,147.17842,255,2515992005,2195042695,255,0.062694,0.012089,0.050605,56,44,0,0,1,1,0,0,0,0,Reconnaissance,1
9e-06,udp,-,INT,2,0,104,0,111111.11,46222220.0,0.0,0,0,0.009,0.0,0.0,0.0,0,0,0,0,0.0,0.0,0.0,52,0,0,0,5,1,0,0,0,0,Fuzzers,1
0.032222,tcp,ftp-data,FIN,8,12,424,8824,589.65924,92110.984,2008317.4,1,4,4.554714,3.1704,370.01346,238.94392,255,2959134012,870039193,255,0.000642,0.000515,0.000127,53,735,0,0,1,1,0,0,0,0,Normal,0
0.390183,tcp,-,FIN,10,6,2558,268,38.4435,47218.867,4592.717,2,1,41.47978,70.726,2201.5369,118.69033,255,307047675,1832579755,255,0.08662,0.036545,0.050075,256,45,0,0,1,1,0,0,0,0,Fuzzers,1
0.797497,tcp,-,FIN,36,12,35074,882,58.934395,342070.25,8115.391,15,2,22.237085,65.77163,2058.3918,111.85151,255,1758105824,3441606503,255,0.135061,0.074004,0.061057,974,74,0,0,2,1,0,0,0,0,Fuzzers,1
39.559223,tcp,-,FIN,66,66,3910,51808,3.311491,778.78174,10318.504,7,26,618.1069,618.1021,112298.03,112410.086,255,1536907325,1537275291,255,0.00083,0.000679,0.000151,59,785,0,0,1,1,0,0,0,0,Normal,0
0.68416,udp,-,CON,4,4,520,304,10.231525,4560.337,2666.043,0,0,141.99667,158.67368,200.80373,224.39067,0,0,0,0,0.0,0.0,0.0,130,76,0,0,1,1,0,0,0,0,Normal,0
3.595851,tcp,-,FIN,16,18,1540,1644,9.177244,3212.5916,3455.0933,4,4,239.70047,211.45776,18290.637,455.42114,255,661944113,1332485449,255,0.001244,0.001068,0.000176,96,91,0,0,8,1,0,0,0,0,Normal,0
1.3e-05,udp,-,INT,2,0,1150,0,76923.08,353846140.0,0.0,0,0,0.013,0.0,0.0,0.0,0,0,0,0,0.0,0.0,0.0,575,0,0,0,6,1,0,0,0,0,Normal,0
13.98829,tcp,-,FIN,64,66,3806,51808,9.221999,2142.9353,29180.98,7,26,225.56749,222.02686,48913.434,48744.57,255,99488658,2245198434,255,0.000727,0.000589,0.000138,59,785,0,0,1,1,0,0,0,0,Normal,0
28.579126,tcp,http,FIN,8,10,1052,824,0.59484,257.81055,207.70404,2,2,4082.67,3175.3901,338346.16,8947.017,255,1116903940,1118266040,255,0.000766,0.000604,0.000162,132,82,1,83,2,1,0,0,1,0,Normal,0
0.568945,tcp,-,FIN,10,6,534,268,26.364588,6763.3955,3149.6895,2,1,59.910557,92.7552,2977.4956,131.70653,255,2091538399,2966279639,255,0.189793,0.105159,0.084634,53,45,0,0,1,1,0,0,0,0,Normal,0
2.179473,tcp,-,FIN,16,18,1540,1644,15.141276,5300.3643,5700.461,4,4,167.61739,131.89456,10235.016,277.30124,255,1789423673,3176422922,255,0.070029,0.069159,0.00087,96,91,0,0,6,1,0,0,0,0,Normal,0
0.935049,tcp,-,FIN,10,8,1526,354,18.180864,11755.534,2652.2673,2,1,100.45511,124.13914,5875.6587,219.73112,255,3336621754,3089609487,255,0.111582,0.066066,0.045516,153,44,0,0,1,1,0,0,0,0,Fuzzers,1
0.4643,tcp,-,FIN,64,68,3806,51912,282.14517,64561.703,881309.5,7,26,7.364206,6.918746,442.53534,429.27933,255,439614812,2585405901,255,0.000863,0.000735,0.000128,59,763,0,0,1,1,0,0,0,0,Normal,0
0.001673,udp,-,CON,4,4,528,304,4184.1,1893604.2,1090257.0,0,0,0.428667,0.197667,0.600569,0.272472,0,0,0,0,0.0,0.0,0.0,132,76,0,0,1,1,0,0,0,0,Normal,0
1e-05,scps,-,INT,2,0,200,0,100000.0,80000000.0,0.0,0,0,0.01,0.0,0.0,0.0,0,0,0,0,0.0,0.0,0.0,100,0,0,0,2,2,0,0,0,0,Exploits,1
3.01618,tcp,-,FIN,42,42,2662,23162,27.518251,6893.488,59972.547,7,14,73.55749,73.55156,4436.3765,119.288,255,929549898,778625470,255,0.000675,0.000562,0.000113,63,551,0,0,1,1,0,0,0,0,Normal,0
3.616573,tcp,-,FIN,16,18,1540,1644,9.12466,3194.184,3435.2961,4,4,241.084,212.712,20750.758,531.58575,255,1381941291,1455580633,255,0.000586,0.000465,0.000121,96,91,0,0,17,1,0,0,0,0,Normal,0
17.284084,tcp,http,FIN,8,10,1052,824,0.983564,426.28812,343.43735,2,2,2469.105,2160.4456,204514.42,5715.267,255,1454453882,3605066652,255,0.000647,0.000517,0.00013,132,82,1,83,3,1,0,0,1,0,Normal,0
3.023246,tcp,-,FIN,16,18,1540,1644,10.91542,3821.0586,4109.49,4,4,201.52766,176.33647,12867.457,335.3054,255,2689905813,1391072056,255,0.219279,0.025523,0.193756,96,91,0,0,15,1,0,0,0,0,Normal,0
2.191199,tcp,-,FIN,24,24,2024,4312,21.449444,7082.88,15089.455,6,6,99.584595,95.24244,6428.4424,174.50818,255,3596677699,3596988474,255,0.000744,0.000614,0.00013,84,180,0,0,1,1,0,0,0,0,Normal,0
1.895129,tcp,-,FIN,16,18,1540,1644,17.413063,6095.6274,6555.7544,4,4,135.28658,116.061,8906.567,178.5634,255,626976710,1107243121,255,0.038352,0.038152,0.0002,96,91,0,0,13,1,0,0,0,0,Normal,0
8e-06,udp,-,INT,2,0,104,0,125000.0,52000000.0,0.0,0,0,0.008,0.0,0.0,0.0,0,0,0,0,0.0,0.0,0.0,52,0,0,0,4,1,0,0,0,0,Fuzzers,1
0.001061,udp,dns,CON,2,2,146,178,2827.521,550424.1,671065.0,0,0,0.009,0.007,0.0,0.0,0,0,0,0,0.0,0.0,0.0,73,89,0,0,2,1,0,0,0,0,Normal,0
1.640047,tcp,-,FIN,16,18,1540,1644,20.121374,7043.7007,7575.393,4,4,117.11922,96.44741,8194.18,175.07889,255,626974864,991282194,255,0.00058,0.000437,0.000143,96,91,0,0,14,1,0,0,0,0,Normal,0
1.1e-05,udp,-,INT,2,0,1938,0,90909.09,704727300.0,0.0,0,0,0.011,0.0,0.0,0.0,0,0,0,0,0.0,0.0,0.0,969,0,0,0,5,1,0,0,0,0,Normal,0
1.490321,tcp,smtp,FIN,24,20,4775,1856,28.852844,24569.203,9469.101,9,8,64.79657,75.26758,3283.6611,86.99098,255,3847493287,3957512630,255,0.080894,0.059272,0.021622,199,93,0,0,1,1,0,0,0,0,Exploits,1
2.14034,tcp,-,FIN,16,18,1540,1644,15.41811,5397.273,5804.685,4,4,142.66673,125.363884,8535.31,281.60486,255,3012362789,3981629411,255,0.009288,0.009145,0.000143,96,91,0,0,5,1,0,0,0,0,Normal,0
3.532338,tcp,-,FIN,16,18,1540,1644,9.342255,3270.3552,3517.2173,4,4,235.46693,235.40773,19476.484,350.20374,255,819491334,3349517268,255,0.001393,0.001221,0.000172,96,91,0,0,8,1,0,0,0,0,Normal,0
1.056951,tcp,-,FIN,10,8,574,354,16.084,3913.1423,2346.3716,2,1,117.33578,125.27714,6082.416,261.7632,255,4158642464,3798995790,255,0.305724,0.180003,0.125721,57,44,0,0,1,1,0,0,0,0,Fuzzers,1
1.875142,udp,-,CON,4,4,568,304,3.733051,1817.4624,972.7263,0,0,589.6697,593.6073,833.9167,839.48254,0,0,0,0,0.0,0.0,0.0,142,76,0,0,1,1,0,0,0,0,Normal,0
59.405674,ospf,-,REQ,70,0,19040,0,1.161505,2527.4353,0.0,0,0,874.6716,0.0,1011.99115,0.0,0,0,0,0,0.0,0.0,0.0,272,0,0,0,1,1,0,0,0,0,Backdoor,1
0.056394,tcp,-,FIN,16,18,1540,1644,585.16864,204844.48,220307.12,4,4,3.7392,3.290647,260.02734,7.985131,255,2374819247,1028174897,255,0.001171,0.000449,0.000722,96,91,0,0,11,1,0,0,0,0,Normal,0
28.7034,udp,-,INT,4,0,392,0,0.104517,81.94151,0.0,0,0,9567.799,0.0,13530.906,0.0,0,0,0,0,0.0,0.0,0.0,98,0,0,0,1,1,0,0,0,0,Fuzzers,1
9e-06,unas,-,INT,2,0,200,0,111111.11,88888890.0,0.0,0,0,0.009,0.0,0.0,0.0,0,0,0,0,0.0,0.0,0.0,100,0,0,0,4,4,0,0,0,0,Backdoor,1
8e-06,unas,-,INT,2,0,200,0,125000.0,100000000.0,0.0,0,0,0.008,0.0,0.0,0.0,0,0,0,0,0.0,0.0,0.0,100,0,0,0,3,3,0,0,0,0,Backdoor,1
0.609523,tcp,http,FIN,8,10,1052,824,27.890661,12088.141,9738.763,2,2,86.957,67.67233,6186.149,160.53152,255,209550053,276720509,255,0.001432,0.000469,0.000963,132,82,1,83,1,1,0,0,1,0,Normal,0
1.1e-05,udp,-,INT,2,0,1362,0,90909.09,495272740.0,0.0,0,0,0.011,0.0,0.0,0.0,0,0,0,0,0.0,0.0,0.0,681,0,0,0,6,1,0,0,0,0,Normal,0
0.683435,tcp,-,FIN,10,8,756,354,24.874348,7971.4966,3628.7283,2,1,72.82956,89.23829,4939.7305,124.3295,255,730658822,1747514936,255,0.110797,0.058765,0.052032,76,44,0,0,1,1,0,0,0,0,Fuzzers,1
0.783864,tcp,-,FIN,12,8,1058,722,24.238897,9899.676,6450.098,3,2,71.26036,97.69486,3487.7546,129.7576,255,1241519092,113038137,255,0.132841,0.08528,0.047561,88,90,0,0,1,1,0,0,0,0,Fuzzers,1
0.00088,udp,dns,CON,2,2,130,162,3409.0908,590909.06,736363.6,0,0,0.005,0.004,0.0,0.0,0,0,0,0,0.0,0.0,0.0,65,81,0,0,1,1,0,0,0,0,Normal,0
0.941119,tcp,ftp,FIN,14,12,798,682,26.564121,6298.885,5321.3247,4,4,70.59408,81.22927,3915.861,99.50351,255,2773215707,277107045,255,0.097599,0.047596,0.050003,57,57,0,0,1,1,1,1,0,0,Fuzzers,1
0.001167,udp,dns,CON,2,2,146,178,2570.694,500428.44,610111.4,0,0,0.01,0.007,0.0,0.0,0,0,0,0,0.0,0.0,0.0,73,89,0,0,1,1,0,0,0,0,Normal,0
0.629777,tcp,-,FIN,10,6,534,268,23.817953,6110.099,2845.4517,2,1,68.132225,114.782394,3683.2522,191.76567,255,958373708,984479785,255,0.15895,0.055856,0.103094,53,45,0,0,2,2,0,0,0,0,Fuzzers,1
2.118854,tcp,-,FIN,16,18,1540,1644,15.574456,5452.0034,5863.547,4,4,141.2348,131.04456,9544.863,231.0123,255,1217038803,3673819693,255,0.027975,0.02214,0.005835,96,91,0,0,10,1,0,0,0,0,Normal,0
19.551943,tcp,http,FIN,8,10,1052,824,0.869479,376.84235,303.60153,2,2,2792.9666,2172.3728,233197.44,6137.5195,255,2101936487,2103095525,255,0.000736,0.000578,0.000158,132,82,1,83,5,1,0,0,1,0,Normal,0
1e-05,udp,-,INT,2,0,2960,0,100000.0,1184000000.0,0.0,0,0,0.01,0.0,0.0,0.0,0,0,0,0,0.0,0.0,0.0,1480,0,0,0,1,1,0,0,0,0,Fuzzers,1
3.464111,tcp,-,FIN,16,18,1540,1644,9.526253,3334.766,3586.49,4,4,230.88768,209.7418,15451.546,340.60223,255,3954104819,1425847764,255,0.111967,0.108241,0.003726,96,91,0,0,15,1,0,0,0,0,Normal,0
5e-06,udp,-,INT,2,0,190,0,200000.0,152000000.0,0.0,0,0,0.005,0.0,0.0,0.0,0,0,0,0,0.0,0.0,0.0,95,0,0,0,2,1,0,0,0,0,Fuzzers,1
9e-06,skip,-,INT,2,0,200,0,111111.11,88888890.0,0.0,0,0,0.009,0.0,0.0,0.0,0,0,0,0,0.0,0.0,0.0,100,0,0,0,2,2,0,0,0,0,Backdoor,1
8e-06,unas,-,INT,2,0,200,0,125000.0,100000000.0,0.0,0,0,0.008,0.0,0.0,0.0,0,0,0,0,0.0,0.0,0.0,100,0,0,0,3,3,0,0,0,0,Analysis,1
0.033711,tcp,-,FIN,64,66,3806,51808,3826.644,889205.25,12108569.0,7,26,0.530111,0.509308,33.0942,31.938799,255,3185000018,1039933905,255,0.000724,0.000597,0.000127,59,785,0,0,1,1,0,0,0,0,Normal,0
0.00102,udp,dns,CON,2,2,132,164,2941.1765,517647.06,643137.25,0,0,0.009,0.007,0.0,0.0,0,0,0,0,0.0,0.0,0.0,66,82,0,0,1,1,0,0,0,0,Normal,0
0.027979,tcp,ftp,FIN,52,54,2934,3740,3752.8147,822902.9,1049644.4,11,15,0.564653,0.527615,45.808544,1.190129,255,1914583603,4060963351,255,0.000662,0.000539,0.000123,56,69,0,0,1,1,1,1,0,0,Normal,0
7.922174,tcp,http,FIN,8,10,1052,824,2.145876,930.0477,749.28925,2,2,1131.6868,880.1773,93420.88,2488.8672,255,2677389702,2682663773,255,0.000715,0.000574,0.000141,132,82,1,83,5,1,0,0,1,0,Normal,0
0.783681,tcp,-,FIN,10,8,564,354,21.692501,5185.7837,3164.553,2,1,84.66356,106.73114,6241.0684,154.20805,255,1872773568,1858125725,255,0.097318,0.036553,0.060765,56,44,0,0,1,1,0,0,0,0,Normal,0
0.779894,tcp,-,FIN,12,8,3666,354,24.362286,34476.48,3179.9194,3,1,63.671906,97.93371,4123.3384,162.21587,255,1001724051,4099987786,255,0.155445,0.094353,0.061092,306,44,0,0,1,1,0,0,0,0,Fuzzers,1
0.015454,tcp,-,FIN,16,18,1540,1644,2135.3694,747508.75,803934.25,4,4,1.008867,0.820412,64.32708,1.511605,255,3352488045,3363281803,255,0.001674,0.001502,0.000172,96,91,0,0,12,1,0,0,0,0,Normal,0
0.427029,tcp,-,FIN,10,6,756,268,35.12642,12757.915,4196.436,2,1,44.280777,67.483795,2376.2798,108.86136,255,3758819635,1081424791,255,0.146324,0.089602,0.056722,76,45,0,0,2,1,0,0,0,0,Fuzzers,1
0.998962,tcp,-,FIN,16,18,1540,1644,33.03429,11564.004,12436.91,4,4,71.331215,61.492,6368.489,234.22464,255,2356554616,3154416429,255,0.157651,0.015087,0.142564,96,91,0,0,3,1,0,0,0,0,Normal,0
46.713413,tcp,http,FIN,490,2940,21458,4044540,73.405045,3667.469,692420.4,2,1467,95.920746,15.869927,5132.033,2024.012,255,91429416,1100493780,255,0.243164,0.090504,0.15266,44,1376,1,0,1,1,0,0,1,0,Exploits,1
3.676099,tcp,-,FIN,16,18,1540,1644,8.976907,3142.4617,3379.6694,4,4,245.03294,226.68275,19752.11,538.36224,255,3531523986,3636022698,255,0.088969,0.049166,0.039803,96,91,0,0,17,1,0,0,0,0,Normal,0
2.37968,tcp,-,FIN,30,42,2302,34406,29.835945,7483.3594,112912.664,5,15,88.1237,59.228523,158.16151,5832.0283,255,4264043571,1009035631,255,0.153976,0.010539,0.143437,77,819,0,0,13,1,0,0,0,0,Normal,0
0.603435,tcp,-,FIN,10,6,534,268,24.85769,6376.826,2969.6655,1,0,8329.111,13874.736,826841.75,30788.135,255,1006784406,1832017796,255,0.129243,0.059335,0.069908,53,45,0,0,2,2,0,0,0,0,Fuzzers,1
8e-06,unas,-,INT,2,0,200,0,125000.0,100000000.0,0.0,0,0,0.008,0.0,0.0,0.0,0,0,0,0,0.0,0.0,0.0,100,0,0,0,2,2,0,0,0,0,Analysis,1
0.604703,tcp,-,FIN,16,18,1540,1644,54.572243,19103.592,20545.623,4,4,40.292732,30.026766,2892.1296,116.95665,255,206971014,3439228458,255,0.261932,0.09424,0.167692,96,91,0,0,4,1,0,0,0,0,Normal,0
2.888513,ospf,-,INT,82,0,5248,0,28.042109,14357.56,0.0,0,0,35.660656,0.0,38.80402,0.0,0,0,0,0,0.0,0.0,0.0,64,0,0,0,1,1,0,0,0,0,Analysis,1
0.452067,tcp,-,FIN,16,18,1540,1644,72.99803,25553.734,27482.652,4,4,30.060865,28.188437,2452.778,99.05229,255,649426091,1194844318,255,0.001907,0.00105,0.000857,96,91,0,0,14,1,0,0,0,0,Normal,0
9e-06,ipx-n-ip,-,INT,2,0,200,0,111111.11,88888890.0,0.0,0,0,0.009,0.0,0.0,0.0,0,0,0,0,0.0,0.0,0.0,100,0,0,0,3,3,0,0,0,0,Backdoor,1
2.082394,tcp,-,FIN,16,18,1540,1644,15.847146,5547.4614,5966.2104,4,4,138.80386,126.39106,8776.81,272.49783,255,364522620,3133228871,255,0.061069,0.060136,0.000933,96,91,0,0,13,1,0,0,0,0,Normal,0
13.135003,tcp,http,FIN,8,10,1052,824,1.294252,560.9439,451.92224,2,2,1876.317,1459.3844,156518.11,4121.4326,255,3792357066,1648039377,255,0.000682,0.000538,0.000144,132,82,1,83,8,1,0,0,1,0,Normal,0
2.92156,tcp,-,FIN,30,42,2302,34406,24.302086,6095.3735,91970.04,5,15,100.73283,71.23134,8024.084,7232.225,255,2329907288,1117163177,255,0.00195,0.001074,0.000876,77,819,0,0,21,1,0,0,0,0,Normal,0
0.374003,tcp,-,FIN,10,6,588,268,40.106632,11336.808,4791.4053,2,1,41.55589,62.1462,2002.6741,84.0829,255,3920848216,805313707,255,0.083708,0.062112,0.021596,59,45,0,0,2,1,0,0,0,0,Fuzzers,1
1.529894,tcp,-,FIN,16,18,1540,1644,21.570122,7550.85,8120.824,4,4,101.9192,87.645,6768.078,173.88055,255,1959487279,1010057181,255,0.040749,0.039928,0.000821,96,91,0,0,5,1,0,0,0,0,Normal,0
1.1e-05,udp,-,INT,2,0,942,0,90909.09,342545440.0,0.0,0,0,0.011,0.0,0.0,0.0,0,0,0,0,0.0,0.0,0.0,471,0,0,0,8,1,0,0,0,0,Normal,0
9e-06,udp,-,INT,2,0,332,0,111111.11,147555550.0,0.0,0,0,0.009,0.0,0.0,0.0,0,0,0,0,0.0,0.0,0.0,166,0,0,0,1,1,0,0,0,0,Normal,0
0.592133,udp,-,CON,4,4,568,304,11.821669,5755.464,3080.3892,0,0,168.02367,144.922,237.61073,204.94643,0,0,0,0,0.0,0.0,0.0,142,76,0,0,2,1,0,0,0,0,Normal,0
0.484749,tcp,-,FIN,12,8,998,706,39.19554,15100.599,10199.093,3,2,44.06809,60.415283,2119.735,81.23334,255,354204084,4198907062,255,0.124509,0.061055,0.063454,83,88,0,0,2,1,0,0,0,0,Fuzzers,1
1.430365,tcp,-,FIN,16,18,1540,1644,23.071035,8076.2603,8685.8955,4,4,95.33507,84.07076,6513.999,188.3928,255,1609425985,1119234352,255,0.00195,0.001161,0.000789,96,91,0,0,14,1,0,0,0,0,Normal,0
0.684129,tcp,http,FIN,10,8,788,2088,24.849115,8302.527,21364.393,2,2,76.014336,86.206,3837.072,141.54451,255,3150980577,1598594409,255,0.149761,0.079946,0.069815,79,261,1,638,1,1,0,0,1,0,Exploits,1
0.199274,tcp,-,FIN,10,6,610,268,75.27324,22040.004,8992.644,2,1,20.981443,36.7814,1288.6066,62.24336,255,2493595316,3424460037,255,0.026876,0.015364,0.011512,61,45,0,0,1,1,0,0,0,0,Shellcode,1
1.93347,tcp,-,FIN,10,8,564,354,8.792482,2101.9204,1282.668,2,1,214.73067,260.2087,13095.631,386.39758,255,474446846,1608724119,255,0.253951,0.112,0.141951,56,44,0,0,1,1,0,0,0,0,Reconnaissance,1
12.33295,tcp,http,FIN,8,10,1052,824,1.378421,597.424,481.31226,2,2,1761.7408,1370.2675,146885.19,3867.564,255,4276551658,4277632763,255,0.000678,0.000531,0.000147,132,82,1,83,2,1,0,0,1,0,Normal,0
3e-06,udp,-,INT,2,0,190,0,333333.3,253333330.0,0.0,0,0,0.003,0.0,0.0,0.0,0,0,0,0,0.0,0.0,0.0,95,0,0,0,2,1,0,0,0,0,Fuzzers,1
8e-06,unas,-,INT,2,0,200,0,125000.0,100000000.0,0.0,0,0,0.008,0.0,0.0,0.0,0,0,0,0,0.0,0.0,0.0,100,0,0,0,5,5,0,0,0,0,Backdoor,1
0.001123,udp,dns,CON,2,2,132,164,2671.4158,470169.16,584149.56,0,0,0.009,0.007,0.0,0.0,0,0,0,0,0.0,0.0,0.0,66,82,0,0,1,1,0,0,0,0,Normal,0
9e-06,udp,-,INT,2,0,104,0,111111.11,46222220.0,0.0,0,0,0.009,0.0,0.0,0.0,0,0,0,0,0.0,0.0,0.0,52,0,0,0,4,1,0,0,0,0,Fuzzers,1
3e-06,compaq-peer,-,INT,2,0,200,0,333333.3,266666660.0,0.0,0,0,0.003,0.0,0.0,0.0,0,0,0,0,0.0,0.0,0.0,100,0,0,0,2,2,0,0,0,0,Exploits,1
2.26189,tcp,-,FIN,16,18,1540,1644,14.589569,5107.2334,5492.752,4,4,150.77141,132.98529,10570.268,312.60883,255,2956554777,3162024605,255,0.001941,0.001139,0.000802,96,91,0,0,9,1,0,0,0,0,Normal,0
0.911283,tcp,-,FIN,16,18,1540,1644,36.21268,12676.633,13633.525,4,4,60.2664,53.362766,4295.0903,96.88242,255,3264873345,3398453244,255,0.004989,0.004115,0.000874,96,91,0,0,13,1,0,0,0,0,Normal,0
1e-05,scps,-,INT,2,0,200,0,100000.0,80000000.0,0.0,0,0,0.01,0.0,0.0,0.0,0,0,0,0,0.0,0.0,0.0,100,0,0,0,2,2,0,0,0,0,DoS,1
0.018726,tcp,-,FIN,16,18,1540,1644,1762.2556,616896.25,663462.56,4,4,1.2266,1.140813,74.693085,2.285301,255,3489200899,1344588501,255,0.000593,0.00047,0.000123,96,91,0,0,6,1,0,0,0,0,Normal,0
9e-06,unas,-,INT,2,0,200,0,111111.11,88888890.0,0.0,0,0,0.009,0.0,0.0,0.0,0,0,0,0,0.0,0.0,0.0,100,0,0,0,3,3,0,0,0,0,Analysis,1
8e-06,unas,-,INT,2,0,200,0,125000.0,100000000.0,0.0,0,0,0.008,0.0,0.0,0.0,0,0,0,0,0.0,0.0,0.0,100,0,0,0,4,4,0,0,0,0,Backdoor,1
1.379043,tcp,-,FIN,16,18,1540,1644,23.929638,8376.824,9009.146,4,4,91.91013,79.30582,6219.755,157.65952,255,926976487,3279049701,255,0.036648,0.030843,0.005805,96,91,0,0,14,1,0,0,0,0,Normal,0
0.638471,tcp,-,FIN,10,8,564,354,26.62611,6365.207,3884.2798,2,1,70.43878,90.27386,5575.167,140.16142,255,3420231072,4060011150,255,0.052158,0.006546,0.045612,56,44,0,0,1,1,0,0,0,0,Reconnaissance,1
0.021029,tcp,-,FIN,16,18,1540,1644,1569.2616,549336.6,590803.2,4,4,1.3814,1.194177,83.001625,2.350506,255,319621896,325598658,255,0.000891,0.000719,0.000172,96,91,0,0,3,1,0,0,0,0,Normal,0
0.765948,tcp,ftp,FIN,14,12,750,682,32.639294,7279.8677,6538.3027,4,4,58.90577,64.38736,3026.567,78.34903,255,177151243,1059375229,255,0.111537,0.057679,0.053858,54,57,0,0,1,1,1,1,0,0,Fuzzers,1
8e-06,udp,-,INT,2,0,104,0,125000.0,52000000.0,0.0,0,0,0.008,0.0,0.0,0.0,0,0,0,0,0.0,0.0,0.0,52,0,0,0,7,1,0,0,0,0,Fuzzers,1
0.868413,tcp,-,FIN,10,8,534,354,19.57594,4431.072,2855.7842,2,1,96.49033,110.873856,6159.1787,147.70071,255,3626282909,794414015,255,0.117453,0.091537,0.025916,53,44,0,0,3,2,0,0,0,0,Fuzzers,1
0.000964,udp,dns,CON,2,2,132,164,3112.0332,547717.8,680497.94,0,0,0.009,0.005,0.0,0.0,0,0,0,0,0.0,0.0,0.0,66,82,0,0,1,1,0,0,0,0,Normal,0
3e-06,unas,-,INT,2,0,200,0,333333.3,266666660.0,0.0,0,0,0.003,0.0,0.0,0.0,0,0,0,0,0.0,0.0,0.0,100,0,0,0,3,3,0,0,0,0,Backdoor,1
0.731259,tcp,-,FIN,10,6,774,268,20.512568,7625.2056,2450.568,2,1,78.829445,132.7146,4738.4023,231.73969,255,3814814049,609358649,255,0.13825,0.067685,0.070565,77,45,0,0,1,1,0,0,0,0,Fuzzers,1
0.022551,tcp,-,FIN,16,18,1540,1644,1463.3497,512261.1,550929.0,4,4,1.483,1.299412,93.8288,2.758136,255,667105387,672697079,255,0.000572,0.000458,0.000114,96,91,0,0,6,1,0,0,0,0,Normal,0
1.53539,tcp,-,FIN,28,42,2198,34406,44.93972,11046.054,175001.78,5,15,56.85152,37.42254,4486.9224,2969.8745,255,1024520534,1166324201,255,0.001935,0.001065,0.00087,79,819,0,0,5,1,0,0,0,0,Normal,0
0.946291,tcp,-,FIN,10,6,534,268,15.85136,4066.4023,1893.7092,2,1,102.09267,171.98941,5597.182,289.72058,255,1001059075,4035278424,255,0.167056,0.086335,0.080721,53,45,0,0,1,1,0,0,0,0,Fuzzers,1
1.5e-05,udp,-,INT,2,0,168,0,66666.67,44800000.0,0.0,0,0,0.015,0.0,0.0,0.0,0,0,0,0,0.0,0.0,0.0,84,0,0,0,1,1,0,0,0,0,Normal,0
4e-06,unas,-,INT,2,0,200,0,250000.0,200000000.0,0.0,0,0,0.004,0.0,0.0,0.0,0,0,0,0,0.0,0.0,0.0,100,0,0,0,3,3,0,0,0,0,Backdoor,1
0.070694,tcp,ftp-data,FIN,6,8,320,1826,183.89114,30214.729,180835.72,1,2,14.0654,10.032571,986.1075,15.939722,255,2959133127,2971397277,255,0.00058,0.000461,0.000119,53,228,0,0,1,1,0,0,0,0,Normal,0
9e-06,ifmp,-,INT,2,0,200,0,111111.11,88888890.0,0.0,0,0,0.009,0.0,0.0,0.0,0,0,0,0,0.0,0.0,0.0,100,0,0,0,1,1,0,0,0,0,DoS,1
3e-06,udp,-,INT,2,0,168,0,333333.3,224000000.0,0.0,0,0,0.003,0.0,0.0,0.0,0,0,0,0,0.0,0.0,0.0,84,0,0,0,1,1,0,0,0,0,Reconnaissance,1
3.680405,tcp,-,FIN,16,18,1540,1644,8.966405,3138.7852,3375.7156,4,4,245.33894,215.55412,18217.947,401.57626,255,3444872265,1238040386,255,0.016818,0.015982,0.000836,96,91,0,0,9,1,0,0,0,0,Normal,0
2.740653,tcp,-,FIN,38,40,2438,18508,28.095493,6929.7354,52676.496,7,13,74.06313,70.25918,5081.9023,4933.911,255,326968932,1521514193,255,0.000666,0.000541,0.000125,64,463,0,0,1,1,0,0,0,0,Normal,0
0.500913,tcp,-,FIN,12,10,1614,804,41.923447,23636.838,11562.886,3,2,45.537544,52.031776,3145.6184,101.41247,255,3604173863,3322969265,255,0.078354,0.031981,0.046373,135,80,0,0,1,1,0,0,0,0,Fuzzers,1
0.462496,tcp,-,FIN,10,6,562,268,32.432713,8752.508,3874.628,2,1,49.584778,73.791,2640.181,128.26656,255,1253739970,4260228448,255,0.142918,0.093538,0.04938,56,45,0,0,2,1,0,0,0,0,Fuzzers,1
1.007031,tcp,http,FIN,60,14,68195,612,72.490326,532726.44,4520.2188,27,1,14.902949,71.53377,1504.9202,83.16527,255,3921209846,3933383815,255,0.111073,0.077087,0.033986,1137,44,1,0,1,1,0,0,1,0,Fuzzers,1
7.157289,tcp,http,FIN,12,18,1580,10168,4.051813,1619.6077,10734.791,3,5,650.6286,420.83423,43355.95,34565.4,255,329550898,2680741680,255,0.003238,0.003104,0.000134,132,565,1,3924,2,1,0,0,1,0,Normal,0
0.659893,tcp,-,FIN,12,10,1258,798,31.823341,13990.147,8716.565,3,2,59.990273,66.928665,3980.8794,99.87865,255,3832036892,2622589443,255,0.098481,0.056843,0.041638,105,80,0,0,1,1,0,0,0,0,Fuzzers,1
4.116069,tcp,-,FIN,80,80,4654,72810,38.629093,8932.795,139744.98,7,33,52.76451,52.094315,3805.8105,107.66274,255,882064572,882366273,255,0.00075,0.000609,0.000141,58,910,0,0,1,1,0,0,0,0,Normal,0
4.731851,tcp,-,FIN,40,150,1956,186028,39.942085,3225.7988,312415.6,6,73,121.32951,30.308523,6548.6934,3144.4255,255,744874329,330980661,255,0.322984,0.215426,0.107558,49,1240,0,0,1,1,0,0,0,0,Exploits,1
7.000621,tcp,smtp,FIN,52,42,37358,3380,13.284536,41870.57,3771.094,18,8,137.26033,170.73349,12100.66,388.43018,255,4134100594,1985619448,255,0.000663,0.000544,0.000119,718,80,0,0,1,1,0,0,0,0,Normal,0
0.019951,tcp,-,FIN,16,18,1540,1644,1654.0524,579018.56,622725.6,4,4,1.308867,1.217812,82.515015,2.214173,255,3644168609,3645441502,255,0.000591,0.00046,0.000131,96,91,0,0,6,1,0,0,0,0,Normal,0
8e-06,unas,-,INT,2,0,200,0,125000.0,100000000.0,0.0,0,0,0.008,0.0,0.0,0.0,0,0,0,0,0.0,0.0,0.0,100,0,0,0,3,3,0,0,0,0,Backdoor,1
29.428701,tcp,-,FIN,66,66,3910,51808,4.451437,1046.8691,13870.541,7,26,452.74402,452.73917,95929.63,3000.0298,255,1489417639,1489754998,255,0.000803,0.000649,0.000154,59,785,0,0,1,1,0,0,0,0,Normal,0
0.54327,tcp,-,FIN,10,6,756,268,27.61058,10028.163,3298.544,2,1,56.854443,92.027794,3017.7317,147.6328,255,2646729391,854331780,255,0.162224,0.083124,0.0791,76,45,0,0,2,1,0,0,0,0,Fuzzers,1
0.709962,tcp,-,FIN,10,8,756,354,23.944942,7673.65,3493.1445,2,1,72.92589,94.71814,4871.651,153.10944,255,1936172150,997831261,255,0.119303,0.046927,0.072376,76,44,0,0,2,1,0,0,0,0,Fuzzers,1
15.625852,tcp,-,FIN,22,24,1920,4312,2.879843,938.4448,2115.9807,6,6,744.0706,679.2024,69599.32,66483.555,255,1517033026,1519454427,255,0.154031,0.004192,0.149839,87,180,0,0,4,1,0,0,0,0,Normal,0
9e-06,udp,-,INT,2,0,104,0,111111.11,46222220.0,0.0,0,0,0.009,0.0,0.0,0.0,0,0,0,0,0.0,0.0,0.0,52,0,0,0,2,1,0,0,0,0,Fuzzers,1
3e-06,unas,-,INT,2,0,200,0,333333.3,266666660.0,0.0,0,0,0.003,0.0,0.0,0.0,0,0,0,0,0.0,0.0,0.0,100,0,0,0,6,6,0,0,0,0,Backdoor,1
1.28194,tcp,http,FIN,10,8,1022,354,13.261151,5741.2983,1934.568,2,1,142.347,169.44772,7976.7236,293.32867,255,3626906084,22058866,255,0.226978,0.095804,0.131174,102,44,1,0,1,1,0,0,1,0,Reconnaissance,1
0.046092,tcp,-,FIN,30,42,2302,34406,1540.3975,386357.72,5829558.5,5,15,1.634893,1.112317,91.11824,68.72356,255,1494584700,1497920171,255,0.000607,0.000484,0.000123,77,819,0,0,6,1,0,0,0,0,Normal,0
0.00236,udp,dns,CON,2,2,130,162,1271.1864,220338.98,274576.28,0,0,0.009,0.003,0.0,0.0,0,0,0,0,0.0,0.0,0.0,65,81,0,0,1,1,0,0,0,0,Normal,0
4e-05,swipe,-,INT,1,0,60,0,0.0,0.0,0.0,0,0,0.0,0.0,0.0,0.0,0,0,0,0,0.0,0.0,0.0,60,0,0,0,3,3,0,0,0,0,Reconnaissance,1
0.076734,tcp,-,FIN,16,18,1540,1644,430.0571,150546.05,161909.98,4,4,5.094333,4.485706,314.8887,7.845301,255,3619135083,3636767818,255,0.000586,0.000471,0.000115,96,91,0,0,17,1,0,0,0,0,Normal,0
5e-06,udp,-,INT,2,0,168,0,200000.0,134400000.0,0.0,0,0,0.005,0.0,0.0,0.0,0,0,0,0,0.0,0.0,0.0,84,0,0,0,1,1,0,0,0,0,Reconnaissance,1
3.733983,tcp,http,FIN,8,10,1052,824,4.552779,1973.228,1589.7234,2,2,533.1089,414.82388,40879.613,1123.4238,255,3174099288,3170982228,255,0.000715,0.000564,0.000151,132,82,1,83,2,1,0,0,1,0,Normal,0
32.7182,tcp,http,FIN,12,18,1580,10168,0.886357,354.29822,2348.2954,3,5,2974.3489,1924.5676,229096.2,182546.11,255,2447323940,303080644,255,0.000696,0.000543,0.000153,132,565,1,3924,2,1,0,0,1,0,Normal,0
1.609902,tcp,-,FIN,16,18,1540,1644,20.498142,7175.592,7717.2397,4,4,107.303406,99.5685,7069.165,183.43803,255,532006436,1001658950,255,0.018472,0.016803,0.001669,96,91,0,0,6,1,0,0,0,0,Normal,0
12.531057,tcp,-,FIN,80,80,4654,72810,12.688474,2934.15,45901.953,7,33,160.65056,160.64624,25381.348,787.3557,255,3217385312,3217725476,255,0.000792,0.000642,0.00015,58,910,0,0,1,1,0,0,0,0,Normal,0
0.020997,tcp,-,FIN,16,18,1540,1644,1571.6531,550173.8,591703.56,4,4,1.379,1.283375,85.73636,2.418452,255,1074592884,1079600143,255,0.000618,0.000462,0.000156,96,91,0,0,6,1,0,0,0,0,Normal,0
18.724417,tcp,-,FIN,80,80,4654,72810,8.491586,1963.6393,30719.248,7,33,237.01392,237.0101,31387.719,965.1038,255,2321579435,172316279,255,0.000759,0.00061,0.000149,58,910,0,0,1,1,0,0,0,0,Normal,0
0.024553,tcp,-,FIN,16,18,1540,1644,1344.0312,470492.38,506007.4,4,4,1.615133,1.417177,104.86864,2.677825,255,3584167655,3588738174,255,0.000582,0.00046,0.000122,96,91,0,0,6,1,0,0,0,0,Normal,0
36.64182,tcp,-,FIN,22,26,1920,4416,1.282687,400.1985,927.2465,6,6,1832.0725,1465.6465,201199.69,179966.31,255,3651514608,1502272758,255,0.000798,0.000643,0.000155,87,170,0,0,4,1,0,0,0,0,Normal,0
0.603104,tcp,-,FIN,10,6,756,268,24.871332,9033.268,2971.2952,2,1,63.265,102.34,3378.9753,159.63297,255,1560504988,1250924368,255,0.233888,0.091395,0.142493,76,45,0,0,1,1,0,0,0,0,Fuzzers,1
3e-06,udp,-,INT,2,0,104,0,333333.3,138666660.0,0.0,0,0,0.003,0.0,0.0,0.0,0,0,0,0,0.0,0.0,0.0,52,0,0,0,1,1,0,0,0,0,Fuzzers,1
2.618374,tcp,ftp,FIN,12,12,698,682,8.784077,1955.412,1912.6373,3,4,238.034,225.06027,17303.031,452.64206,255,2789406151,3913472140,255,0.151881,0.082832,0.069049,58,57,0,0,1,1,0,0,0,0,Fuzzers,1
1.255424,tcp,-,FIN,16,18,1540,1644,26.28594,9201.672,9896.258,4,4,89.647285,83.66207,6523.8613,243.28664,255,4121585250,3354246345,255,0.00064,0.000493,0.000147,96,91,0,0,13,1,0,0,0,0,Normal,0
0.830432,tcp,http,FIN,10,6,566,268,18.062887,4913.1055,2157.913,2,1,90.183556,138.8114,4959.2056,219.71837,255,3137250230,1884307075,255,0.201752,0.136366,0.065386,57,45,1,0,1,1,0,0,1,0,Fuzzers,1
0.542448,tcp,-,FIN,10,6,602,268,27.652422,7993.393,3303.5425,2,1,60.160778,93.0448,2889.1072,134.13095,255,1605970741,1101212366,255,0.126982,0.077223,0.049759,60,45,0,0,1,1,0,0,0,0,Fuzzers,1
0.72211,tcp,-,FIN,38,40,2438,18508,106.63196,26300.703,199925.22,7,13,19.441107,18.48259,0.0,1081.7778,255,7100017,1165353941,255,0.001399,0.001285,0.000114,64,463,0,0,1,1,0,0,0,0,Normal,0
0.020968,tcp,-,FIN,16,18,1540,1644,1573.8268,550934.75,592521.94,4,4,1.377333,1.206353,84.73652,2.437806,255,1074590957,3228106858,255,0.000575,0.000457,0.000118,96,91,0,0,6,1,0,0,0,0,Normal,0
1e-06,udp,-,INT,2,0,104,0,1000000.0,416000000.0,0.0,0,0,0.001,0.0,0.0,0.0,0,0,0,0,0.0,0.0,0.0,52,0,0,0,1,1,0,0,0,0,Fuzzers,1
3.662974,tcp,smtp,FIN,80,28,83134,2046,29.211235,179296.92,4309.067,36,8,46.36676,131.80244,6174.907,303.5093,255,1221704134,1447351719,255,0.116741,0.057256,0.059485,1039,73,0,0,1,1,0,0,0,0,Exploits,1
0.021693,tcp,-,FIN,16,18,1540,1644,1521.228,532522.0,572719.3,4,4,1.4246,1.249823,86.04596,2.584631,255,319621125,324520895,255,0.00056,0.000443,0.000117,96,91,0,0,3,1,0,0,0,0,Normal,0
2.708725,tcp,-,FIN,30,42,2302,34406,26.211594,6574.311,99196.484,5,15,96.728035,67.68855,6642.1597,6373.9946,255,2509908241,3095757206,255,0.002007,0.001177,0.00083,77,819,0,0,1,1,0,0,0,0,Normal,0
1.935433,tcp,ftp,FIN,14,12,788,682,12.917006,3025.6794,2587.5347,4,4,148.87946,164.14827,8851.527,233.9979,255,3159064391,2745201474,255,0.159512,0.096708,0.062804,56,57,0,0,1,1,0,0,0,0,Fuzzers,1
0.001032,udp,dns,CON,2,2,132,164,2906.9768,511627.94,635658.94,0,0,0.009,0.007,0.0,0.0,0,0,0,0,0.0,0.0,0.0,66,82,0,0,1,1,0,0,0,0,Normal,0
0.095752,tcp,-,FIN,16,18,1540,1644,344.64032,120645.0,129751.86,4,4,6.3634,5.602,423.07312,10.42641,255,3734938963,3760402584,255,0.000631,0.000517,0.000114,96,91,0,0,3,1,0,0,0,0,Normal,0
5e-06,unas,-,INT,2,0,200,0,200000.0,160000000.0,0.0,0,0,0.005,0.0,0.0,0.0,0,0,0,0,0.0,0.0,0.0,100,0,0,0,2,2,0,0,0,0,Analysis,1
1.5e-05,ipv6,-,INT,2,0,86,0,66666.67,22933334.0,0.0,0,0,0.015,0.0,0.0,0.0,0,0,0,0,0.0,0.0,0.0,43,0,0,0,1,1,0,0,0,0,Fuzzers,1
1.33096,tcp,-,FIN,66,66,3910,51808,98.42519,23147.201,306689.9,7,26,20.47146,20.4668,1158.817,30.449059,255,2212482755,2216965800,255,0.000759,0.000609,0.00015,59,785,0,0,1,1,0,0,0,0,Normal,0
9e-06,il,-,INT,2,0,200,0,111111.11,88888890.0,0.0,0,0,0.009,0.0,0.0,0.0,0,0,0,0,0.0,0.0,0.0,100,0,0,0,1,1,0,0,0,0,Backdoor,1
0.739459,tcp,-,FIN,16,18,1540,1644,44.62722,15622.232,16801.473,4,4,49.274734,43.43371,3295.7185,98.24356,255,2869909234,3091545090,255,0.001851,0.001083,0.000768,96,91,0,0,4,1,0,0,0,0,Normal,0
0.008375,udp,dns,CON,2,2,132,164,358.20895,63044.773,78328.36,0,0,0.005,0.001,0.0,0.0,0,0,0,0,0.0,0.0,0.0,66,82,0,0,1,1,0,0,0,0,Normal,0
0.676569,tcp,-,FIN,10,8,588,354,25.12678,6266.9146,3665.5537,2,1,72.066,86.85171,5083.892,134.9286,255,1248712366,3550699774,255,0.128918,0.068606,0.060312,59,44,0,0,1,1,0,0,0,0,Fuzzers,1
0.015316,tcp,-,FIN,16,18,1540,1644,2154.6096,754243.94,811177.8,4,4,1.000533,0.873941,71.95731,1.480245,255,319617904,326173208,255,0.000567,0.000452,0.000115,96,91,0,0,3,1,0,0,0,0,Normal,0
2.621883,tcp,-,FIN,16,18,1540,1644,12.586374,4405.9937,4738.579,4,4,174.77074,156.482,10732.172,280.78354,255,2329909829,3366032108,255,0.118986,0.11817,0.000816,96,91,0,0,21,1,0,0,0,0,Normal,0
0.433047,tcp,-,FIN,10,6,588,268,34.63827,9791.085,4138.119,2,1,44.127888,76.3822,2488.5552,108.48815,255,379800168,3384071871,255,0.071134,0.051102,0.020032,59,45,0,0,2,1,0,0,0,0,Fuzzers,1
9e-06,udp,-,INT,2,0,184,0,111111.11,81777780.0,0.0,0,0,0.009,0.0,0.0,0.0,0,0,0,0,0.0,0.0,0.0,92,0,0,0,3,1,0,0,0,0,Fuzzers,1
23.65105,tcp,http,FIN,8,10,1052,824,0.718784,311.5295,250.98251,2,2,3378.408,2956.3118,282175.25,7813.7246,255,1789419752,3935947232,255,0.000702,0.000555,0.000147,132,82,1,83,5,1,0,0,1,0,Normal,0
32.022385,tcp,-,FIN,20,12,1176,536,0.968073,279.30463,122.91402,4,1,1684.5409,2905.7234,223539.44,8850.564,255,156921633,3408686011,255,0.142512,0.05942,0.083092,59,45,0,0,2,2,0,0,0,0,Fuzzers,1
32.022385,tcp,-,FIN,20,12,1176,536,0.968073,279.30463,122.91402,4,1,1684.5409,2905.7234,223539.44,8850.564,255,156921633,3408686011,255,0.142512,0.05942,0.083092,59,45,0,0,2,2,0,0,0,0,Fuzzers,1
9e-06,unas,-,INT,2,0,200,0,111111.11,88888890.0,0.0,0,0,0.009,0.0,0.0,0.0,0,0,0,0,0.0,0.0,0.0,100,0,0,0,2,2,0,0,0,0,Backdoor,1
0.236106,udp,-,CON,4,4,528,304,29.647701,13417.702,7725.3438,0,0,21.329334,59.673332,30.159283,84.377396,0,0,0,0,0.0,0.0,0.0,132,76,0,0,1,1,0,0,0,0,Normal,0
3.817336,tcp,-,FIN,38,40,2438,18508,20.171135,4975.1973,37819.043,7,13,103.16244,97.76503,6238.1147,6077.481,255,1201942923,3709058955,255,0.004638,0.004496,0.000142,64,463,0,0,1,1,0,0,0,0,Normal,0
0.649247,tcp,-,FIN,10,8,564,354,26.18418,6259.559,3819.8098,2,1,70.60089,91.09629,5355.539,141.66731,255,2465885031,3433634084,255,0.056952,0.011568,0.045384,56,44,0,0,1,1,0,0,0,0,Reconnaissance,1
12.300859,tcp,-,FIN,28,30,4656,3080,4.633823,2920.121,1936.7753,7,7,455.5756,439.2975,44864.094,1323.8423,255,952002404,955274590,255,0.000654,0.000525,0.000129,166,103,0,0,1,1,0,0,0,0,Normal,0
5e-06,unas,-,INT,2,0,200,0,200000.0,160000000.0,0.0,0,0,0.005,0.0,0.0,0.0,0,0,0,0,0.0,0.0,0.0,100,0,0,0,2,2,0,0,0,0,Backdoor,1
4e-06,udp,-,INT,2,0,196,0,250000.0,196000000.0,0.0,0,0,0.004,0.0,0.0,0.0,0,0,0,0,0.0,0.0,0.0,98,0,0,0,1,1,0,0,0,0,Shellcode,1
12.340065,tcp,http,FIN,12,18,1580,10168,2.350069,939.37915,6226.223,3,5,1121.7911,725.8538,69999.95,48046.066,255,2406615114,258100229,255,0.000691,0.000546,0.000145,132,565,1,3924,1,1,0,0,1,0,Normal,0
0.577641,tcp,-,FIN,10,6,2516,268,25.967686,31368.965,3102.2727,2,1,64.07278,98.926,3084.7183,148.05267,255,1136096243,3809826883,255,0.135007,0.083007,0.052,252,45,0,0,1,1,0,0,0,0,Fuzzers,1
0.280538,tcp,-,FIN,10,6,534,268,53.468693,13716.502,6387.7266,2,1,31.133333,47.785,1530.073,68.9438,255,913308051,1396540094,255,0.077879,0.041612,0.036267,53,45,0,0,2,1,0,0,0,0,Fuzzers,1
1e-06,udp,-,INT,2,0,104,0,1000000.0,416000000.0,0.0,0,0,0.001,0.0,0.0,0.0,0,0,0,0,0.0,0.0,0.0,52,0,0,0,1,1,0,0,0,0,Fuzzers,1
0.621307,tcp,-,FIN,16,18,1540,1644,53.11384,18593.062,19996.555,4,4,41.398197,36.245766,2825.8083,85.53536,255,209554959,2885334001,255,0.005269,0.005123,0.000146,96,91,0,0,15,1,0,0,0,0,Normal,0
0.001677,udp,-,CON,4,4,528,304,4174.1206,1889087.8,1087656.5,0,0,0.432333,0.206,0.606462,0.284257,0,0,0,0,0.0,0.0,0.0,132,76,0,0,1,1,0,0,0,0,Normal,0
0.414332,tcp,-,FIN,10,6,604,268,36.20285,10503.654,4325.034,2,1,46.03689,67.5612,2600.4531,128.1948,255,2687291769,3006365151,255,0.124701,0.057386,0.067315,60,45,0,0,1,1,0,0,0,0,Fuzzers,1
0.021614,tcp,-,FIN,16,18,1540,1644,1526.7882,534468.4,574812.6,4,4,1.420133,1.242882,82.625275,2.550874,255,1207103287,3356429790,255,0.0006,0.000483,0.000117,96,91,0,0,12,1,0,0,0,0,Normal,0
3.4e-05,udp,-,INT,2,0,744,0,29411.764,87529410.0,0.0,0,0,0.034,0.0,0.0,0.0,0,0,0,0,0.0,0.0,0.0,372,0,0,0,2,1,0,0,0,0,Fuzzers,1
0.001045,udp,dns,CON,2,2,132,164,2870.8132,505263.12,627751.2,0,0,0.009,0.001,0.0,0.0,0,0,0,0,0.0,0.0,0.0,66,82,0,0,1,1,0,0,0,0,Normal,0
0.512399,tcp,-,FIN,16,18,1540,1644,64.40293,22544.93,24246.729,4,4,34.139,31.980625,2477.8972,80.988174,255,989554329,1288792339,255,0.000869,0.000706,0.000163,96,91,0,0,11,1,0,0,0,0,Normal,0
8e-06,udp,-,INT,2,0,1784,0,125000.0,892000000.0,0.0,0,0,0.008,0.0,0.0,0.0,0,0,0,0,0.0,0.0,0.0,892,0,0,0,10,1,0,0,0,0,Normal,0
50.0044,ospf,-,INT,6,0,384,0,0.099991,51.195496,0.0,0,0,10000.88,0.0,0.0,0.0,0,0,0,0,0.0,0.0,0.0,64,0,0,0,1,2,0,0,0,0,Normal,0
2.855908,tcp,-,FIN,30,42,2302,34406,24.860746,6235.495,94084.266,5,15,101.98539,71.01782,6746.691,6240.014,255,3124037712,3315634961,255,0.016001,0.015194,0.000807,77,819,0,0,3,1,0,0,0,0,Normal,0
1.033879,tcp,-,FIN,80,80,4654,72810,153.78975,35563.156,556351.4,7,33,13.083266,13.079506,837.3498,22.98898,255,1507096992,1507369910,255,0.000739,0.000593,0.000146,58,910,0,0,1,1,0,0,0,0,Normal,0
8e-06,pipe,-,INT,2,0,200,0,125000.0,100000000.0,0.0,0,0,0.008,0.0,0.0,0.0,0,0,0,0,0.0,0.0,0.0,100,0,0,0,2,2,0,0,0,0,Backdoor,1
0.528144,tcp,-,FIN,10,6,550,268,28.401344,7497.955,3393.014,2,1,58.608112,91.268,2970.592,120.843445,255,1971426036,455725100,255,0.114478,0.071801,0.042677,55,45,0,0,1,1,0,0,0,0,Fuzzers,1
1.88813,tcp,http,FIN,8,10,1052,824,9.003618,3902.2737,3143.8513,2,2,269.6663,209.728,18521.627,516.7034,255,2166615981,18125683,255,0.000688,0.000574,0.000114,132,82,1,83,8,1,0,0,1,0,Normal,0
1.118193,tcp,-,FIN,60,14,68185,612,65.2839,479695.34,4070.8535,27,1,18.58522,77.52023,1812.0516,90.1116,255,1478712546,2884983803,255,0.182529,0.110421,0.072108,1136,44,1,0,1,1,0,0,1,0,Fuzzers,1
8e-06,tp++,-,INT,2,0,200,0,125000.0,100000000.0,0.0,0,0,0.008,0.0,0.0,0.0,0,0,0,0,0.0,0.0,0.0,100,0,0,0,1,1,0,0,0,0,Backdoor,1
9e-06,encap,-,INT,2,0,200,0,111111.11,88888890.0,0.0,0,0,0.009,0.0,0.0,0.0,0,0,0,0,0.0,0.0,0.0,100,0,0,0,1,1,0,0,0,0,Exploits,1
0.001098,udp,dns,CON,2,2,132,164,2732.2405,480874.3,597449.94,0,0,0.01,0.008,0.0,0.0,0,0,0,0,0.0,0.0,0.0,66,82,0,0,3,2,0,0,0,0,Normal,0
1.727798,tcp,pop3,FIN,20,20,944,3700,22.572083,4153.263,16275.051,7,8,90.93674,86.191055,4327.8794,99.1143,255,3315254567,1049961951,255,0.124833,0.060659,0.064174,47,185,0,0,1,1,0,0,0,0,Exploits,1
9e-06,ib,-,INT,2,0,200,0,111111.11,88888890.0,0.0,0,0,0.009,0.0,0.0,0.0,0,0,0,0,0.0,0.0,0.0,100,0,0,0,2,2,0,0,0,0,Backdoor,1
0.347786,tcp,http,FIN,10,6,1014,268,43.12997,21001.42,5152.5938,2,1,35.729443,64.5662,1878.7719,97.52532,255,3960871221,1607635134,255,0.072692,0.024947,0.047745,101,45,1,0,2,1,0,0,1,0,Normal,0
1.2e-05,udp,-,INT,2,0,1414,0,83333.33,471333300.0,0.0,0,0,0.012,0.0,0.0,0.0,0,0,0,0,0.0,0.0,0.0,707,0,0,0,1,1,0,0,0,0,Normal,0
6e-06,udp,-,INT,2,0,104,0,166666.66,69333330.0,0.0,0,0,0.006,0.0,0.0,0.0,0,0,0,0,0.0,0.0,0.0,52,0,0,0,2,2,0,0,0,0,Fuzzers,1
1.623129,tcp,-,FIN,8,16,364,13186,14.170161,1572.2719,60929.23,1,6,231.87556,102.737206,17179.586,11420.926,255,2116150707,2963114973,255,0.111897,0.061458,0.050439,46,824,0,0,1,1,0,0,0,0,Normal,0
8e-06,pnni,-,INT,2,0,200,0,125000.0,100000000.0,0.0,0,0,0.008,0.0,0.0,0.0,0,0,0,0,0.0,0.0,0.0,100,0,0,0,2,2,0,0,0,0,Backdoor,1
1.682024,tcp,-,FIN,66,66,3910,51808,77.88236,18316.03,242679.06,7,26,25.870647,25.867739,1496.9213,39.60898,255,2876678493,727414824,255,0.000753,0.000612,0.000141,59,785,0,0,1,1,0,0,0,0,Normal,0
3.272885,tcp,-,FIN,16,18,1540,1644,10.082847,3529.6077,3796.039,4,4,233.75328,192.45712,13292.219,385.3351,255,2689908461,3471257254,255,0.001967,0.001112,0.000855,96,91,0,0,15,1,0,0,0,0,Normal,0
8e-06,unas,-,INT,2,0,200,0,125000.0,100000000.0,0.0,0,0,0.008,0.0,0.0,0.0,0,0,0,0,0.0,0.0,0.0,100,0,0,0,6,6,0,0,0,0,Backdoor,1
0.004801,udp,-,CON,4,4,568,312,1458.0295,709852.1,389918.78,0,0,1.260333,1.063667,1.773897,1.494352,0,0,0,0,0.0,0.0,0.0,142,78,0,0,1,1,0,0,0,0,Normal,0
31.519764,tcp,-,FIN,20,12,1302,536,0.98351,313.96173,124.87403,6,1,1658.9349,2859.4397,223645.5,8858.302,255,2444965316,2596235514,255,0.084124,0.065221,0.018903,65,45,0,0,1,1,0,0,0,0,Fuzzers,1
0.790384,udp,-,CON,4,4,568,312,8.856455,4311.828,2368.469,0,0,221.01633,100.354,312.55508,141.91562,0,0,0,0,0.0,0.0,0.0,142,78,0,0,3,1,0,0,0,0,Normal,0
0.887417,tcp,http,FIN,10,8,798,1074,19.156721,6481.733,8474.032,2,2,98.60189,106.505,5225.5938,199.07262,255,1693649461,2817680777,255,0.211801,0.125321,0.08648,80,134,1,132,2,2,0,0,4,0,Analysis,1
4e-06,unas,-,INT,2,0,200,0,250000.0,200000000.0,0.0,0,0,0.004,0.0,0.0,0.0,0,0,0,0,0.0,0.0,0.0,100,0,0,0,3,3,0,0,0,0,Backdoor,1
0.751476,tcp,http,FIN,10,14,820,10660,30.606434,7856.5386,105381.945,2,5,83.47244,50.50754,4278.4805,3728.2544,255,1019602083,530273413,255,0.151569,0.094873,0.056696,82,761,1,4804,1,1,0,0,1,0,Exploits,1
38.78433,tcp,-,FIN,24,16,1998,1478,1.005561,395.0049,285.88867,11,6,1685.7672,2581.9937,247334.22,9348.487,255,3230402338,3298851073,255,0.095261,0.054414,0.040847,83,92,0,0,2,2,0,0,0,0,Fuzzers,1
1e-06,udp,-,INT,2,0,104,0,1000000.0,416000000.0,0.0,0,0,0.001,0.0,0.0,0.0,0,0,0,0,0.0,0.0,0.0,52,0,0,0,3,3,0,0,0,0,Fuzzers,1
1.42124,tcp,-,FIN,16,18,1540,1644,23.21916,8128.114,8741.662,4,4,94.67287,83.57335,6468.279,153.08015,255,2652362268,1133851576,255,0.001031,0.000487,0.000544,96,91,0,0,8,1,0,0,0,0,Normal,0
3.99278,tcp,-,FIN,12,10,1110,812,5.259493,2039.6816,1464.6437,3,2,362.97998,420.1191,23542.602,639.74677,255,1847110347,3067715936,255,0.244778,0.136416,0.108362,93,81,0,0,2,1,0,0,0,0,Fuzzers,1
0.899374,tcp,-,FIN,10,8,1604,354,18.902037,12844.489,2757.4734,2,1,96.59233,117.76943,6193.6104,181.57864,255,180900981,57627618,255,0.100764,0.074984,0.02578,160,44,0,0,1,1,0,0,0,0,Exploits,1
0.779161,tcp,-,FIN,10,8,534,354,21.81834,4938.6455,3182.911,2,1,83.44211,105.06257,5131.3433,173.98557,255,760378844,3859942219,255,0.149401,0.043719,0.105682,53,44,0,0,2,1,0,0,0,0,Fuzzers,1
8e-06,ptp,-,INT,2,0,200,0,125000.0,100000000.0,0.0,0,0,0.008,0.0,0.0,0.0,0,0,0,0,0.0,0.0,0.0,100,0,0,0,1,1,0,0,0,0,Exploits,1
1.180022,tcp,-,FIN,16,18,1540,1644,27.96558,9789.648,10528.617,4,4,78.609665,65.58888,5427.8525,154.59514,255,1609423028,1255444125,255,0.065904,0.065007,0.000897,96,91,0,0,13,1,0,0,0,0,Normal,0
0.019678,tcp,-,FIN,16,18,1540,1644,1676.9996,587051.5,631364.94,4,4,1.291933,1.20125,78.9162,2.171153,255,1194588191,3349927284,255,0.000569,0.000455,0.000114,96,91,0,0,6,1,0,0,0,0,Normal,0
0.637723,tcp,-,FIN,40,42,2558,23162,127.01439,31298.854,283646.66,7,14,16.329973,15.9313,0.0,996.23016,255,414582214,543376791,255,0.000594,0.000467,0.000127,64,551,0,0,1,1,0,0,0,0,Normal,0
9e-06,unas,-,INT,2,0,200,0,111111.11,88888890.0,0.0,0,0,0.009,0.0,0.0,0.0,0,0,0,0,0.0,0.0,0.0,100,0,0,0,1,1,0,0,0,0,Backdoor,1
0.686911,tcp,http,FIN,10,12,762,4308,30.571648,7989.39,45991.402,2,3,76.32344,54.773457,4923.3726,3931.9407,255,2701588415,2024094783,255,0.165491,0.083815,0.081676,76,359,1,1663,1,1,0,0,1,0,Exploits,1
3.087652,tcp,-,FIN,16,18,1540,1644,10.687733,3741.3542,4023.7695,4,4,205.82207,192.94781,13713.797,365.52518,255,746974994,3188464768,255,0.000596,0.000484,0.000112,96,91,0,0,21,1,0,0,0,0,Normal,0
1e-05,udp,-,INT,2,0,864,0,100000.0,345600000.0,0.0,0,0,0.01,0.0,0.0,0.0,0,0,0,0,0.0,0.0,0.0,432,0,0,0,1,1,0,0,0,0,Fuzzers,1
8e-06,sat-expak,-,INT,2,0,200,0,125000.0,100000000.0,0.0,0,0,0.008,0.0,0.0,0.0,0,0,0,0,0.0,0.0,0.0,100,0,0,0,2,2,0,0,0,0,Backdoor,1
6e-06,unas,-,INT,2,0,200,0,166666.66,133333330.0,0.0,0,0,0.006,0.0,0.0,0.0,0,0,0,0,0.0,0.0,0.0,100,0,0,0,3,3,0,0,0,0,Backdoor,1
0.674839,tcp,-,FIN,16,18,1540,1644,48.90055,17118.156,18410.316,4,4,44.968002,39.62959,3324.633,100.65501,255,209554228,684432669,255,0.001278,0.001135,0.000143,96,91,0,0,15,1,0,0,0,0,Normal,0
14.469889,tcp,http,FIN,8,10,1052,824,1.174854,509.19534,410.2312,2,2,2066.9631,1607.7023,167632.52,4499.3506,255,3252355644,3257693104,255,0.000711,0.00056,0.000151,132,82,1,83,5,1,0,0,1,0,Normal,0
1.1e-05,udp,-,INT,2,0,1260,0,90909.09,458181820.0,0.0,0,0,0.011,0.0,0.0,0.0,0,0,0,0,0.0,0.0,0.0,630,0,0,0,6,1,0,0,0,0,Normal,0
0.004846,udp,-,CON,4,4,568,312,1444.4902,703260.4,386297.97,0,0,1.264333,1.075667,1.778846,1.511323,0,0,0,0,0.0,0.0,0.0,142,78,0,0,1,1,0,0,0,0,Normal,0
0.751286,tcp,-,FIN,10,6,756,268,19.965767,7251.5664,2385.2437,2,1,80.12178,133.5586,4309.183,216.02238,255,545536831,3719117693,255,0.168792,0.083485,0.085307,76,45,0,0,1,1,0,0,0,0,Fuzzers,1
0.585943,tcp,-,FIN,10,8,534,354,29.013062,6567.192,4232.4937,2,1,65.104774,74.40814,3698.7793,155.57224,255,1226313641,2199457158,255,0.133946,0.064274,0.069672,53,44,0,0,1,1,0,0,0,0,Fuzzers,1
0.001157,udp,dns,CON,2,2,132,164,2592.9128,456352.66,566983.6,0,0,0.008,0.007,0.0,0.0,0,0,0,0,0.0,0.0,0.0,66,82,0,0,1,1,0,0,0,0,Normal,0
2.585576,tcp,-,FIN,16,18,1540,1644,12.763113,4467.8633,4805.1187,4,4,172.35133,161.56587,10952.699,327.46075,255,184522511,3290281011,255,0.000657,0.000521,0.000136,96,91,0,0,21,1,0,0,0,0,Normal,0
1e-06,unas,-,INT,2,0,200,0,1000000.0,800000000.0,0.0,0,0,0.001,0.0,0.0,0.0,0,0,0,0,0.0,0.0,0.0,100,0,0,0,1,1,0,0,0,0,Analysis,1
3e-06,unas,-,INT,2,0,200,0,333333.3,266666660.0,0.0,0,0,0.003,0.0,0.0,0.0,0,0,0,0,0.0,0.0,0.0,100,0,0,0,3,3,0,0,0,0,Analysis,1
0.065226,tcp,http,FIN,8,10,1052,824,260.63226,112961.086,91006.65,2,2,9.265286,7.192222,734.2505,19.875702,255,2894940269,2909572612,255,0.000608,0.000491,0.000117,132,82,1,83,1,1,0,0,1,0,Normal,0
0.615386,tcp,-,FIN,10,6,756,268,24.374945,8852.9795,2911.9934,2,1,68.27422,93.656,3464.2134,155.4566,255,2957069075,3004238579,255,0.232387,0.147098,0.085289,76,45,0,0,1,1,0,0,0,0,Fuzzers,1
0.531194,tcp,-,FIN,38,40,2438,18508,144.95647,35753.418,271780.2,7,13,14.744972,13.607641,1110.2043,1067.5009,255,882070552,1204515112,255,0.000614,0.000493,0.000121,64,463,0,0,1,1,0,0,0,0,Normal,0
9e-06,unas,-,INT,2,0,200,0,111111.11,88888890.0,0.0,0,0,0.009,0.0,0.0,0.0,0,0,0,0,0.0,0.0,0.0,100,0,0,0,2,2,0,0,0,0,Analysis,1
0.66894,tcp,-,FIN,10,6,534,268,22.423534,5752.3843,2678.865,2,1,71.297554,106.974,3784.4448,172.97136,255,39455864,495211477,255,0.23878,0.134067,0.104713,53,45,0,0,1,1,0,0,0,0,Fuzzers,1
4e-06,qnx,-,INT,2,0,200,0,250000.0,200000000.0,0.0,0,0,0.004,0.0,0.0,0.0,0,0,0,0,0.0,0.0,0.0,100,0,0,0,2,2,0,0,0,0,DoS,1
3.760793,tcp,-,FIN,12,10,994,812,5.583929,1940.0164,1554.9912,3,2,339.1511,399.1152,22438.932,633.48865,255,2043837850,1694684290,255,0.271113,0.168755,0.102358,83,81,0,0,1,1,0,0,0,0,Fuzzers,1
1.182371,tcp,-,FIN,38,40,2438,18508,65.12338,16062.64,122100.42,7,13,31.946,31.943352,1996.4927,2003.1508,255,2764034543,281184529,255,0.000949,0.000464,0.000485,64,463,0,0,1,1,0,0,0,0,Normal,0
1e-05,scps,-,INT,2,0,200,0,100000.0,80000000.0,0.0,0,0,0.01,0.0,0.0,0.0,0,0,0,0,0.0,0.0,0.0,100,0,0,0,2,2,0,0,0,0,Exploits,1
3e-06,compaq-peer,-,INT,2,0,200,0,333333.3,266666660.0,0.0,0,0,0.003,0.0,0.0,0.0,0,0,0,0,0.0,0.0,0.0,100,0,0,0,2,2,0,0,0,0,Exploits,1
0.519793,tcp,http,FIN,10,6,908,268,28.857643,12589.628,3447.5264,2,1,54.387444,90.794395,2727.2593,135.13757,255,2915468556,308020553,255,0.153132,0.065813,0.087319,91,45,1,0,2,2,0,0,4,0,Exploits,1
29.662262,tcp,-,FIN,28,30,4656,3080,1.921634,1210.9663,803.1754,7,7,1098.5902,1022.81696,129785.68,3842.3894,255,1681939184,3830619533,255,0.000687,0.000564,0.000123,166,103,0,0,1,1,0,0,0,0,Normal,0
8e-06,pgm,-,INT,2,0,200,0,125000.0,100000000.0,0.0,0,0,0.008,0.0,0.0,0.0,0,0,0,0,0.0,0.0,0.0,100,0,0,0,1,1,0,0,0,0,DoS,1
0.827199,tcp,http,FIN,60,14,68189,612,88.249626,648482.44,5502.908,27,1,13.487796,58.415382,1342.2421,79.096016,255,4078547216,309752350,255,0.128351,0.06779,0.060561,1136,44,1,0,1,1,0,0,1,0,Fuzzers,1
4e-06,udp,-,INT,2,0,220,0,250000.0,220000000.0,0.0,0,0,0.004,0.0,0.0,0.0,0,0,0,0,0.0,0.0,0.0,110,0,0,0,1,1,0,0,0,0,Fuzzers,1
1.203151,tcp,http,FIN,10,12,820,8124,17.454168,4907.1147,49516.645,2,3,133.61322,98.10509,6895.2397,7296.3545,255,2998566591,3681759975,255,0.246588,0.123994,0.122594,82,677,1,3581,1,1,0,0,1,0,Exploits,1
1.2e-05,udp,-,INT,2,0,1858,0,83333.33,619333300.0,0.0,0,0,0.012,0.0,0.0,0.0,0,0,0,0,0.0,0.0,0.0,929,0,0,0,8,1,0,0,0,0,Normal,0
0.024752,tcp,-,FIN,16,18,1540,1644,1333.2256,466709.75,501939.22,4,4,1.630067,1.429882,96.35978,2.775607,255,2289203215,145879912,255,0.000557,0.000441,0.000116,96,91,0,0,6,1,0,0,0,0,Normal,0
8e-06,unas,-,INT,2,0,200,0,125000.0,100000000.0,0.0,0,0,0.008,0.0,0.0,0.0,0,0,0,0,0.0,0.0,0.0,100,0,0,0,3,3,0,0,0,0,Analysis,1
0.003869,tcp,http,FIN,8,10,1052,824,4393.9004,1904368.1,1534246.6,2,2,0.504286,0.369111,31.813673,0.656866,255,174583172,2320929467,255,0.000685,0.000544,0.000141,132,82,1,83,1,1,0,0,1,0,Normal,0
1.1e-05,udp,-,INT,2,0,1154,0,90909.09,419636350.0,0.0,0,0,0.011,0.0,0.0,0.0,0,0,0,0,0.0,0.0,0.0,577,0,0,0,5,1,0,0,0,0,Normal,0
8e-06,unas,-,INT,2,0,200,0,125000.0,100000000.0,0.0,0,0,0.008,0.0,0.0,0.0,0,0,0,0,0.0,0.0,0.0,100,0,0,0,2,2,0,0,0,0,Backdoor,1
0.57168,tcp,-,FIN,10,6,1542,268,26.238455,19423.453,3134.6206,2,1,57.99311,100.505,2867.0527,140.91891,255,2759023186,719463040,255,0.124095,0.069148,0.054947,154,45,0,0,1,1,0,0,0,0,Fuzzers,1
23.485695,tcp,ssh,FIN,62,58,5928,8010,5.066914,1986.9116,2681.4622,14,17,391.42825,412.01556,88415.26,90606.7,255,3111515284,962271691,255,0.000769,0.000626,0.000143,96,138,0,0,1,1,0,0,0,0,Normal,0
3.679053,tcp,-,FIN,16,18,1540,1644,8.969699,3139.9385,3376.9558,4,4,245.24014,215.81776,16922.87,510.76566,255,661943119,1265641826,255,0.046975,0.010143,0.036832,96,91,0,0,8,1,0,0,0,0,Normal,0
0.626605,tcp,-,FIN,10,8,564,354,27.13033,6485.745,3957.8364,2,1,69.160225,88.59757,5430.7173,138.2491,255,2508911846,2175874980,255,0.050636,0.006413,0.044223,56,44,0,0,1,1,0,0,0,0,Reconnaissance,1
0.001081,udp,dns,CON,2,2,132,164,2775.2083,488436.66,606845.56,0,0,0.009,0.007,0.0,0.0,0,0,0,0,0.0,0.0,0.0,66,82,0,0,1,1,0,0,0,0,Normal,0
1.714032,tcp,-,FIN,34,12,36414,526,26.253885,164958.4,2254.3335,13,0,2950.6282,8357.39,534917.3,27222.635,255,784428048,3729564754,255,0.131929,0.074296,0.057633,1071,44,0,0,3,2,0,0,0,0,Fuzzers,1
3e-06,udp,-,INT,2,0,104,0,333333.3,138666660.0,0.0,0,0,0.003,0.0,0.0,0.0,0,0,0,0,0.0,0.0,0.0,52,0,0,0,5,1,0,0,0,0,Fuzzers,1
3e-06,udp,-,INT,2,0,104,0,333333.3,138666660.0,0.0,0,0,0.003,0.0,0.0,0.0,0,0,0,0,0.0,0.0,0.0,52,0,0,0,3,1,0,0,0,0,Fuzzers,1
0.804833,tcp,-,FIN,16,18,1540,1644,41.002296,14353.288,15436.743,4,4,53.632603,45.124813,4126.9697,164.79877,255,649423555,3175229015,255,0.084515,0.082833,0.001682,96,91,0,0,14,1,0,0,0,0,Normal,0
1.166815,tcp,ssh,FIN,62,60,5928,8114,103.701096,39992.63,54706.184,14,17,19.446917,19.765137,1421.9675,1428.5801,255,1049547306,1049824140,255,0.000942,0.000532,0.00041,96,135,0,0,1,1,0,0,0,0,Normal,0
0.001089,udp,dns,CON,2,2,146,178,2754.8208,536271.8,653810.8,0,0,0.009,0.007,0.0,0.0,0,0,0,0,0.0,0.0,0.0,73,89,0,0,1,1,0,0,0,0,Normal,0
0.629826,tcp,-,FIN,10,6,756,268,23.816101,8650.008,2845.2302,2,1,69.87811,105.497,3519.3906,158.42508,255,2409358234,115592446,255,0.225942,0.102334,0.123608,76,45,0,0,1,1,0,0,0,0,Fuzzers,1
3e-06,stp,-,INT,2,0,200,0,333333.3,266666660.0,0.0,0,0,0.003,0.0,0.0,0.0,0,0,0,0,0.0,0.0,0.0,100,0,0,0,1,1,0,0,0,0,DoS,1
0.627565,tcp,-,FIN,12,10,1008,782,33.46267,11778.859,8974.369,3,2,55.782364,63.807777,3852.232,106.384605,255,4055944248,2826014396,255,0.108455,0.053286,0.055169,84,78,0,0,2,1,0,0,0,0,Fuzzers,1
2.746898,tcp,-,FIN,12,10,1768,690,7.644987,4720.962,1808.5856,3,2,247.33229,285.85913,18214.246,436.69168,255,1626083817,3912445201,255,0.34025,0.174159,0.166091,147,69,0,0,1,1,0,0,0,0,Exploits,1
0.037822,tcp,smtp,FIN,52,42,37358,3380,2458.8862,7749986.5,698006.44,18,8,0.764653,0.909634,52.098873,2.216993,255,1734587578,1735545150,255,0.000649,0.000524,0.000125,718,80,0,0,1,1,0,0,0,0,Normal,0
0.740822,tcp,http,FIN,10,8,974,354,22.947481,9470.561,3347.6326,2,1,79.92833,96.46286,5042.0522,161.178,255,4045340903,4273114619,255,0.147901,0.065581,0.08232,97,44,1,0,1,1,0,0,1,0,Exploits,1
0.939342,tcp,-,FIN,16,18,1540,1644,35.130974,12297.97,13226.279,4,4,62.600266,55.224648,4014.1477,112.82769,255,1024523935,1187289664,255,0.000639,0.000514,0.000125,96,91,0,0,5,1,0,0,0,0,Normal,0
2.892194,tcp,-,FIN,30,42,2302,34406,24.548838,6157.263,92903.87,5,15,99.72014,72.287155,6672.814,5744.5737,255,541938857,3172855590,255,0.000817,0.000705,0.000112,77,819,0,0,6,1,0,0,0,0,Normal,0
1.392015,tcp,-,FIN,26,42,2094,34406,48.131664,11574.588,193026.66,5,15,55.66348,33.925465,3270.0063,2543.8372,255,2869908244,3094735461,255,0.001272,0.00107,0.000202,81,819,0,0,9,1,0,0,0,0,Normal,0
0.039762,tcp,-,FIN,16,18,1540,1644,829.9381,290528.62,312459.12,4,4,2.629933,2.310823,161.98181,4.354134,255,857039354,1040317804,255,0.000596,0.000475,0.000121,96,91,0,0,4,1,0,0,0,0,Normal,0
22.116142,tcp,http,FIN,14,18,1684,10168,1.401691,565.7406,3474.0237,3,5,1701.1365,1382.2241,112152.69,101675.74,255,3569066601,1420518695,255,0.000694,0.000548,0.000146,120,565,1,3924,2,1,0,0,1,0,Normal,0
0.228149,tcp,-,FIN,30,42,2302,34406,311.20013,78054.26,1177721.6,5,15,7.856448,5.550317,609.8305,532.1323,255,3674938165,1536678082,255,0.000706,0.000582,0.000124,77,819,0,0,4,1,0,0,0,0,Normal,0
9e-06,aris,-,INT,2,0,200,0,111111.11,88888890.0,0.0,0,0,0.009,0.0,0.0,0.0,0,0,0,0,0.0,0.0,0.0,100,0,0,0,2,2,0,0,0,0,DoS,1
3.000896,tcp,-,FIN,16,18,1540,1644,10.996716,3849.517,4140.0967,4,4,200.03645,184.92044,17455.658,345.64597,255,1804519548,3627017701,255,0.042958,0.042161,0.000797,96,91,0,0,15,1,0,0,0,0,Normal,0
0.001037,udp,dns,CON,2,2,132,164,2892.9604,509161.06,632594.06,0,0,0.009,0.007,0.0,0.0,0,0,0,0,0.0,0.0,0.0,66,82,0,0,2,1,0,0,0,0,Normal,0
1.848934,tcp,-,FIN,16,18,1540,1644,17.848122,6247.9243,6719.5474,4,4,123.2396,115.484314,9479.084,238.1816,255,3149072497,3230079202,255,0.001336,0.001184,0.000152,96,91,0,0,4,1,0,0,0,0,Normal,0
1.211159,tcp,ftp,FIN,12,12,632,682,18.990074,3831.0413,4134.8823,3,4,110.10536,100.95545,5576.552,131.5931,255,2632661876,484691209,255,0.21435,0.099841,0.114509,53,57,0,0,1,1,0,0,0,0,Fuzzers,1
3e-06,udp,-,INT,2,0,190,0,333333.3,253333330.0,0.0,0,0,0.003,0.0,0.0,0.0,0,0,0,0,0.0,0.0,0.0,95,0,0,0,1,1,0,0,0,0,Fuzzers,1
6.967578,tcp,http,FIN,14,18,1684,10168,4.449179,1795.746,11027.074,3,5,535.93805,409.82788,38363.02,33549.617,255,4082421127,4112084198,255,0.00076,0.000501,0.000259,120,565,1,3924,2,1,0,0,1,0,Normal,0
0.679871,tcp,-,FIN,10,8,564,354,25.004744,5977.6045,3647.7507,2,1,75.54122,94.366714,5546.1763,136.73315,255,1932902012,3978787403,255,0.090469,0.01861,0.071859,56,44,0,0,1,1,0,0,0,0,Normal,0
0.001678,udp,-,CON,4,4,528,304,4171.633,1887961.9,1087008.4,0,0,0.440667,0.197667,0.616834,0.273187,0,0,0,0,0.0,0.0,0.0,132,76,0,0,1,1,0,0,0,0,Normal,0
0.787054,tcp,-,FIN,14,6,7858,268,24.140656,74170.26,2276.845,4,1,55.21462,144.29759,3453.99,216.8703,255,1478419652,3470928260,255,0.194011,0.065557,0.128454,561,45,0,0,1,1,0,0,0,0,Fuzzers,1
1.1e-05,udp,-,INT,2,0,1058,0,90909.09,384727260.0,0.0,0,0,0.011,0.0,0.0,0.0,0,0,0,0,0.0,0.0,0.0,529,0,0,0,8,1,0,0,0,0,Normal,0
0.05079,tcp,-,FIN,30,42,2302,34406,1397.913,350620.2,5290332.5,5,15,1.802464,1.226976,106.011696,82.62866,255,3044165085,898094373,255,0.0006,0.00048,0.00012,77,819,0,0,6,1,0,0,0,0,Normal,0
1e-05,udp,-,INT,2,0,926,0,100000.0,370400000.0,0.0,0,0,0.01,0.0,0.0,0.0,0,0,0,0,0.0,0.0,0.0,463,0,0,0,5,1,0,0,0,0,Normal,0
59.74488,ospf,-,REQ,68,0,18496,0,1.121435,2440.2424,0.0,0,0,899.48706,0.0,1010.9081,0.0,0,0,0,0,0.0,0.0,0.0,272,0,0,0,1,1,0,0,0,0,Fuzzers,1
2.277799,tcp,smtp,FIN,30,20,14489,1906,21.511995,49194.86,6360.5264,12,8,78.540726,113.317055,4904.48,160.44627,255,3628932576,1804508226,255,0.23899,0.124765,0.114225,483,95,0,0,1,1,0,0,0,0,Exploits,1
1.1e-05,udp,-,INT,2,0,1200,0,90909.09,436363650.0,0.0,0,0,0.011,0.0,0.0,0.0,0,0,0,0,0.0,0.0,0.0,600,0,0,0,8,1,0,0,0,0,Normal,0
8e-06,udp,-,INT,2,0,104,0,125000.0,52000000.0,0.0,0,0,0.008,0.0,0.0,0.0,0,0,0,0,0.0,0.0,0.0,52,0,0,0,4,1,0,0,0,0,Fuzzers,1
6e-06,udp,-,INT,2,0,1044,0,166666.66,696000000.0,0.0,0,0,0.006,0.0,0.0,0.0,0,0,0,0,0.0,0.0,0.0,522,0,0,0,15,1,0,0,0,0,Fuzzers,1
1e-05,udp,-,INT,2,0,624,0,100000.0,249600000.0,0.0,0,0,0.01,0.0,0.0,0.0,0,0,0,0,0.0,0.0,0.0,312,0,0,0,2,1,0,0,0,0,Fuzzers,1
0.742081,tcp,-,FIN,12,8,986,744,25.603674,9745.567,7018.102,3,2,63.904728,101.66971,3927.396,169.90833,255,3891011180,2618732548,255,0.0936,0.030392,0.063208,82,93,0,0,1,1,0,0,0,0,Fuzzers,1
4.593804,tcp,http,FIN,8,10,1052,824,3.700637,1603.8995,1292.1753,2,2,656.095,510.36014,52750.168,1442.1097,255,2574099923,2575194768,255,0.000692,0.000559,0.000133,132,82,1,83,6,1,0,0,1,0,Normal,0
8e-06,any,-,INT,2,0,200,0,125000.0,100000000.0,0.0,0,0,0.008,0.0,0.0,0.0,0,0,0,0,0.0,0.0,0.0,100,0,0,0,2,2,0,0,0,0,Backdoor,1
0.33715,tcp,-,FIN,16,18,1540,1644,97.87928,34263.68,36850.066,4,4,22.388401,20.996124,1864.1985,55.37679,255,124525417,1005449424,255,0.001365,0.001207,0.000158,96,91,0,0,11,1,0,0,0,0,Normal,0
0.62202,tcp,-,FIN,12,10,1258,832,33.76097,14841.967,9633.131,3,2,55.064453,60.625893,3793.0483,95.22348,255,2512901439,1679316160,255,0.124411,0.076383,0.048028,105,83,0,0,2,1,0,0,0,0,Fuzzers,1
0.311507,tcp,-,FIN,10,6,618,268,48.15301,14304.655,5752.68,2,1,32.561443,49.803802,1736.0966,77.616394,255,276973648,162467579,255,0.082434,0.062484,0.01995,62,45,0,0,2,1,0,0,0,0,Fuzzers,1
46.446964,tcp,-,FIN,20,14,1100,622,0.710488,179.99023,99.554405,4,1,2442.2654,3566.7798,323309.22,11869.635,255,364036844,1823824343,255,0.181679,0.078825,0.102854,55,44,0,0,2,2,0,0,0,0,Fuzzers,1
0.047875,tcp,-,FIN,30,42,2302,34406,1483.0288,371968.7,5612449.5,5,15,1.698179,1.155171,96.68194,75.43628,255,1434585325,1438071576,255,0.000633,0.000509,0.000124,77,819,0,0,6,1,0,0,0,0,Normal,0
4.749348,tcp,-,FIN,22,24,1920,4312,9.474984,3087.5815,6961.7974,6,6,226.14314,206.46683,12183.671,11644.908,255,2379966719,234869924,255,0.000737,0.000602,0.000135,87,180,0,0,1,1,0,0,0,0,Normal,0
8e-06,sccopmce,-,INT,2,0,200,0,125000.0,100000000.0,0.0,0,0,0.008,0.0,0.0,0.0,0,0,0,0,0.0,0.0,0.0,100,0,0,0,1,1,0,0,0,0,Backdoor,1
2.479361,tcp,-,FIN,16,18,1540,1644,13.309881,4659.265,5010.9683,4,4,165.2684,145.79988,10093.24,336.7291,255,1476919346,1150916236,255,0.00091,0.000759,0.000151,96,91,0,0,7,1,0,0,0,0,Normal,0
8e-06,ipcomp,-,INT,2,0,200,0,125000.0,100000000.0,0.0,0,0,0.008,0.0,0.0,0.0,0,0,0,0,0.0,0.0,0.0,100,0,0,0,2,2,0,0,0,0,DoS,1
0.000991,udp,dns,CON,2,2,132,164,3027.2454,532795.2,661957.6,0,0,0.009,0.002,0.0,0.0,0,0,0,0,0.0,0.0,0.0,66,82,0,0,2,1,0,0,0,0,Normal,0
2.357689,tcp,-,FIN,16,18,1540,1644,13.996758,4899.7134,5269.5674,4,4,157.15553,131.25954,13407.7705,300.79517,255,2832357433,3754834235,255,0.139001,0.126276,0.012725,96,91,0,0,6,1,0,0,0,0,Normal,0
0.391574,tcp,http,FIN,10,6,1526,268,38.306934,28071.322,4576.402,2,1,37.207558,66.481,2009.0502,89.400696,255,1275391617,2684068070,255,0.107644,0.059163,0.048481,153,45,1,0,1,1,0,0,1,0,Fuzzers,1
0.910099,tcp,-,FIN,34,10,35002,440,47.247604,298631.25,3480.94,26,0,936.8267,3182.5854,167828.33,9270.878,255,4249791950,3433063302,255,0.144251,0.06893,0.075321,1029,44,0,0,3,3,0,0,0,0,Fuzzers,1
6.148679,tcp,-,FIN,16,18,1272,2572,5.367007,1552.2034,3161.6548,4,4,439.16586,361.64853,31138.783,817.81854,255,4249901506,4250235441,255,0.000789,0.000645,0.000144,80,143,0,0,1,1,0,0,0,0,Normal,0
9e-06,udp,-,INT,2,0,104,0,111111.11,46222220.0,0.0,0,0,0.009,0.0,0.0,0.0,0,0,0,0,0.0,0.0,0.0,52,0,0,0,2,1,0,0,0,0,Fuzzers,1
0.001131,udp,dns,CON,2,2,132,164,2652.52,466843.5,580017.7,0,0,0.009,0.007,0.0,0.0,0,0,0,0,0.0,0.0,0.0,66,82,0,0,1,1,0,0,0,0,Normal,0
0.500307,tcp,-,FIN,10,8,578,354,33.979134,8330.885,4956.956,2,1,55.58967,60.37057,3624.7383,114.55087,255,1939697263,1208987279,255,0.121942,0.06218,0.059762,58,44,0,0,3,1,0,0,0,0,Fuzzers,1
0.001121,udp,dns,CON,2,2,130,162,2676.182,463871.53,578055.3,0,0,0.009,0.008,0.0,0.0,0,0,0,0,0.0,0.0,0.0,65,81,0,0,1,1,0,0,0,0,Normal,0
8.102851,tcp,ssh,FIN,66,58,6136,8010,15.179842,5967.282,7772.079,14,17,124.65925,144.68117,27049.44,910.07025,255,1131999461,1132303424,255,0.000735,0.000576,0.000159,93,138,0,0,1,1,0,0,0,0,Normal,0
0.777439,tcp,-,FIN,16,18,1540,1644,42.44706,14859.044,15980.675,4,4,51.802666,45.666294,3291.9412,96.09977,255,2869910153,3096318894,255,0.002972,0.001111,0.001861,96,91,0,0,4,1,0,0,0,0,Normal,0
0.803119,tcp,-,FIN,12,10,1130,844,26.148054,10319.766,7570.4844,3,2,73.01082,74.37278,4954.269,110.463135,255,2644918173,703518568,255,0.169528,0.133106,0.036422,94,84,0,0,1,1,0,0,0,0,Fuzzers,1
1.200132,tcp,-,FIN,10,8,588,354,14.165108,3532.9446,2066.4395,2,1,129.5519,148.47758,6878.5967,269.17865,255,1621156147,2553548831,255,0.235642,0.16078,0.074862,59,44,0,0,1,1,0,0,0,0,Fuzzers,1
2.731069,tcp,-,FIN,16,18,1540,1644,12.08318,4229.845,4549.1343,4,4,182.04227,182.02747,15603.241,341.54523,255,2369072810,3300377544,255,0.000886,0.000656,0.00023,96,91,0,0,21,1,0,0,0,0,Normal,0
8e-06,unas,-,INT,2,0,200,0,125000.0,100000000.0,0.0,0,0,0.008,0.0,0.0,0.0,0,0,0,0,0.0,0.0,0.0,100,0,0,0,2,2,0,0,0,0,Analysis,1
1.378741,tcp,-,FIN,40,42,2558,23162,58.74925,14476.976,131197.95,7,14,36.27416,33.61361,2653.9495,2557.6702,255,4231648586,952541117,255,0.000705,0.000579,0.000126,64,551,0,0,1,1,0,0,0,0,Normal,0
10.449902,tcp,http,FIN,8,10,1052,824,1.62681,705.0784,568.04364,2,2,1741.4304,1306.1672,134394.0,3448.6003,255,1119485533,3270264533,255,0.000708,0.00056,0.000148,132,82,1,83,8,1,0,0,1,0,Normal,0
3.26178,tcp,ftp,FIN,14,12,948,682,7.664527,2160.7834,1535.358,4,4,246.76698,282.8744,18223.844,528.52234,255,1193168833,271693815,255,0.241456,0.150159,0.091297,68,57,0,0,1,1,0,0,0,0,Fuzzers,1
4e-06,udp,-,INT,2,0,104,0,250000.0,104000000.0,0.0,0,0,0.004,0.0,0.0,0.0,0,0,0,0,0.0,0.0,0.0,52,0,0,0,2,2,0,0,0,0,Fuzzers,1
9e-06,kryptolan,-,INT,2,0,200,0,111111.11,88888890.0,0.0,0,0,0.009,0.0,0.0,0.0,0,0,0,0,0.0,0.0,0.0,100,0,0,0,3,3,0,0,0,0,Backdoor,1
7e-06,unas,-,INT,2,0,200,0,142857.14,114285710.0,0.0,0,0,0.007,0.0,0.0,0.0,0,0,0,0,0.0,0.0,0.0,100,0,0,0,1,1,0,0,0,0,Backdoor,1
9e-06,sm,-,INT,2,0,200,0,111111.11,88888890.0,0.0,0,0,0.009,0.0,0.0,0.0,0,0,0,0,0.0,0.0,0.0,100,0,0,0,1,1,0,0,0,0,Reconnaissance,1
9e-06,any,-,INT,2,0,200,0,111111.11,88888890.0,0.0,0,0,0.009,0.0,0.0,0.0,0,0,0,0,0.0,0.0,0.0,100,0,0,0,2,2,0,0,0,0,Backdoor,1
1.648574,tcp,-,FIN,14,10,5154,820,13.951451,23224.92,3581.2769,4,2,124.858086,173.84767,8150.774,304.82635,255,4187060014,3727345165,255,0.169239,0.083942,0.085297,368,82,0,0,1,1,0,0,0,0,Fuzzers,1
1.4e-05,udp,-,INT,2,0,2126,0,71428.57,607428540.0,0.0,0,0,0.014,0.0,0.0,0.0,0,0,0,0,0.0,0.0,0.0,1063,0,0,0,8,1,0,0,0,0,Normal,0
1.439511,tcp,ftp,FIN,14,12,810,682,17.367008,4184.7544,3478.9592,4,4,109.29931,120.74282,5973.85,151.70146,255,648030654,1556857691,255,0.205135,0.111331,0.093804,58,57,0,0,1,1,1,1,0,0,Fuzzers,1
1e-05,udp,-,INT,2,0,168,0,100000.0,67200000.0,0.0,0,0,0.01,0.0,0.0,0.0,0,0,0,0,0.0,0.0,0.0,84,0,0,0,1,1,0,0,0,0,Normal,0
26.382019,tcp,http,FIN,8,10,1052,824,0.644378,279.28113,225.00174,2,2,3768.6855,2931.273,313349.28,8281.324,255,229429560,2376013507,255,0.000711,0.000553,0.000158,132,82,1,83,7,1,0,0,1,0,Normal,0
37.058224,tcp,-,FIN,22,26,1920,4416,1.268274,395.70163,916.8275,6,6,1764.6571,1482.3025,175568.7,160919.75,255,2747324529,602280918,255,0.00078,0.000639,0.000141,87,170,0,0,1,1,0,0,0,0,Normal,0
3e-06,nsfnet-igp,-,INT,2,0,200,0,333333.3,266666660.0,0.0,0,0,0.003,0.0,0.0,0.0,0,0,0,0,0.0,0.0,0.0,100,0,0,0,1,1,0,0,0,0,Backdoor,1
0.001048,udp,dns,CON,2,2,132,164,2862.5955,503816.8,625954.25,0,0,0.009,0.007,0.0,0.0,0,0,0,0,0.0,0.0,0.0,66,82,0,0,1,1,0,0,0,0,Normal,0
0.755607,tcp,-,FIN,60,14,68183,612,96.61107,709861.06,6024.2954,27,1,12.315237,54.34808,1306.4592,70.88401,255,144270273,1106630643,255,0.148292,0.049078,0.099214,1136,44,1,0,1,1,0,0,1,0,Fuzzers,1
0.319861,tcp,-,FIN,10,6,672,268,46.89537,15131.573,5602.4336,2,1,35.54011,52.929604,1702.796,76.54732,255,1998757750,757114521,255,0.092672,0.053765,0.038907,67,45,0,0,2,1,0,0,0,0,Fuzzers,1
0.055922,tcp,-,FIN,16,18,1540,1644,590.1076,206573.44,222166.58,4,4,3.706,2.1975,224.10779,4.079957,255,229433661,1040644607,255,0.021639,0.020759,0.00088,96,91,0,0,11,1,0,0,0,0,Normal,0
3e-06,udp,-,INT,2,0,104,0,333333.3,138666660.0,0.0,0,0,0.003,0.0,0.0,0.0,0,0,0,0,0.0,0.0,0.0,52,0,0,0,7,1,0,0,0,0,Fuzzers,1
1.325386,tcp,ftp,FIN,14,12,810,682,18.862429,4545.091,3778.5217,4,4,101.943924,114.49427,5016.9683,140.86679,255,4110883087,3067686929,255,0.142893,0.065948,0.076945,58,57,0,0,1,1,1,1,0,0,Fuzzers,1
2.058771,tcp,-,FIN,16,18,1540,1644,16.02898,5611.1147,6034.6685,4,4,137.21626,118.524765,10546.826,248.17761,255,4181587722,1067652068,255,0.044683,0.043849,0.000834,96,91,0,0,15,1,0,0,0,0,Normal,0
32.345036,tcp,-,FIN,122,126,7816,15132,7.636411,1917.3267,3712.9656,30,32,269.539,260.84277,68694.58,67577.03,255,1969420719,1970525525,255,0.000661,0.00053,0.000131,64,120,0,0,1,1,0,0,0,0,Normal,0
1.093549,tcp,-,FIN,28,30,4656,3080,52.123863,32847.18,21785.945,7,7,40.489594,37.69207,2622.229,70.472435,255,2332488395,1288015147,255,0.000608,0.000475,0.000133,166,103,0,0,1,1,0,0,0,0,Normal,0
0.850684,tcp,-,FIN,40,42,2558,23162,95.2175,23463.473,212638.3,7,14,21.804949,21.254173,1466.1779,1438.6028,255,1182067059,1131820843,255,0.000636,0.000514,0.000122,64,551,0,0,1,1,0,0,0,0,Normal,0
35.21572,tcp,-,FIN,20,14,1068,622,0.937081,230.57884,131.305,4,1,1853.459,2704.0955,247124.28,9070.123,255,1821390338,1293978566,255,0.091255,0.061793,0.029462,53,44,0,0,2,2,0,0,0,0,Fuzzers,1
23.27591,tcp,http,FIN,14,18,1684,10168,1.331849,537.5515,3300.9236,3,5,1790.4276,1369.137,156252.72,136646.45,255,1166977160,3313595088,255,0.000717,0.000574,0.000143,120,565,1,3924,3,1,0,0,1,0,Normal,0
2.2e-05,udp,-,INT,2,0,2730,0,45454.547,496363650.0,0.0,0,0,0.022,0.0,0.0,0.0,0,0,0,0,0.0,0.0,0.0,1365,0,0,0,1,1,0,0,0,0,Fuzzers,1
1.824011,tcp,smtp,FIN,62,26,59588,2118,47.697083,257134.42,8934.157,28,8,29.90182,69.08104,2494.692,90.42059,255,3683888240,207788369,255,0.176431,0.096227,0.080204,961,81,0,0,1,1,0,0,0,0,Exploits,1
9e-06,unas,-,INT,2,0,200,0,111111.11,88888890.0,0.0,0,0,0.009,0.0,0.0,0.0,0,0,0,0,0.0,0.0,0.0,100,0,0,0,3,3,0,0,0,0,Backdoor,1
0.462855,tcp,-,FIN,10,8,756,354,36.728565,11770.425,5358.0493,2,1,51.428333,58.20943,3295.8916,108.54187,255,636115129,1796998843,255,0.104801,0.054789,0.050012,76,44,0,0,2,1,0,0,0,0,Fuzzers,1
0.534774,tcp,-,FIN,10,6,756,268,28.049232,10187.481,3350.9482,2,1,57.33433,91.6354,2894.183,139.51459,255,2506581580,2280001146,255,0.132239,0.076594,0.055645,76,45,0,0,1,1,0,0,0,0,Fuzzers,1
8e-06,ipv6-no,-,INT,2,0,200,0,125000.0,100000000.0,0.0,0,0,0.008,0.0,0.0,0.0,0,0,0,0,0.0,0.0,0.0,100,0,0,0,1,1,0,0,0,0,Backdoor,1
31.56226,tcp,-,FIN,20,12,2216,536,0.982186,533.80206,124.7059,4,1,1659.7075,2863.0295,222837.7,8828.67,255,505094852,3433063302,255,0.144251,0.06893,0.075321,111,45,0,0,3,3,0,0,0,0,Fuzzers,1
2.036021,tcp,-,FIN,28,42,2198,34406,33.88963,8329.973,131971.14,5,15,81.42772,50.87135,6485.3745,4318.698,255,2857390771,3096899129,255,0.001995,0.001167,0.000828,79,819,0,0,15,1,0,0,0,0,Normal,0
0.541002,tcp,-,FIN,12,8,1000,756,35.12002,13560.024,9789.243,3,2,45.944,66.99257,2464.732,84.73713,255,2587313626,4087582768,255,0.148273,0.072053,0.07622,83,95,0,0,2,1,0,0,0,0,Fuzzers,1
1e-05,udp,-,INT,2,0,2128,0,100000.0,851200000.0,0.0,0,0,0.01,0.0,0.0,0.0,0,0,0,0,0.0,0.0,0.0,1064,0,0,0,1,1,0,0,0,0,Fuzzers,1
3e-06,udp,-,INT,2,0,104,0,333333.3,138666660.0,0.0,0,0,0.003,0.0,0.0,0.0,0,0,0,0,0.0,0.0,0.0,52,0,0,0,6,1,0,0,0,0,Fuzzers,1
0.263088,udp,-,CON,4,4,528,304,26.607067,12041.599,6933.0415,0,0,82.666336,65.00467,116.89937,91.92553,0,0,0,0,0.0,0.0,0.0,132,76,0,0,1,1,0,0,0,0,Normal,0
0.699916,tcp,http,FIN,60,14,68199,612,104.298225,766526.25,6503.6377,27,1,11.862983,48.053616,1207.7533,67.14189,255,3886854106,1357178512,255,0.055263,0.035176,0.020087,1137,44,1,0,2,1,0,0,1,0,Fuzzers,1
1.357879,tcp,-,FIN,30,24,10894,3254,39.03146,62043.816,18375.717,12,10,46.823414,57.654305,2426.9744,68.50064,255,2487711373,605464524,255,0.082961,0.021634,0.061327,363,136,0,0,1,1,0,0,0,0,Normal,0
0.00113,udp,dns,CON,2,2,146,178,2654.8672,516814.16,630088.5,0,0,0.009,0.007,0.0,0.0,0,0,0,0,0.0,0.0,0.0,73,89,0,0,1,1,0,0,0,0,Normal,0
2.472218,tcp,-,FIN,16,18,1540,1644,13.348337,4672.727,5025.447,4,4,164.7906,144.42365,11927.333,289.9647,255,3774100565,3378026780,255,0.017188,0.017012,0.000176,96,91,0,0,12,1,0,0,0,0,Normal,0
2.03613,tcp,-,FIN,16,18,1540,1644,16.207216,5673.5083,6101.7715,4,4,145.35957,111.290115,8173.8877,240.11308,255,364523512,3225022507,255,0.211976,0.144198,0.067778,96,91,0,0,13,1,0,0,0,0,Normal,0
1.670862,tcp,-,FIN,16,18,1540,1644,19.750284,6913.797,7435.683,4,4,119.27029,98.235535,6829.778,169.81418,255,3291529556,1245043693,255,0.000972,0.000854,0.000118,96,91,0,0,9,1,0,0,0,0,Normal,0
0.725089,udp,-,CON,4,4,528,304,9.653987,4369.1187,2515.5532,0,0,98.68266,166.98532,139.55412,236.14938,0,0,0,0,0.0,0.0,0.0,132,76,0,0,1,1,0,0,0,0,Normal,0
9e-06,udp,-,INT,2,0,384,0,111111.11,170666660.0,0.0,0,0,0.009,0.0,0.0,0.0,0,0,0,0,0.0,0.0,0.0,192,0,0,0,3,1,0,0,0,0,Fuzzers,1
1.005668,tcp,http,FIN,12,18,1580,10168,28.836554,11526.666,76398.97,3,5,91.39318,59.12818,9530.57,7674.9614,255,1927105626,4073543898,255,0.000617,0.000485,0.000132,132,565,1,3924,2,1,0,0,1,0,Normal,0
0.878675,tcp,-,FIN,12,10,3042,830,23.899622,25392.78,6801.1494,3,2,75.95391,90.141556,4951.3022,112.818665,255,828869516,1162925421,255,0.122873,0.067395,0.055478,254,83,0,0,1,1,0,0,0,0,Fuzzers,1
4e-06,udp,-,INT,2,0,104,0,250000.0,104000000.0,0.0,0,0,0.004,0.0,0.0,0.0,0,0,0,0,0.0,0.0,0.0,52,0,0,0,3,1,0,0,0,0,Fuzzers,1
3.799452,tcp,-,FIN,16,18,1540,1644,8.685463,3040.4385,3269.945,4,4,253.27461,218.21654,18773.402,520.0155,255,2807328645,1216448478,255,0.091559,0.089768,0.001791,96,91,0,0,10,1,0,0,0,0,Normal,0
0.885087,tcp,-,FIN,12,8,3030,758,21.466816,25109.396,6001.67,3,2,77.91391,114.142,4193.639,148.566,255,3778813001,877435223,255,0.193967,0.086091,0.107876,253,95,0,0,1,1,0,0,0,0,Fuzzers,1
0.373618,tcp,-,FIN,10,6,892,268,40.147957,17194.031,4796.343,2,1,38.055557,63.7044,2006.5367,97.94126,255,3219100110,2572559002,255,0.100124,0.055093,0.045031,89,45,0,0,1,1,0,0,0,0,Fuzzers,1
0.361446,tcp,-,FIN,10,6,756,268,41.499977,15072.791,4957.864,2,1,37.812668,52.4686,2043.6353,78.044464,255,3519963622,953804756,255,0.142145,0.099094,0.043051,76,45,0,0,2,1,0,0,0,0,Fuzzers,1
35.21572,tcp,-,FIN,20,14,1068,622,0.937081,230.57884,131.305,4,1,1853.459,2704.0955,247124.28,9070.123,255,1821390338,1293978566,255,0.091255,0.061793,0.029462,53,44,0,0,2,2,0,0,0,0,Fuzzers,1
1.398053,tcp,http,FIN,60,14,68191,612,52.215473,383705.03,3255.9565,27,1,22.257118,100.088844,2138.9873,120.76082,255,3380030802,1997111894,255,0.213676,0.096889,0.116787,1137,44,1,0,2,1,0,0,1,0,Fuzzers,1
9e-06,unas,-,INT,2,0,200,0,111111.11,88888890.0,0.0,0,0,0.009,0.0,0.0,0.0,0,0,0,0,0.0,0.0,0.0,100,0,0,0,4,4,0,0,0,0,Backdoor,1
0.445854,tcp,-,FIN,40,42,2558,23162,181.67381,44768.016,405711.28,7,14,11.424205,10.860927,781.9974,763.7995,255,2876684873,1736662115,255,0.000676,0.000553,0.000123,64,551,0,0,1,1,0,0,0,0,Normal,0
8e-06,unas,-,INT,2,0,200,0,125000.0,100000000.0,0.0,0,0,0.008,0.0,0.0,0.0,0,0,0,0,0.0,0.0,0.0,100,0,0,0,3,3,0,0,0,0,Backdoor,1
1e-05,udp,-,INT,2,0,1254,0,100000.0,501600000.0,0.0,0,0,0.01,0.0,0.0,0.0,0,0,0,0,0.0,0.0,0.0,627,0,0,0,7,1,0,0,0,0,Normal,0
53.54965,tcp,-,FIN,24,18,2144,1524,0.765645,307.00482,215.12746,7,6,2328.1995,3146.653,342749.6,12217.134,255,495973080,2124431073,255,0.086223,0.056532,0.029691,89,85,0,0,2,2,0,0,0,0,Fuzzers,1
6e-06,udp,-,INT,2,0,104,0,166666.66,69333330.0,0.0,0,0,0.006,0.0,0.0,0.0,0,0,0,0,0.0,0.0,0.0,52,0,0,0,1,1,0,0,0,0,Fuzzers,1
1.982903,tcp,-,FIN,16,18,1540,1644,16.642265,5825.802,6265.561,4,4,132.1728,111.92382,8362.789,204.89824,255,541941707,3223237064,255,0.08102,0.080197,0.000823,96,91,0,0,8,1,0,0,0,0,Normal,0
0.899093,tcp,-,FIN,42,42,2662,23162,92.315254,23125.53,201189.42,7,14,21.918732,21.91739,0.0,38.737724,255,367099714,1145568489,255,0.000596,0.000476,0.00012,63,551,0,0,1,1,0,0,0,0,Normal,0
1.344464,tcp,-,FIN,16,18,1540,1644,24.5451,8592.272,9240.857,4,4,89.60367,83.95769,5868.0913,174.56967,255,3264875117,1033718462,255,0.00134,0.001135,0.000205,96,91,0,0,5,1,0,0,0,0,Normal,0
0.539033,tcp,-,FIN,16,18,1540,1644,61.22074,21430.97,23048.682,4,4,35.8964,31.678883,2974.673,75.61161,255,209551153,2883186059,255,0.000603,0.000483,0.00012,96,91,0,0,4,1,0,0,0,0,Normal,0
1.712489,tcp,-,FIN,12,8,986,716,11.094962,4223.093,2929.0698,3,2,152.54582,214.511,8650.769,353.35767,255,1987727682,2043252,255,0.347668,0.210907,0.136761,82,90,0,0,1,1,0,0,0,0,Fuzzers,1
1.615839,tcp,ftp,FIN,14,12,810,682,15.471838,3728.0942,3099.3186,4,4,116.879074,139.259,6813.1924,192.03758,255,2100205591,1911663050,255,0.185844,0.083987,0.101857,58,57,0,0,2,1,1,1,0,0,Fuzzers,1
1.580009,tcp,-,FIN,78,80,4550,72810,99.36652,22744.174,364048.56,7,33,20.515467,19.993797,1212.0792,1195.3313,255,3519966839,3520193146,255,0.000627,0.000496,0.000131,58,910,0,0,1,1,0,0,0,0,Normal,0
0.98383,tcp,-,FIN,8,8,364,442,15.246537,2593.944,3146.8853,1,2,140.40985,125.193,8633.111,230.23903,255,988153347,1049192156,255,0.177827,0.107473,0.070354,46,55,0,0,1,1,0,0,0,0,Backdoor,1
0.084043,tcp,-,FIN,16,18,1540,1644,392.65613,137453.44,147829.08,4,4,5.570067,5.221938,354.7926,8.678008,255,3379132209,1257982511,255,0.000608,0.000486,0.000122,96,91,0,0,17,1,0,0,0,0,Normal,0
0.829596,tcp,-,FIN,10,8,484,354,20.491903,4204.456,2989.407,2,1,92.17733,105.39414,5175.4272,188.27826,255,3010269219,376334483,255,0.225047,0.091085,0.133962,48,44,0,0,1,1,0,0,0,0,Fuzzers,1
0.5537,tcp,-,FIN,12,8,1062,758,34.314613,14072.604,9593.644,3,2,47.54909,70.34286,2807.8284,95.14519,255,394128460,859654863,255,0.139477,0.061292,0.078185,89,95,0,0,2,1,0,0,0,0,Fuzzers,1
9e-06,udp,-,INT,2,0,104,0,111111.11,46222220.0,0.0,0,0,0.009,0.0,0.0,0.0,0,0,0,0,0.0,0.0,0.0,52,0,0,0,1,1,0,0,0,0,Fuzzers,1
15.880963,tcp,http,FIN,12,18,1580,10168,1.826086,729.93054,4837.9937,3,5,1443.6941,934.1412,101726.81,80703.62,255,1684518443,3830994974,255,0.000703,0.000559,0.000144,132,565,1,3924,1,1,0,0,1,0,Normal,0
2e-06,udp,-,INT,2,0,104,0,500000.0,208000000.0,0.0,0,0,0.002,0.0,0.0,0.0,0,0,0,0,0.0,0.0,0.0,52,0,0,0,5,1,0,0,0,0,Fuzzers,1
0.721694,tcp,-,FIN,60,14,68201,612,101.1509,743417.56,6307.3823,27,1,12.232102,51.81377,1252.0013,68.55641,255,2077011114,3354575399,255,0.059842,0.04733,0.012512,1137,44,1,0,2,1,0,0,1,0,Fuzzers,1
15.087037,tcp,http,FIN,8,10,1052,824,1.126795,488.36627,393.45035,2,2,2153.1338,1676.2749,176010.95,4664.723,255,2832356189,2837620385,255,0.00069,0.00055,0.00014,132,82,1,83,5,1,0,0,1,0,Normal,0
9e-06,ib,-,INT,2,0,200,0,111111.11,88888890.0,0.0,0,0,0.009,0.0,0.0,0.0,0,0,0,0,0.0,0.0,0.0,100,0,0,0,2,2,0,0,0,0,Analysis,1
0.832441,tcp,-,FIN,10,8,564,354,20.421867,4882.028,2979.1902,2,1,90.36022,110.04514,6786.8013,156.3471,255,540354170,523658609,255,0.105836,0.062116,0.04372,56,44,0,0,1,1,0,0,0,0,Reconnaissance,1
1.254576,tcp,-,FIN,10,8,564,354,13.550395,3239.3416,1976.7635,2,1,139.39734,170.93343,10005.939,245.55862,255,4128126184,4150571777,255,0.128934,0.057248,0.071686,56,44,0,0,2,1,0,0,0,0,Reconnaissance,1
3e-06,udp,-,INT,2,0,104,0,333333.3,138666660.0,0.0,0,0,0.003,0.0,0.0,0.0,0,0,0,0,0.0,0.0,0.0,52,0,0,0,1,1,0,0,0,0,Fuzzers,1
1.574115,tcp,ftp,FIN,14,12,810,682,15.88194,3826.912,3181.4702,4,4,121.06722,131.44846,6843.4565,174.87251,255,3543542653,3175597470,255,0.212054,0.128181,0.083873,58,57,0,0,2,1,1,1,0,0,Fuzzers,1
4.127877,tcp,-,FIN,30,42,2302,34406,17.200125,4314.0815,65093.02,5,15,142.31528,100.66692,12611.381,11965.034,255,1454456030,1088480197,255,0.00069,0.000532,0.000158,77,819,0,0,10,1,0,0,0,0,Normal,0
1.4e-05,mobile,-,INT,1,0,60,0,0.0,0.0,0.0,0,0,0.0,0.0,0.0,0.0,0,0,0,0,0.0,0.0,0.0,60,0,0,0,3,3,0,0,0,0,Exploits,1
0.877776,tcp,ftp,FIN,52,54,2934,3740,119.62049,26229.926,33457.28,11,15,17.54928,16.870539,1625.5645,53.78572,255,1409550570,1411593987,255,0.000623,0.000507,0.000116,56,69,0,0,1,1,1,1,0,0,Normal,0
9e-06,udp,-,INT,2,0,504,0,111111.11,224000000.0,0.0,0,0,0.009,0.0,0.0,0.0,0,0,0,0,0.0,0.0,0.0,252,0,0,0,3,1,0,0,0,0,Fuzzers,1
25.851397,tcp,-,FIN,66,66,3910,51808,5.067424,1191.7345,15789.94,7,26,423.78827,397.70428,57767.254,1725.0929,255,1706969048,1707306809,255,0.000735,0.000603,0.000132,59,785,0,0,1,1,0,0,0,0,Normal,0
6e-06,udp,-,INT,2,0,104,0,166666.66,69333330.0,0.0,0,0,0.006,0.0,0.0,0.0,0,0,0,0,0.0,0.0,0.0,52,0,0,0,1,1,0,0,0,0,Fuzzers,1
0.629777,tcp,-,FIN,10,6,534,268,23.817953,6110.099,2845.4517,2,1,68.132225,114.782394,3683.2522,191.76567,255,958373708,984479785,255,0.15895,0.055856,0.103094,53,45,0,0,2,2,0,0,0,0,Fuzzers,1
0.000945,udp,dns,CON,2,2,146,178,3174.6033,617989.44,753439.2,0,0,0.009,0.004,0.0,0.0,0,0,0,0,0.0,0.0,0.0,73,89,0,0,1,1,0,0,0,0,Normal,0
5.267483,tcp,ftp,FIN,24,22,1272,1606,8.542979,1851.3585,2328.2466,7,9,229.021,245.77667,15798.069,509.52576,255,3837891247,2590036289,255,0.153493,0.084022,0.069471,53,73,0,0,1,1,1,1,0,0,Exploits,1
0.784043,tcp,-,FIN,12,8,1066,728,24.233364,9979.044,6499.6436,3,2,71.276634,103.93714,4397.299,175.52263,255,1997342776,1159400518,255,0.16671,0.055629,0.111081,89,91,0,0,1,1,0,0,0,0,Fuzzers,1
1.008415,tcp,-,FIN,10,6,706,268,14.874829,5045.542,1777.0461,2,1,111.94178,183.9368,7117.4663,322.8611,255,2968233538,3740880010,255,0.146214,0.088728,0.057486,71,45,0,0,1,1,0,0,0,0,Fuzzers,1
0.669079,tcp,-,FIN,10,8,564,354,25.40806,6074.021,3706.5876,2,1,72.355446,94.6,5703.8716,141.75291,255,1822971273,677869144,255,0.053324,0.006877,0.046447,56,44,0,0,1,1,0,0,0,0,Reconnaissance,1
1e-05,udp,-,INT,2,0,1064,0,100000.0,425600000.0,0.0,0,0,0.01,0.0,0.0,0.0,0,0,0,0,0.0,0.0,0.0,532,0,0,0,5,1,0,0,0,0,Normal,0
0.001162,udp,dns,CON,2,2,130,162,2581.7556,447504.3,557659.2,0,0,0.009,0.007,0.0,0.0,0,0,0,0,0.0,0.0,0.0,65,81,0,0,2,1,0,0,0,0,Normal,0
1.16401,tcp,-,FIN,10,8,2550,354,14.604685,15773.06,2130.566,2,1,129.33444,156.47342,7830.1396,241.567,255,209079349,3899693763,255,0.165954,0.067991,0.097963,255,44,0,0,1,1,0,0,0,0,Fuzzers,1
8e-06,unas,-,INT,2,0,200,0,125000.0,100000000.0,0.0,0,0,0.008,0.0,0.0,0.0,0,0,0,0,0.0,0.0,0.0,100,0,0,0,2,2,0,0,0,0,Analysis,1
1e-06,fire,-,INT,2,0,200,0,1000000.0,800000000.0,0.0,0,0,0.001,0.0,0.0,0.0,0,0,0,0,0.0,0.0,0.0,100,0,0,0,1,1,0,0,0,0,Backdoor,1
0.282936,tcp,-,FIN,12,8,998,708,67.15299,25871.574,17530.467,3,2,24.315727,37.181854,1233.4246,50.78962,255,2753970100,3320641677,255,0.068249,0.022661,0.045588,83,89,0,0,2,1,0,0,0,0,Fuzzers,1
4.802888,tcp,smtp,FIN,242,54,304078,3078,61.42138,504399.88,5031.9727,118,8,19.925365,89.66777,2155.2212,107.54699,255,3695559833,3782355530,255,0.132189,0.050493,0.081696,1257,57,0,0,1,1,0,0,0,0,Exploits,1
0.454651,tcp,-,FIN,10,6,534,268,32.99234,8463.635,3941.4849,2,1,50.516777,64.4244,2636.044,93.27429,255,1731972803,113029007,255,0.195097,0.131738,0.063359,53,45,0,0,3,2,0,0,0,0,Fuzzers,1
43.810734,tcp,http,FIN,20,12,1196,536,0.707589,207.62035,89.840996,4,1,2305.7722,3980.8896,313161.4,12428.767,255,2070575373,177197537,255,0.034723,0.020932,0.013791,60,45,1,0,3,2,0,0,2,0,Fuzzers,1
0.001119,udp,dns,CON,2,2,132,164,2680.965,471849.84,586237.7,0,0,0.009,0.007,0.0,0.0,0,0,0,0,0.0,0.0,0.0,66,82,0,0,1,1,0,0,0,0,Normal,0
0.001237,udp,dns,CON,2,2,132,164,2425.2224,426839.12,530315.3,0,0,0.01,0.007,0.0,0.0,0,0,0,0,0.0,0.0,0.0,66,82,0,0,1,1,0,0,0,0,Normal,0
4e-06,unas,-,INT,2,0,200,0,250000.0,200000000.0,0.0,0,0,0.004,0.0,0.0,0.0,0,0,0,0,0.0,0.0,0.0,100,0,0,0,2,2,0,0,0,0,Analysis,1
3e-06,idpr,-,INT,2,0,200,0,333333.3,266666660.0,0.0,0,0,0.003,0.0,0.0,0.0,0,0,0,0,0.0,0.0,0.0,100,0,0,0,1,1,0,0,0,0,Backdoor,1
0.000962,udp,dns,CON,2,2,132,164,3118.5032,548856.56,681912.7,0,0,0.001,0.001,0.0,0.0,0,0,0,0,0.0,0.0,0.0,66,82,0,0,1,1,0,0,0,0,Normal,0
0.020026,tcp,-,FIN,16,18,1540,1644,1647.8578,576850.06,620393.5,4,4,1.312467,1.151118,97.5095,1.894005,255,907100982,913431223,255,0.00057,0.000454,0.000116,96,91,0,0,6,1,0,0,0,0,Normal,0
1.369872,tcp,-,FIN,40,42,2558,23162,59.129612,14570.705,132047.38,7,14,35.117126,33.397926,2312.3918,2255.1482,255,3359839661,836146202,255,0.000679,0.000554,0.000125,64,551,0,0,1,1,0,0,0,0,Normal,0
1.089362,pim,-,INT,8,0,480,0,6.425779,3084.374,0.0,0,0,155.62314,0.0,372.3148,0.0,0,0,0,0,0.0,0.0,0.0,60,0,0,0,1,1,0,0,0,0,Exploits,1
5e-06,udp,-,INT,2,0,104,0,200000.0,83200000.0,0.0,0,0,0.005,0.0,0.0,0.0,0,0,0,0,0.0,0.0,0.0,52,0,0,0,1,1,0,0,0,0,Fuzzers,1
0.001137,udp,dns,CON,2,2,146,178,2638.5222,513632.34,626209.3,0,0,0.009,0.009,0.0,0.0,0,0,0,0,0.0,0.0,0.0,73,89,0,0,1,1,0,0,0,0,Normal,0
0.0,arp,-,INT,1,0,46,0,0.0,0.0,0.0,0,0,0.0,0.0,0.0,0.0,0,0,0,0,0.0,0.0,0.0,46,0,0,0,1,1,0,0,0,1,Normal,0
3e-06,unas,-,INT,2,0,200,0,333333.3,266666660.0,0.0,0,0,0.003,0.0,0.0,0.0,0,0,0,0,0.0,0.0,0.0,100,0,0,0,3,3,0,0,0,0,Backdoor,1
0.00108,udp,dns,CON,2,2,146,178,2777.7778,540740.75,659259.3,0,0,0.009,0.008,0.0,0.0,0,0,0,0,0.0,0.0,0.0,73,89,0,0,1,1,0,0,0,0,Normal,0
42.044567,arp,-,CON,2,2,56,92,0.071353,5.32768,8.752617,0,0,42043.473,42043.55,0.0,0.0,0,0,0,0,0.0,0.0,0.0,28,46,0,0,1,1,0,0,0,0,Normal,0
32.081898,tcp,http,FIN,120,28,136392,1224,4.582023,33727.68,294.4963,79,1,271.69247,1185.5386,88918.95,5758.2837,255,151555914,842860119,255,0.123285,0.072349,0.050936,1137,44,1,0,3,2,0,0,2,0,Fuzzers,1
0.613701,tcp,-,FIN,12,10,1098,802,34.21862,13126.914,9411.75,3,2,55.70773,61.180107,3655.8115,105.02949,255,3963967833,1812966615,255,0.124082,0.063071,0.061011,92,80,0,0,2,1,0,0,0,0,Fuzzers,1
0.087628,tcp,http,FIN,8,10,1052,824,194.00192,84082.71,67740.91,2,2,12.468428,6.269333,726.9651,17.084656,255,1697034761,1788251214,255,0.032978,0.031203,0.001775,132,82,1,83,2,1,0,0,1,0,Normal,0
50.004364,ospf,-,REQ,6,0,384,0,0.099991,51.19553,0.0,0,0,10000.873,0.0,0.0,0.0,0,0,0,0,0.0,0.0,0.0,64,0,0,0,1,2,0,0,0,0,Normal,0
14.920791,tcp,http,FIN,8,10,1052,824,1.13935,493.80762,397.83414,2,2,2131.3877,1657.802,176732.38,4654.5776,255,2776552352,628143848,255,0.000727,0.000569,0.000158,132,82,1,83,2,1,0,0,4,0,Normal,0
0.000921,udp,dns,CON,2,2,146,178,3257.3289,634093.4,773072.75,0,0,0.001,0.009,0.0,0.0,0,0,0,0,0.0,0.0,0.0,73,89,0,0,2,1,0,0,0,0,Normal,0
0.049045,tcp,-,FIN,30,42,2302,34406,1447.6501,363095.12,5478560.5,5,15,1.7405,1.184707,97.79978,76.97599,255,3712489042,3720016361,255,0.000578,0.000469,0.000109,77,819,0,0,12,1,0,0,0,0,Normal,0
1.912071,tcp,ftp,FIN,14,12,756,682,13.074828,2937.1294,2619.1497,4,4,140.83292,163.15135,8542.179,239.8817,255,2408818715,2568977211,255,0.221371,0.117398,0.103973,54,57,0,0,1,1,0,0,0,0,Fuzzers,1
1.478562,tcp,-,FIN,16,18,1540,1644,22.318983,7812.9966,8402.759,4,4,98.5504,86.85112,7109.2837,172.8277,255,532007423,1079635961,255,0.002233,0.002092,0.000141,96,91,0,0,6,1,0,0,0,0,Normal,0
0.304583,tcp,http,FIN,10,8,842,2476,55.81401,19909.186,56917.16,2,2,33.842556,41.000286,1683.3228,57.242027,255,2794373470,3293312685,255,0.068678,0.01692,0.051758,84,310,1,810,1,1,0,0,1,0,Normal,0
2.030307,tcp,http,FIN,20,8,15684,354,13.298481,58710.332,1221.4901,7,1,102.684425,268.46957,10840.485,403.10965,255,3159087061,2119345826,255,0.323826,0.151014,0.172812,784,44,1,0,1,1,0,0,1,0,Exploits,1
25.004278,tcp,-,FIN,64,66,3806,51808,5.159117,1198.8348,16324.887,7,26,396.88803,390.68155,86966.61,86941.99,255,781940328,782287711,255,0.000776,0.00064,0.000136,59,785,0,0,1,1,0,0,0,0,Normal,0
0.001113,udp,dns,CON,2,2,132,164,2695.4177,474393.53,589398.06,0,0,0.009,0.008,0.0,0.0,0,0,0,0,0.0,0.0,0.0,66,82,0,0,1,1,0,0,0,0,Normal,0
26.962067,tcp,http,FIN,8,10,1052,824,0.630515,273.27283,220.16116,2,2,3851.6667,3370.1787,320480.38,8915.475,255,4162298773,2018212318,255,0.000792,0.000627,0.000165,132,82,1,83,7,1,0,0,1,0,Normal,0
0.884127,tcp,http,FIN,60,14,68197,612,82.56732,606799.7,5148.5815,27,1,14.627916,63.92754,1455.7782,79.36663,255,3819032705,564294122,255,0.123566,0.05306,0.070506,1137,44,1,0,1,1,0,0,1,0,Fuzzers,1
0.010215,tcp,http,FIN,8,10,1052,824,1664.2192,721292.2,581106.2,2,2,1.411,1.082444,96.770004,1.87802,255,3674936232,1530456344,255,0.000591,0.00047,0.000121,132,82,1,83,1,1,0,0,1,0,Normal,0
0.393556,tcp,http,FIN,10,8,860,1096,43.195885,15733.466,19494.049,2,2,43.728443,47.669144,2124.838,71.80587,255,3882971404,3084071099,255,0.120313,0.059201,0.061112,86,137,1,103,1,1,0,0,1,0,Normal,0
1.098267,tcp,-,FIN,12,8,980,724,17.299982,6548.499,4618.185,3,2,99.76309,140.80443,5644.064,246.34851,255,2078175669,1680796369,255,0.20617,0.112632,0.093538,82,91,0,0,1,1,0,0,0,0,Fuzzers,1
0.121478,tcp,-,FIN,6,4,258,172,74.08749,14158.942,8495.365,0,0,24.2956,8.375,30.177547,11.830604,255,621772692,2202533631,255,0.0,0.0,0.0,43,43,0,0,1,1,0,0,0,0,Normal,0
6e-06,udp,-,INT,2,0,234,0,166666.66,156000000.0,0.0,0,0,0.006,0.0,0.0,0.0,0,0,0,0,0.0,0.0,0.0,117,0,0,0,1,1,0,0,0,0,Fuzzers,1
5.127974,tcp,pop3,FIN,22,40,1038,31110,11.895536,1546.0297,47321.613,7,18,244.18924,127.56685,20579.988,14828.1455,255,1558652669,814533051,255,0.270529,0.152448,0.118081,47,778,0,0,1,1,0,0,0,0,Exploits,1
0.920591,tcp,-,FIN,12,10,1232,844,22.811434,9819.779,6604.453,3,2,83.578545,92.72244,4823.2183,144.80376,255,1487773538,4166991341,255,0.181485,0.086088,0.095397,103,84,0,0,1,1,0,0,0,0,Fuzzers,1
0.78749,tcp,-,FIN,10,8,564,354,21.587576,5160.7,3149.2463,2,1,82.41511,103.44929,5839.841,144.39539,255,1807443142,620591812,255,0.125749,0.063327,0.062422,56,44,0,0,1,1,0,0,0,0,Reconnaissance,1
0.021549,tcp,-,FIN,16,18,1540,1644,1531.3936,536080.56,576546.5,4,4,1.415867,1.237235,88.816795,2.417425,255,3044168292,3045601940,255,0.000631,0.000515,0.000116,96,91,0,0,6,1,0,0,0,0,Normal,0
0.60806,tcp,-,FIN,10,8,534,354,27.957767,6328.3228,4078.545,1,0,6926.6963,8655.616,686572.94,22704.686,255,1202831515,3960841167,255,0.107892,0.062959,0.044933,53,44,0,0,3,3,0,0,0,0,Fuzzers,1
3.241132,tcp,-,FIN,30,42,2302,34406,21.905928,5494.3765,82901.9,5,15,111.75197,79.03949,7357.0503,7419.3794,255,244520270,1088406400,255,0.000753,0.000512,0.000241,77,819,0,0,5,1,0,0,0,0,Normal,0
12.364369,tcp,-,FIN,16,18,1272,2572,2.668959,771.8954,1572.2598,4,4,824.2684,727.2757,44964.91,1132.9518,255,4009904976,4010249487,255,0.000823,0.000674,0.000149,80,143,0,0,1,1,0,0,0,0,Normal,0
17.625374,sctp,-,CON,250,24,248562,1652,15.489033,112368.91,718.9635,0,0,70.784615,169.60834,97.73303,196.92818,0,0,0,0,0.0,0.0,0.0,994,69,0,0,1,1,0,0,0,0,Fuzzers,1
0.896357,tcp,-,FIN,60,14,68195,612,81.440765,598502.6,5078.334,27,1,15.192492,63.714,1532.1113,78.50079,255,1778648583,1126459011,255,0.125823,0.067459,0.058364,1137,44,1,0,1,1,0,0,1,0,Fuzzers,1
0.986512,tcp,-,FIN,10,6,1506,268,15.205086,10996.318,1816.501,2,1,102.89689,180.29921,5272.966,279.01785,255,3858889612,1131521857,255,0.177754,0.08501,0.092744,151,45,0,0,1,1,0,0,0,0,Fuzzers,1
9e-06,unas,-,INT,2,0,200,0,111111.11,88888890.0,0.0,0,0,0.009,0.0,0.0,0.0,0,0,0,0,0.0,0.0,0.0,100,0,0,0,2,2,0,0,0,0,Analysis,1
2e-06,a/n,-,INT,2,0,200,0,500000.0,400000000.0,0.0,0,0,0.002,0.0,0.0,0.0,0,0,0,0,0.0,0.0,0.0,100,0,0,0,2,2,0,0,0,0,Backdoor,1
1e-05,udp,-,INT,2,0,2128,0,100000.0,851200000.0,0.0,0,0,0.01,0.0,0.0,0.0,0,0,0,0,0.0,0.0,0.0,1064,0,0,0,1,1,0,0,0,0,Fuzzers,1
0.316978,tcp,-,FIN,38,40,2438,18508,242.91907,59915.83,455451.16,7,13,8.796445,8.113257,584.8379,558.0806,255,1507100025,2127728460,255,0.000702,0.000557,0.000145,64,463,0,0,1,1,0,0,0,0,Normal,0
0.225643,tcp,-,FIN,10,6,756,268,66.47669,24144.334,7941.749,2,1,23.641443,39.7668,1227.122,64.731865,255,3269020768,3000097982,255,0.061294,0.026807,0.034487,76,45,0,0,3,1,0,0,0,0,Fuzzers,1
8e-06,unas,-,INT,2,0,200,0,125000.0,100000000.0,0.0,0,0,0.008,0.0,0.0,0.0,0,0,0,0,0.0,0.0,0.0,100,0,0,0,6,6,0,0,0,0,Analysis,1
0.681279,tcp,-,FIN,10,6,1792,268,22.01741,18940.846,2630.3467,2,1,66.35,123.5416,3534.2317,162.49045,255,2669157527,216806046,255,0.163845,0.063566,0.100279,179,45,0,0,1,1,0,0,0,0,Fuzzers,1
1.333938,tcp,-,FIN,16,18,1540,1644,24.738781,8660.072,9313.776,4,4,88.90267,78.44018,7698.7935,156.45776,255,3039002063,1134753039,255,0.002532,0.000452,0.00208,96,91,0,0,6,1,0,0,0,0,Normal,0
1e-05,udp,-,INT,2,0,1448,0,100000.0,579200000.0,0.0,0,0,0.01,0.0,0.0,0.0,0,0,0,0,0.0,0.0,0.0,724,0,0,0,5,1,0,0,0,0,Normal,0
1.138659,tcp,-,FIN,60,14,68183,612,64.110504,471059.38,3997.685,27,1,18.282679,81.85723,1837.8007,100.36849,255,2948628825,224594468,255,0.138453,0.074512,0.063941,1136,44,1,0,1,1,0,0,1,0,Fuzzers,1
0.40552,tcp,-,FIN,10,6,756,268,36.989544,13434.603,4419.0176,2,1,39.869,69.6172,2198.8118,90.158485,255,2008483628,1610672633,255,0.096607,0.05743,0.039177,76,45,0,0,2,1,0,0,0,0,Fuzzers,1
3e-06,unas,-,INT,2,0,200,0,333333.3,266666660.0,0.0,0,0,0.003,0.0,0.0,0.0,0,0,0,0,0.0,0.0,0.0,100,0,0,0,4,4,0,0,0,0,Backdoor,1
0.018788,tcp,-,FIN,16,18,1540,1644,1756.4402,614860.5,661273.1,4,4,1.162333,1.078647,70.61147,2.145824,255,2345004338,2349016711,255,0.000571,0.000447,0.000124,96,91,0,0,6,1,0,0,0,0,Normal,0
0.717306,tcp,-,FIN,16,18,1540,1644,46.00547,16104.702,17320.361,4,4,47.798466,36.119232,3242.944,134.8656,255,649424360,1095242610,255,0.208066,0.103278,0.104788,96,91,0,0,4,1,0,0,0,0,Normal,0
1.217802,tcp,-,FIN,10,6,1014,268,12.317273,5997.691,1471.5035,2,1,132.73866,228.0636,9031.159,429.8562,255,3272658376,2651189891,255,0.177709,0.077479,0.10023,101,45,0,0,1,1,0,0,0,0,Fuzzers,1
1.120004,tcp,-,FIN,16,18,1540,1644,29.464178,10314.248,11092.817,4,4,79.8525,65.854065,4858.9062,152.83542,255,958409376,1198136139,255,0.000602,0.000484,0.000118,96,91,0,0,13,1,0,0,0,0,Normal,0
0.475158,tcp,-,FIN,14,10,774,556,48.40495,12105.447,8435.089,4,3,35.749233,50.938667,1851.8776,73.794395,255,2892412768,149482031,255,0.056977,0.016702,0.040275,55,56,0,0,1,1,0,0,0,0,Fuzzers,1
0.021484,tcp,-,FIN,16,18,1540,1644,1536.0267,537702.44,578290.8,4,4,1.410533,1.314437,86.97647,2.590114,255,3044166666,3048738474,255,0.000569,0.00045,0.000119,96,91,0,0,6,1,0,0,0,0,Normal,0
23.93485,udp,-,INT,4,0,360,0,0.12534,90.24497,0.0,0,0,7978.2837,0.0,11282.986,0.0,0,0,0,0,0.0,0.0,0.0,90,0,0,0,1,1,0,0,0,0,Fuzzers,1
0.001158,udp,dns,CON,2,2,146,178,2590.6736,504317.8,614853.2,0,0,0.009,0.008,0.0,0.0,0,0,0,0,0.0,0.0,0.0,73,89,0,0,1,1,0,0,0,0,Normal,0
2.853381,tcp,pop3,FIN,20,20,944,2658,13.667996,2514.9114,7082.125,7,8,150.17795,143.54854,7799.8735,216.70331,255,2699053708,2200432015,255,0.224129,0.097482,0.126647,47,133,0,0,1,1,0,0,0,0,Exploits,1
0.521584,tcp,-,FIN,10,8,534,354,32.593025,7377.5273,4754.747,2,1,55.794,66.05414,3770.5808,118.96263,255,205985702,316006300,255,0.116615,0.059195,0.05742,53,44,0,0,3,1,0,0,0,0,Normal,0
2.292833,tcp,-,FIN,16,18,1540,1644,14.392674,5038.308,5418.624,4,4,152.83553,142.09938,9227.746,262.08847,255,279491132,1001656787,255,0.020923,0.019242,0.001681,96,91,0,0,6,2,0,0,0,0,Normal,0
0.541427,tcp,-,FIN,10,6,534,268,27.704565,7107.1445,3309.772,2,1,57.65,94.288605,3305.8464,154.24467,255,1731132292,385494035,255,0.12676,0.069975,0.056785,53,45,0,0,2,2,0,0,0,0,Fuzzers,1
0.912009,tcp,http,FIN,10,6,1014,268,16.447206,8008.693,1964.893,2,1,100.72467,141.96721,6498.0195,276.97552,255,3768776264,1614449594,255,0.432579,0.202168,0.230411,101,45,1,0,1,1,0,0,1,0,Backdoor,1
2.05706,tcp,-,FIN,16,18,1540,1644,16.042313,5615.7817,6039.6875,4,4,137.10587,120.97477,8515.097,270.58588,255,3012361099,3869067128,255,0.000975,0.000488,0.000487,96,91,0,0,1,1,0,0,0,0,Normal,0
1.682325,udp,-,CON,4,4,568,312,4.160908,2025.768,1112.7457,0,0,543.343,421.31833,768.3946,595.8263,0,0,0,0,0.0,0.0,0.0,142,78,0,0,3,1,0,0,0,0,Normal,0
3e-06,unas,-,INT,2,0,200,0,333333.3,266666660.0,0.0,0,0,0.003,0.0,0.0,0.0,0,0,0,0,0.0,0.0,0.0,100,0,0,0,3,3,0,0,0,0,Analysis,1
0.700896,tcp,-,FIN,12,8,1250,766,27.108158,13080.399,7658.768,3,2,61.92555,85.84271,3178.7122,126.910095,255,3761157035,702801759,255,0.205835,0.099993,0.105842,104,96,0,0,1,1,0,0,0,0,Fuzzers,1
2.467686,tcp,-,FIN,30,42,2302,34406,28.771894,7216.4775,108885.82,5,15,91.383705,58.26576,5643.8735,4427.7837,255,1441939731,1029844724,255,0.081438,0.078787,0.002651,77,819,0,0,13,1,0,0,0,0,Normal,0
0.662371,tcp,-,FIN,10,8,756,354,25.665377,8224.998,3744.1255,2,1,73.59678,79.598,4578.5723,129.34938,255,3481392230,482038048,255,0.170846,0.104636,0.06621,76,44,0,0,1,1,0,0,0,0,Fuzzers,1
17.625374,sctp,-,CON,250,24,248562,1652,15.489033,112368.91,718.9635,0,0,70.784615,169.60834,97.73303,196.92818,0,0,0,0,0.0,0.0,0.0,994,69,0,0,1,1,0,0,0,0,Backdoor,1
2.014453,tcp,-,FIN,40,44,2558,23266,41.20225,9908.397,90299.45,7,14,51.644794,46.83537,3873.9338,3686.992,255,557035806,3181551974,255,0.000642,0.000516,0.000126,64,529,0,0,1,1,0,0,0,0,Normal,0
4.053662,tcp,-,FIN,16,18,1540,1644,8.140788,2849.769,3064.8833,4,4,270.22214,236.44571,17566.133,524.61957,255,3444876558,1196662843,255,0.034951,0.034084,0.000867,96,91,0,0,17,1,0,0,0,0,Normal,0
3e-06,udp,-,INT,2,0,170,0,333333.3,226666660.0,0.0,0,0,0.003,0.0,0.0,0.0,0,0,0,0,0.0,0.0,0.0,85,0,0,0,2,1,0,0,0,0,Fuzzers,1
0.02467,tcp,-,FIN,16,18,1540,1644,1337.6571,468261.06,503607.62,4,4,1.6246,1.424529,92.47449,2.611164,255,2289201413,144836511,255,0.000565,0.000449,0.000116,96,91,0,0,6,1,0,0,0,0,Normal,0
8e-06,udp,-,INT,2,0,104,0,125000.0,52000000.0,0.0,0,0,0.008,0.0,0.0,0.0,0,0,0,0,0.0,0.0,0.0,52,0,0,0,7,1,0,0,0,0,Fuzzers,1
0.948795,tcp,-,FIN,10,6,756,268,15.809526,5742.02,1888.7114,2,1,102.010445,176.64479,5900.6724,290.47827,255,2352951530,954154298,255,0.171302,0.065566,0.105736,76,45,0,0,1,1,0,0,0,0,Fuzzers,1
23.945032,tcp,http,FIN,8,10,1052,824,0.709959,307.70474,247.90111,2,2,3420.5972,2660.495,285603.78,7517.3623,255,3754808330,3760223890,255,0.000721,0.000568,0.000153,132,82,1,83,8,1,0,0,1,0,Normal,0
0.479727,tcp,-,FIN,12,6,3666,268,35.43682,56048.543,3735.4578,3,1,43.611546,83.755,2438.7148,133.93764,255,3562983066,1056319304,255,0.107979,0.060056,0.047923,306,45,0,0,1,1,0,0,0,0,Fuzzers,1
0.404772,tcp,-,FIN,10,6,756,268,37.0579,13459.429,4427.1836,2,1,40.78989,72.126396,2248.0422,96.63585,255,3656370435,789858776,255,0.1001,0.044132,0.055968,76,45,0,0,1,1,0,0,0,0,Fuzzers,1
9e-06,encap,-,INT,2,0,200,0,111111.11,88888890.0,0.0,0,0,0.009,0.0,0.0,0.0,0,0,0,0,0.0,0.0,0.0,100,0,0,0,2,2,0,0,0,0,Backdoor,1
5.788773,tcp,-,FIN,78,80,4550,72810,27.121464,6207.8784,99364.75,7,33,76.16309,74.17448,5948.5073,5858.888,255,2547451011,2553448823,255,0.003313,0.003154,0.000159,58,910,0,0,1,1,0,0,0,0,Normal,0
34.377533,tcp,http,FIN,12,18,1580,10168,0.843574,337.19696,2234.948,3,5,3125.1997,2022.1733,237771.69,190559.03,255,4174806968,2030563525,255,0.000729,0.000579,0.00015,132,565,1,3924,1,1,0,0,1,0,Normal,0
0.001151,udp,dns,CON,2,2,146,178,2606.4292,507384.88,618592.5,0,0,0.009,0.007,0.0,0.0,0,0,0,0,0.0,0.0,0.0,73,89,0,0,1,1,0,0,0,0,Normal,0
9e-06,unas,-,INT,2,0,200,0,111111.11,88888890.0,0.0,0,0,0.009,0.0,0.0,0.0,0,0,0,0,0.0,0.0,0.0,100,0,0,0,1,1,0,0,0,0,Backdoor,1
0.001627,udp,-,CON,4,4,520,304,4302.397,1917639.8,1121081.8,0,0,0.427,0.185,0.598212,0.253854,0,0,0,0,0.0,0.0,0.0,130,76,0,0,1,1,0,0,0,0,Normal,0
9e-06,smp,-,INT,2,0,200,0,111111.11,88888890.0,0.0,0,0,0.009,0.0,0.0,0.0,0,0,0,0,0.0,0.0,0.0,100,0,0,0,1,1,0,0,0,0,Exploits,1
0.056071,tcp,-,FIN,30,42,2302,34406,1266.2517,317597.34,4792067.5,5,15,1.922414,1.390125,105.23242,83.58286,255,1889552774,4042349777,255,0.000576,0.000462,0.000114,77,819,0,0,3,1,0,0,0,0,Normal,0
2.139302,tcp,ftp-data,FIN,8,10,364,3754,7.946517,1192.9125,12635.897,1,3,305.58014,223.48134,21720.082,18575.904,255,3328508379,2916541404,255,0.248771,0.127967,0.120804,46,375,0,0,1,1,0,0,0,0,Exploits,1
0.004492,udp,-,CON,4,4,568,304,1558.3258,758682.06,406055.2,0,0,1.208,0.978333,1.699886,1.372258,0,0,0,0,0.0,0.0,0.0,142,76,0,0,1,1,0,0,0,0,Normal,0
0.159687,tcp,-,FIN,16,18,1540,1644,206.65427,72341.516,77802.2,4,4,10.625,9.364177,725.1705,21.053013,255,3674941322,3692007904,255,0.000611,0.000495,0.000116,96,91,0,0,2,1,0,0,0,0,Normal,0
42.785805,tcp,http,FIN,352,746,18786,1087890,25.639345,3502.657,203138.78,2,370,122.24438,57.429863,44028.1,30197.87,255,349442018,2496116450,255,0.000747,0.000584,0.000163,53,1458,1,524288,2,1,0,0,1,0,Normal,0
1.681642,tcp,ftp,FIN,12,12,628,770,13.677108,2740.179,3358.622,1,3,152.87654,90.235725,259.08017,4991.7847,255,1107119177,1047442890,255,0.0,0.0,0.0,52,64,0,0,1,1,1,1,0,0,Normal,0
0.656971,tcp,-,FIN,10,8,564,354,25.876333,6185.966,3774.9004,2,1,70.86278,89.71071,5480.782,132.8176,255,2384793721,2561789118,255,0.04974,0.028991,0.020749,56,44,0,0,1,1,0,0,0,0,Reconnaissance,1
9e-06,udp,-,INT,2,0,104,0,111111.11,46222220.0,0.0,0,0,0.009,0.0,0.0,0.0,0,0,0,0,0.0,0.0,0.0,52,0,0,0,1,1,0,0,0,0,Fuzzers,1
9e-06,zero,-,INT,2,0,200,0,111111.11,88888890.0,0.0,0,0,0.009,0.0,0.0,0.0,0,0,0,0,0.0,0.0,0.0,100,0,0,0,2,2,0,0,0,0,Exploits,1
1e-06,unas,-,INT,2,0,200,0,1000000.0,800000000.0,0.0,0,0,0.001,0.0,0.0,0.0,0,0,0,0,0.0,0.0,0.0,100,0,0,0,1,1,0,0,0,0,Backdoor,1
0.076061,tcp,-,FIN,16,18,1540,1644,433.86227,151878.1,163342.58,4,4,5.048067,4.445824,392.76297,12.341313,255,3799135520,3816191064,255,0.000592,0.000476,0.000116,96,91,0,0,4,1,0,0,0,0,Normal,0
7.0741,tcp,-,FIN,64,66,3806,51808,18.235535,4237.4297,57702.324,7,26,112.282265,108.82401,8753.924,8614.216,255,1182063656,1182338060,255,0.000644,0.00053,0.000114,59,785,0,0,1,1,0,0,0,0,Normal,0
0.568766,tcp,-,FIN,10,6,756,268,26.372885,9578.632,3150.6807,2,1,57.576668,99.350395,2888.9065,145.0778,255,3921955730,69668538,255,0.137028,0.072005,0.065023,76,45,0,0,2,1,0,0,0,0,Fuzzers,1
3e-06,udp,-,INT,2,0,178,0,333333.3,237333330.0,0.0,0,0,0.003,0.0,0.0,0.0,0,0,0,0,0.0,0.0,0.0,89,0,0,0,1,1,0,0,0,0,Fuzzers,1
0.419535,tcp,http,FIN,10,6,860,268,35.75387,14759.197,4271.3955,2,1,39.489555,72.220604,2092.3464,90.23851,255,2038380423,463493,255,0.127253,0.058426,0.068827,86,45,1,0,1,1,0,0,1,0,Reconnaissance,1
45.03731,ospf,-,INT,42,0,18480,0,0.910356,3204.454,0.0,0,0,1098.471,0.0,1384.7267,0.0,0,0,0,0,0.0,0.0,0.0,440,0,0,0,1,1,0,0,0,0,Backdoor,1
0.920901,tcp,-,FIN,10,6,534,268,16.288397,4178.5166,1945.9204,2,1,102.21689,177.18,5888.6274,299.73868,255,1406427684,2576883867,255,0.092583,0.034992,0.057591,53,45,0,0,1,1,0,0,0,0,Fuzzers,1
0.004015,tcp,http,FIN,8,10,1052,824,4234.122,1835118.2,1478455.8,2,2,0.524429,0.383222,33.299225,0.677635,255,3224168405,1075519033,255,0.000701,0.000562,0.000139,132,82,1,83,1,1,0,0,1,0,Normal,0
0.502001,tcp,-,FIN,10,6,832,268,29.880419,11936.231,3569.714,2,1,54.31411,87.1572,2781.3088,142.3041,255,2077727186,70510623,255,0.165234,0.066207,0.099027,83,45,0,0,1,1,0,0,0,0,Fuzzers,1
1.498092,tcp,-,FIN,16,18,1540,1644,22.028019,7711.1416,8293.215,4,4,99.84713,83.52388,6747.365,165.06401,255,1697036082,4044032622,255,0.079032,0.078181,0.000851,96,91,0,0,5,1,0,0,0,0,Normal,0
1.451651,tcp,-,FIN,20,8,17266,354,18.599512,90396.38,1708.3997,7,1,74.343056,197.53615,7072.4976,300.25784,255,1700307524,3905516931,255,0.149709,0.068889,0.08082,863,44,0,0,2,1,0,0,0,0,Fuzzers,1
3.071191,tcp,smtp,FIN,36,22,25334,1960,18.559574,64160.125,4873.679,15,8,87.748314,143.45471,5861.0205,171.53923,255,3517315344,1575253762,255,0.114255,0.058455,0.0558,704,89,0,0,1,1,0,0,0,0,Exploits,1
0.345442,tcp,-,FIN,12,8,1122,764,55.002,23830.34,15493.194,3,2,29.116272,46.545284,1560.7875,62.332314,255,3660481633,528926166,255,0.073138,0.019622,0.053516,94,96,0,0,2,1,0,0,0,0,Fuzzers,1
0.260795,tcp,http,FIN,10,6,1056,268,57.51644,29172.338,6871.2974,2,1,25.939,48.173,1299.3859,71.23809,255,1249024597,1165416708,255,0.077471,0.01992,0.057551,106,45,1,0,2,1,0,0,1,0,Normal,0
6.05719,tcp,http,FIN,14,18,1684,10168,5.117885,2065.6443,12684.43,3,5,465.9107,378.50876,25568.78,23050.322,255,2009550692,4239237514,255,0.001208,0.001047,0.000161,120,565,1,3924,2,1,0,0,1,0,Normal,0
1.755102,tcp,-,FIN,16,18,1540,1644,18.802326,6581.9536,7078.7905,4,4,116.93507,109.622185,7785.054,212.9223,255,1116910295,1327715035,255,0.001978,0.001146,0.000832,96,91,0,0,14,1,0,0,0,0,Normal,0
0.00106,udp,dns,CON,2,2,132,164,2830.1885,498113.2,618867.9,0,0,0.015,0.011,0.0,0.0,0,0,0,0,0.0,0.0,0.0,66,82,0,0,1,1,0,0,0,0,Normal,0
1.335132,tcp,-,FIN,30,42,2302,34406,53.17826,13338.007,201250.52,5,15,45.96607,32.53656,2624.6213,2084.5127,255,2044520966,988790657,255,0.001943,0.001132,0.000811,77,819,0,0,10,1,0,0,0,0,Normal,0
1.031442,tcp,ftp,FIN,14,12,750,682,24.23791,5406.0234,4855.3384,4,4,79.26585,87.424095,4082.5168,110.04127,255,3209283019,1097709814,255,0.198004,0.069771,0.128233,54,57,0,0,1,1,1,1,0,0,Fuzzers,1
0.264756,tcp,http,FIN,10,6,918,268,56.65594,24989.047,6768.4966,2,1,26.682667,43.1208,1413.424,61.83172,255,318031776,1603008482,255,0.101702,0.049143,0.052559,92,45,1,0,1,1,0,0,1,0,Reconnaissance,1
2.529123,udp,-,CON,4,4,568,304,2.767758,1347.5027,721.1986,0,0,784.3417,760.9107,1109.2195,1076.0887,0,0,0,0,0.0,0.0,0.0,142,76,0,0,1,1,0,0,0,0,Normal,0
0.903286,tcp,-,FIN,14,8,1324,726,23.248451,10893.56,5632.7676,3,2,66.20608,118.96886,4153.3315,168.6824,255,1179073367,1906204401,255,0.177906,0.070494,0.107412,95,91,0,0,1,1,0,0,0,0,Fuzzers,1
2e-06,snp,-,INT,2,0,200,0,500000.0,400000000.0,0.0,0,0,0.002,0.0,0.0,0.0,0,0,0,0,0.0,0.0,0.0,100,0,0,0,1,1,0,0,0,0,Backdoor,1
2.880126,tcp,-,FIN,40,42,2558,23162,28.12377,6930.2524,62805.586,7,14,73.84138,70.23266,4401.136,4300.1987,255,352001754,3612099837,255,0.000725,0.000581,0.000144,64,551,0,0,1,1,0,0,0,0,Normal,0
0.944288,tcp,-,FIN,10,8,534,354,18.002981,4075.0278,2626.3174,2,1,100.16856,126.421,5465.2935,217.11168,255,1006784360,1832017796,255,0.129243,0.059335,0.069908,53,44,0,0,2,2,0,0,0,0,Fuzzers,1
9e-06,zero,-,INT,2,0,200,0,111111.11,88888890.0,0.0,0,0,0.009,0.0,0.0,0.0,0,0,0,0,0.0,0.0,0.0,100,0,0,0,2,2,0,0,0,0,DoS,1
0.020512,tcp,-,FIN,16,18,1540,1644,1608.8143,563182.56,605694.25,4,4,1.344467,1.176,80.392784,2.436632,255,2765005287,623577032,255,0.000637,0.000516,0.000121,96,91,0,0,6,1,0,0,0,0,Normal,0
8e-06,unas,-,INT,2,0,200,0,125000.0,100000000.0,0.0,0,0,0.008,0.0,0.0,0.0,0,0,0,0,0.0,0.0,0.0,100,0,0,0,3,3,0,0,0,0,Backdoor,1
0.981541,tcp,ftp,FIN,14,14,798,768,27.507767,6039.483,5819.421,4,4,73.901535,71.99954,4128.6255,106.23823,255,2405811896,2161170848,255,0.109652,0.045546,0.064106,57,55,0,0,1,1,1,1,0,0,Fuzzers,1
20.558563,tcp,-,FIN,16,18,1272,2572,1.605171,464.23477,945.5914,4,4,1370.548,1209.2888,94195.836,2532.3218,255,111998951,112331378,255,0.000793,0.000642,0.000151,80,143,0,0,1,1,0,0,0,0,Normal,0
0.047493,tcp,-,FIN,30,42,2302,34406,1494.9572,374960.53,5657591.5,5,15,1.624931,1.147268,93.572105,73.26625,255,3339971598,1198220768,255,0.000567,0.000451,0.000116,77,819,0,0,6,1,0,0,0,0,Normal,0
2.504564,tcp,-,FIN,10,8,564,354,6.787608,1622.6377,990.19226,2,1,278.1749,339.5927,16429.908,548.07153,255,3502366235,812599879,255,0.264452,0.127406,0.137046,56,44,0,0,1,1,0,0,0,0,Reconnaissance,1
0.316452,tcp,-,FIN,16,18,1540,1644,104.28122,36504.746,39260.3,4,4,21.045866,19.749311,1935.7601,51.19295,255,2269906905,1006436213,255,0.000576,0.00046,0.000116,96,91,0,0,11,1,0,0,0,0,Normal,0
0.001088,udp,dns,CON,2,2,130,162,2757.3528,477941.16,595588.25,0,0,0.009,0.006,0.0,0.0,0,0,0,0,0.0,0.0,0.0,65,81,0,0,2,2,0,0,0,0,Normal,0
0.015863,tcp,-,FIN,16,18,1540,1644,2080.3127,728235.56,783206.25,4,4,1.036333,0.906294,64.05259,1.76558,255,894583418,900747473,255,0.002096,0.000453,0.001643,96,91,0,0,6,1,0,0,0,0,Normal,0
0.060733,udp,-,CON,4,2,228,91,82.32756,22524.82,6059.3086,0,0,3.923,0.007,5.537353,0.0,0,0,0,0,0.0,0.0,0.0,57,46,0,0,1,1,0,0,0,0,Backdoor,1
1.013007,tcp,-,FIN,12,10,1058,828,20.730358,7660.3613,5891.3706,3,2,92.091545,102.889,5202.0674,188.56065,255,435768464,3836041000,255,0.128165,0.058946,0.069219,88,83,0,0,1,1,0,0,0,0,Fuzzers,1
0.385741,tcp,-,FIN,12,8,1058,770,49.255848,20117.125,13978.291,3,2,34.245544,47.63143,1726.6456,63.90471,255,521041520,1095995810,255,0.080078,0.05231,0.027768,88,96,0,0,2,1,0,0,0,0,Fuzzers,1
0.014147,tcp,-,FIN,16,18,1540,1644,2332.65,816568.9,878207.4,4,4,0.922267,0.804706,61.672787,1.413453,255,1567101652,1573097438,255,0.000569,0.000461,0.000108,96,91,0,0,12,1,0,0,0,0,Normal,0
0.036061,tcp,ftp-data,FIN,14,6,8928,320,526.885,1839327.8,59232.965,4,1,3.005083,7.017,219.81683,13.334251,255,2959134837,890726400,255,0.001171,0.000453,0.000718,638,53,0,0,1,1,0,0,0,0,Normal,0
27.777418,tcp,http,FIN,14,18,1684,10168,1.116014,450.43784,2765.9878,3,5,2136.696,1633.9333,180043.56,157451.81,255,3839839581,3845086427,255,0.000688,0.000544,0.000144,120,565,1,3924,1,1,0,0,1,0,Normal,0
1.078167,sctp,-,CON,4,2,728,384,4.637501,4051.3206,1424.6403,0,0,359.389,0.003,508.23938,0.0,0,0,0,0,0.0,0.0,0.0,182,192,0,0,1,1,0,0,0,0,Reconnaissance,1
8e-06,unas,-,INT,2,0,200,0,125000.0,100000000.0,0.0,0,0,0.008,0.0,0.0,0.0,0,0,0,0,0.0,0.0,0.0,100,0,0,0,2,2,0,0,0,0,Backdoor,1
8e-06,udp,-,INT,2,0,184,0,125000.0,92000000.0,0.0,0,0,0.008,0.0,0.0,0.0,0,0,0,0,0.0,0.0,0.0,92,0,0,0,1,1,0,0,0,0,Fuzzers,1
6e-06,uti,-,INT,2,0,200,0,166666.66,133333330.0,0.0,0,0,0.006,0.0,0.0,0.0,0,0,0,0,0.0,0.0,0.0,100,0,0,0,1,1,0,0,0,0,Reconnaissance,1
1.429855,tcp,-,FIN,16,18,1540,1644,23.079264,8079.141,8688.993,4,4,95.249405,84.05982,6991.428,198.44194,255,3754813583,3269830559,255,0.00167,0.000834,0.000836,96,91,0,0,14,1,0,0,0,0,Normal,0
1e-05,udp,-,INT,2,0,636,0,100000.0,254400000.0,0.0,0,0,0.01,0.0,0.0,0.0,0,0,0,0,0.0,0.0,0.0,318,0,0,0,6,1,0,0,0,0,Normal,0
1.05681,tcp,http,FIN,14,18,1684,10168,29.33356,11839.403,72701.81,3,5,81.267235,61.814175,8774.016,7682.735,255,847100092,2996692014,255,0.006108,0.005966,0.000142,120,565,1,3924,1,1,0,0,1,0,Normal,0
0.687969,tcp,-,FIN,60,14,68189,612,106.10943,779721.1,6616.577,27,1,11.362492,50.12469,1181.0919,68.12636,255,3153383910,750590431,255,0.08861,0.036344,0.052266,1136,44,1,0,1,1,0,0,1,0,Fuzzers,1
0.024759,tcp,-,FIN,16,18,1540,1644,1332.8486,466577.8,501797.3,4,4,1.630533,1.428765,97.79289,2.694649,255,2289202267,145333656,255,0.000588,0.000466,0.000122,96,91,0,0,6,1,0,0,0,0,Normal,0
0.003834,tcp,http,FIN,8,10,1052,824,4434.011,1921752.8,1548252.5,2,2,0.498429,0.367111,31.681719,0.664426,255,3712486924,1568089896,255,0.000653,0.000526,0.000127,132,82,1,83,2,1,0,0,1,0,Normal,0
0.382156,tcp,-,FIN,10,6,588,268,39.250984,11094.945,4689.1846,2,1,40.697224,59.357,2167.7048,91.93623,255,1358953761,1635515739,255,0.159371,0.085362,0.074009,59,45,0,0,2,1,0,0,0,0,Fuzzers,1
0.031147,tcp,smtp,FIN,52,40,37358,3276,2921.6296,9410858.0,820624.8,18,8,0.61572,0.786795,47.71684,2.220816,255,3476686520,3473548404,255,0.000582,0.000459,0.000123,718,82,0,0,1,1,0,0,0,0,Normal,0
0.00387,tcp,http,FIN,8,10,1052,824,4392.765,1903876.0,1533850.1,2,2,0.505143,0.370667,32.39415,0.65975,255,2469197560,2470203711,255,0.000654,0.000531,0.000123,132,82,1,83,1,1,0,0,1,0,Normal,0
1.011924,tcp,http,FIN,10,8,934,354,16.79968,6648.7207,2450.7769,2,1,108.85789,129.65742,5978.777,229.8515,255,3580407023,1286751399,255,0.262848,0.104319,0.158529,93,44,1,0,1,1,0,0,1,0,Reconnaissance,1
2.338994,tcp,-,FIN,16,18,1540,1644,14.108629,4938.8755,5311.685,4,4,155.90027,137.34277,10500.75,307.9576,255,2956556548,3162627531,255,0.004299,0.004166,0.000133,96,91,0,0,8,1,0,0,0,0,Normal,0
25.17447,tcp,http,FIN,12,18,1580,10168,1.151961,460.4665,3051.9807,3,5,2288.5571,1480.8193,192176.66,154766.6,255,1921937126,1923085468,255,0.000691,0.000541,0.00015,132,565,1,3924,1,1,0,0,1,0,Normal,0
0.245386,tcp,http,FIN,10,6,878,268,61.12818,25787.941,7302.78,2,1,25.250334,39.883,1259.1652,55.11144,255,172170659,2027164343,255,0.075764,0.045964,0.0298,88,45,1,0,1,1,0,0,1,0,Reconnaissance,1
0.326889,tcp,-,FIN,10,6,588,268,45.887135,12970.764,5481.983,2,1,36.228443,57.8642,1761.8031,86.698105,255,4265518490,1506610447,255,0.102022,0.037567,0.064455,59,45,0,0,2,1,0,0,0,0,Fuzzers,1
0.611112,tcp,ftp-data,FIN,8,12,424,8824,31.090864,4856.72,105892.21,1,4,87.14286,61.333557,5038.758,2904.3276,255,3594103342,3783633830,255,0.059941,0.059108,0.000833,53,735,0,0,1,1,0,0,0,0,Normal,0
0.818326,tcp,-,FIN,10,6,756,268,18.330103,6657.4937,2189.8364,2,1,90.74111,149.001,4997.365,232.71867,255,2768517069,2819629986,255,0.153323,0.073313,0.08001,76,45,0,0,1,1,0,0,0,0,Fuzzers,1
9e-06,ddx,-,INT,2,0,200,0,111111.11,88888890.0,0.0,0,0,0.009,0.0,0.0,0.0,0,0,0,0,0.0,0.0,0.0,100,0,0,0,1,1,0,0,0,0,Exploits,1
0.95817,tcp,-,FIN,10,8,756,354,17.742153,5685.839,2588.2673,2,1,95.50022,125.85114,5516.1025,212.36752,255,1835850428,485850785,255,0.13579,0.077206,0.058584,76,44,0,0,1,1,0,0,0,0,Fuzzers,1
0.448097,tcp,http,FIN,10,8,942,354,37.938213,15139.579,5534.516,2,1,49.788555,62.07057,3098.0674,119.92384,255,2381998750,175150692,255,0.076333,0.012979,0.063354,94,44,1,0,1,1,0,0,1,0,Normal,0
1.83599,tcp,-,FIN,40,42,2558,23162,44.11789,10871.52,98523.414,7,14,47.06854,44.767612,0.0,2786.4595,255,421937203,540279371,255,0.000637,0.000515,0.000122,64,551,0,0,1,1,0,0,0,0,Normal,0
1.090581,tcp,-,FIN,16,18,1540,1644,30.259098,10592.519,11392.092,4,4,72.684,68.093376,5674.528,143.67665,255,3354103005,985819080,255,0.001247,0.001086,0.000161,96,91,0,0,15,1,0,0,0,0,Normal,0
11.869318,tcp,-,FIN,16,18,1272,2572,2.780278,804.09,1637.8363,4,4,791.2642,698.15656,72088.875,2024.7123,255,1012002834,1012346308,255,0.000803,0.000647,0.000156,80,143,0,0,1,1,0,0,0,0,Normal,0
0.714854,tcp,-,FIN,12,8,1058,722,26.578854,10855.363,7072.773,3,2,64.89928,90.484856,3214.1377,131.08357,255,1872940358,2023804978,255,0.147286,0.08145,0.065836,88,90,0,0,1,1,0,0,0,0,Fuzzers,1
0.614854,tcp,-,FIN,10,8,684,354,27.648842,8014.911,4033.478,2,1,64.852776,75.79471,4329.308,111.41796,255,1023462929,2019971148,255,0.110359,0.084282,0.026077,68,44,0,0,2,2,0,0,0,0,Fuzzers,1
35.186535,udp,dns,INT,116,0,11136,0,3.268296,2510.051,0.0,0,0,305.96988,0.0,396.46463,0.0,0,0,0,0,0.0,0.0,0.0,96,0,0,0,2,2,0,0,0,0,Fuzzers,1
1e-05,udp,-,INT,2,0,168,0,100000.0,67200000.0,0.0,0,0,0.01,0.0,0.0,0.0,0,0,0,0,0.0,0.0,0.0,84,0,0,0,1,1,0,0,0,0,Reconnaissance,1
28.188702,tcp,http,FIN,14,18,1684,10168,1.099731,443.86578,2725.631,3,5,2168.3323,1658.1277,199225.94,174230.34,255,1514459521,1515511450,255,0.000664,0.000527,0.000137,120,565,1,3924,2,1,0,0,1,0,Normal,0
3e-06,udp,-,INT,2,0,160,0,333333.3,213333330.0,0.0,0,0,0.003,0.0,0.0,0.0,0,0,0,0,0.0,0.0,0.0,80,0,0,0,2,1,0,0,0,0,Fuzzers,1
0.670706,tcp,-,FIN,22,10,17766,808,46.219955,202282.38,8683.388,8,2,31.317858,67.723335,2626.925,126.09266,255,3444778178,3148176161,255,0.124237,0.061187,0.06305,808,81,0,0,1,1,0,0,0,0,Fuzzers,1
6e-06,unas,-,INT,2,0,200,0,166666.66,133333330.0,0.0,0,0,0.006,0.0,0.0,0.0,0,0,0,0,0.0,0.0,0.0,100,0,0,0,3,3,0,0,0,0,Analysis,1
3.02274,tcp,-,FIN,16,18,1540,1644,10.917248,3821.6982,4110.178,4,4,201.49173,188.88962,13191.299,360.84265,255,3637392699,3312420762,255,0.000711,0.000503,0.000208,96,91,0,0,2,1,0,0,0,0,Normal,0
3.923459,tcp,-,FIN,16,18,1540,1644,8.410945,2944.3406,3166.5935,4,4,280.22098,225.69254,18083.018,519.05304,255,1454456854,1140852915,255,0.101543,0.086683,0.01486,96,91,0,0,10,1,0,0,0,0,Normal,0
0.521238,tcp,-,FIN,10,6,490,268,28.77764,6768.501,3437.9688,2,1,57.795444,74.877205,3021.175,123.534004,255,3728859820,1431679669,255,0.210196,0.146844,0.063352,49,45,0,0,2,1,0,0,0,0,Fuzzers,1
0.857992,tcp,-,FIN,12,8,1034,754,22.14473,8839.243,6153.904,3,2,77.99927,112.242714,4215.689,158.72626,255,3048702891,4148269779,255,0.122199,0.071428,0.050771,86,94,0,0,1,1,0,0,0,0,Fuzzers,1
1.491358,tcp,ftp,FIN,12,12,824,682,15.422185,4055.3643,3358.0132,3,4,135.578,127.26982,7843.218,228.75014,255,1981141362,1495478019,255,0.326459,0.090749,0.23571,69,57,0,0,1,1,0,0,0,0,Fuzzers,1
0.952181,tcp,-,FIN,12,10,1080,788,22.05463,8317.746,5965.2524,2,1,6586.1626,7901.0376,712771.1,23407.463,255,966787584,2487371307,255,0.11733,0.034241,0.083089,90,79,0,0,2,2,0,0,0,0,Fuzzers,1
1.198859,tcp,-,FIN,16,18,1540,1644,27.526173,9635.829,10363.1875,4,4,81.20815,73.93425,4686.5723,132.68639,255,469435997,1306443736,255,0.01674,0.015908,0.000832,96,91,0,0,15,1,0,0,0,0,Normal,0
1.317644,tcp,-,FIN,16,18,1540,1644,25.0447,8767.163,9428.95,4,4,87.820595,77.4403,7091.134,171.34387,255,532004493,1109974779,255,0.001945,0.001158,0.000787,96,91,0,0,10,1,0,0,0,0,Normal,0
1.991371,tcp,-,FIN,10,8,564,354,8.536832,2040.805,1245.3732,2,1,221.26344,268.00943,12778.478,402.0937,255,337426326,3205209195,255,0.261812,0.114934,0.146878,56,44,0,0,1,1,0,0,0,0,Reconnaissance,1
0.225914,tcp,ftp-data,FIN,14,6,8928,320,84.1028,293598.44,9454.925,4,1,17.378,45.0542,1594.6552,68.67715,255,714586652,3165958426,255,0.000644,0.000514,0.00013,638,53,0,0,1,1,0,0,0,0,Normal,0
22.590464,tcp,-,FIN,16,18,1272,2572,1.460793,422.47916,860.5401,4,4,1613.5795,1328.8177,124634.98,3321.0366,255,699482305,2845163879,255,0.000682,0.000554,0.000128,80,143,0,0,1,1,0,0,0,0,Normal,0
0.046594,tcp,-,FIN,30,42,2302,34406,1523.8013,382195.12,5766751.0,5,15,1.595759,1.124098,87.807274,71.15716,255,2649199630,504987847,255,0.000657,0.0005,0.000157,77,819,0,0,4,1,0,0,0,0,Normal,0
3e-06,unas,-,INT,2,0,200,0,333333.3,266666660.0,0.0,0,0,0.003,0.0,0.0,0.0,0,0,0,0,0.0,0.0,0.0,100,0,0,0,6,6,0,0,0,0,Analysis,1
1.755375,tcp,-,FIN,22,12,17852,916,18.799402,77663.18,3828.2417,8,2,82.40957,150.46065,7075.304,349.29153,255,4257755690,2949670493,255,0.209358,0.100299,0.109059,811,76,0,0,1,1,0,0,0,0,Fuzzers,1
0.752484,tcp,-,FIN,12,8,1058,728,25.249706,10312.512,6772.237,3,2,68.40764,95.68371,3460.0798,149.29387,255,2916260848,785050076,255,0.168948,0.082032,0.086916,88,91,0,0,1,1,0,0,0,0,Fuzzers,1
9e-06,unas,-,INT,2,0,200,0,111111.11,88888890.0,0.0,0,0,0.009,0.0,0.0,0.0,0,0,0,0,0.0,0.0,0.0,100,0,0,0,3,3,0,0,0,0,Backdoor,1
31.6392,tcp,-,FIN,20,16,1108,708,1.106223,266.25198,167.89299,6,1,1664.5159,2105.8174,220039.64,7559.8765,255,1185505964,2909125654,255,0.18969,0.051936,0.137754,55,44,0,0,3,2,0,0,0,0,Fuzzers,1
39.35906,tcp,http,FIN,14,18,1684,10168,0.78762,317.8938,1952.0792,3,5,3027.594,2315.2058,330903.3,289388.28,255,2974807409,2980121436,255,0.000704,0.00055,0.000154,120,565,1,3924,2,1,0,0,1,0,Normal,0
3e-06,ippc,-,INT,2,0,200,0,333333.3,266666660.0,0.0,0,0,0.003,0.0,0.0,0.0,0,0,0,0,0.0,0.0,0.0,100,0,0,0,3,3,0,0,0,0,Backdoor,1
0.675564,tcp,-,FIN,10,8,2550,354,25.16416,27177.293,3671.0068,2,1,69.567444,85.94471,4186.108,145.2103,255,1539784865,166792574,255,0.116141,0.073943,0.042198,255,44,0,0,1,1,0,0,0,0,Fuzzers,1
1.57912,tcp,-,FIN,16,18,1540,1644,20.897715,7315.467,7867.673,4,4,112.71693,92.823586,7257.6606,171.1992,255,889423937,3191711015,255,0.00129,0.001118,0.000172,96,91,0,0,6,1,0,0,0,0,Normal,0
0.785722,tcp,-,FIN,16,18,1540,1644,41.999588,14702.4,15812.208,4,4,39.443336,45.702175,3417.4985,92.52137,255,3279011379,1041239453,255,0.009625,0.008784,0.000841,96,91,0,0,5,1,0,0,0,0,Normal,0
0.747423,tcp,http,FIN,10,10,792,1284,25.42068,7631.5557,12373.181,2,2,83.047,72.69055,5340.73,126.91231,255,2160578205,841648614,255,0.133221,0.092538,0.040683,79,128,1,202,1,1,0,0,1,0,Exploits,1
0.024673,tcp,-,FIN,16,18,1540,1644,1337.4944,468204.12,503546.38,4,4,1.624067,1.424529,95.59613,2.830565,255,139619642,2293873708,255,0.000568,0.000453,0.000115,96,91,0,0,6,1,0,0,0,0,Normal,0
1.537609,tcp,-,FIN,16,18,1540,1644,21.461893,7512.9634,8080.0776,4,4,109.80657,90.4157,7118.321,206.98837,255,1757039537,2399012343,255,0.000657,0.000534,0.000123,96,91,0,0,2,1,0,0,0,0,Normal,0
0.048957,tcp,-,FIN,30,42,2302,34406,1450.2522,363747.78,5488408.0,5,15,1.677414,1.182634,95.16661,79.05789,255,319618797,322992971,255,0.000586,0.000465,0.000121,77,819,0,0,3,1,0,0,0,0,Normal,0
0.829405,tcp,-,FIN,14,12,774,642,30.14209,6935.092,5681.181,4,3,61.351616,72.14937,3716.897,116.7151,255,1000059469,176556509,255,0.098728,0.035759,0.062969,55,54,0,0,1,1,0,0,0,0,Fuzzers,1
5e-06,ipx-n-ip,-,INT,2,0,200,0,200000.0,160000000.0,0.0,0,0,0.005,0.0,0.0,0.0,0,0,0,0,0.0,0.0,0.0,100,0,0,0,2,2,0,0,0,0,Exploits,1
2.413195,tcp,-,FIN,16,18,1540,1644,13.674818,4787.015,5148.362,4,4,160.85693,141.54,10622.493,255.62102,255,184524205,3441620583,255,0.007191,0.007012,0.000179,96,91,0,0,21,1,0,0,0,0,Normal,0
1.274868,tcp,-,FIN,12,10,1142,836,16.472294,6570.092,4725.195,3,2,115.897095,135.99367,6200.987,211.0255,255,2111891728,3466511780,255,0.119505,0.050288,0.069217,95,84,0,0,1,1,0,0,0,0,Fuzzers,1
1.379483,tcp,-,FIN,16,18,1540,1644,23.922007,8374.152,9006.272,4,4,91.937065,86.14525,6331.5684,163.07465,255,926975548,3255335548,255,0.002015,0.001158,0.000857,96,91,0,0,14,1,0,0,0,0,Normal,0
2.778713,tcp,-,FIN,16,18,1540,1644,11.876002,4157.3203,4471.135,4,4,185.22433,173.4875,13228.885,296.73596,255,1106973132,3386449247,255,0.003734,0.00291,0.000824,96,91,0,0,13,1,0,0,0,0,Normal,0
20.262241,tcp,http,FIN,8,10,1052,824,0.838999,363.63202,292.9587,2,2,2894.5508,2251.2993,242102.83,6366.823,255,1741935912,1743038625,255,0.000689,0.00054,0.000149,132,82,1,83,8,1,0,0,1,0,Normal,0
0.537958,tcp,-,FIN,10,8,756,354,31.600979,10127.185,4610.025,2,1,55.21811,64.64229,3700.06,104.685234,255,1355467103,881680259,255,0.115362,0.085459,0.029903,76,44,0,0,2,1,0,0,0,0,Fuzzers,1
0.714591,tcp,-,FIN,14,10,774,556,32.18624,8049.3594,5608.8027,4,3,54.968536,75.42978,2782.329,106.850975,255,4238161649,325982995,255,0.075714,0.035084,0.04063,55,56,0,0,2,1,0,0,0,0,Fuzzers,1
0.001754,udp,-,CON,4,4,528,304,3990.8782,1806157.4,1039908.8,0,0,0.454667,0.206,0.633806,0.284267,0,0,0,0,0.0,0.0,0.0,132,76,0,0,1,1,0,0,0,0,Normal,0
8e-06,pgm,-,INT,2,0,200,0,125000.0,100000000.0,0.0,0,0,0.008,0.0,0.0,0.0,0,0,0,0,0.0,0.0,0.0,100,0,0,0,1,1,0,0,0,0,Exploits,1
5.789311,tcp,-,FIN,16,18,1272,2572,5.70016,1648.5554,3357.9126,4,4,385.93134,340.5114,24282.115,635.6697,255,3451644459,3447750705,255,0.000718,0.000608,0.00011,80,143,0,0,2,1,0,0,0,0,Normal,0
25.064472,tcp,smtp,FIN,52,42,37230,3380,3.710431,11654.744,1053.2837,18,8,491.45386,611.31525,89448.266,3071.483,255,4007326131,4012716380,255,0.000691,0.000543,0.000148,716,80,0,0,1,1,0,0,0,0,Normal,0
9e-06,udp,-,INT,2,0,104,0,111111.11,46222220.0,0.0,0,0,0.009,0.0,0.0,0.0,0,0,0,0,0.0,0.0,0.0,52,0,0,0,2,1,0,0,0,0,Fuzzers,1
4.983738,tcp,http,FIN,8,10,1052,824,3.411094,1478.4084,1191.0739,2,2,711.90247,553.6839,56485.742,1565.3651,255,244518127,2391007203,255,0.000716,0.000579,0.000137,132,82,1,83,8,1,0,0,1,0,Normal,0
0.013509,tcp,-,FIN,16,18,1540,1644,2442.816,855133.6,919683.2,4,4,0.8806,0.766235,60.19124,1.41525,255,619617121,626233674,255,0.000633,0.000478,0.000155,96,91,0,0,6,1,0,0,0,0,Normal,0
30.693087,ospf,-,INT,20,0,1280,0,0.619032,316.94434,0.0,0,0,1615.4257,0.0,1884.1481,0.0,0,0,0,0,0.0,0.0,0.0,64,0,0,0,1,1,0,0,0,0,Exploits,1
0.001088,udp,dns,CON,2,2,146,178,2757.3528,536764.7,654411.75,0,0,0.009,0.007,0.0,0.0,0,0,0,0,0.0,0.0,0.0,73,89,0,0,1,1,0,0,0,0,Normal,0
0.799454,tcp,-,FIN,60,14,68201,612,91.312325,671108.06,5693.886,27,1,12.67539,55.153076,1305.1945,68.2046,255,649941736,212120633,255,0.132702,0.082455,0.050247,1137,44,1,0,1,1,0,0,1,0,Fuzzers,1
0.014724,tcp,-,FIN,16,18,1540,1644,2241.2388,784569.4,843792.44,4,4,0.960867,0.837529,61.047146,1.386862,255,2649198629,2657136330,255,0.000632,0.000482,0.00015,96,91,0,0,4,1,0,0,0,0,Normal,0
0.759962,tcp,-,FIN,14,12,774,642,32.89638,7568.7993,6200.31,4,3,55.431305,65.803635,3461.0923,113.66837,255,3983582852,1407765042,255,0.129174,0.036119,0.093055,55,54,0,0,1,1,0,0,0,0,Fuzzers,1
0.959046,tcp,-,FIN,10,6,590,268,15.640543,4429.402,1868.5236,2,1,96.83222,171.7234,4849.6523,235.76474,255,4283271996,553167913,255,0.212122,0.100428,0.111694,59,45,0,0,1,1,0,0,0,0,Fuzzers,1
0.001064,udp,dns,CON,2,2,130,162,2819.549,488721.8,609022.56,0,0,0.009,0.007,0.0,0.0,0,0,0,0,0.0,0.0,0.0,65,81,0,0,1,1,0,0,0,0,Normal,0
21.291956,tcp,http,FIN,8,10,1052,824,0.798424,346.04617,278.79074,2,2,3041.2542,2365.713,252067.44,6632.703,255,1141944909,1143119103,255,0.000648,0.00052,0.000128,132,82,1,83,5,1,0,0,1,0,Normal,0
0.944288,tcp,-,FIN,10,8,534,354,18.002981,4075.0278,2626.3174,2,1,100.16856,126.421,5465.2935,217.11168,255,1006784360,1832017796,255,0.129243,0.059335,0.069908,53,44,0,0,2,2,0,0,0,0,Fuzzers,1
22.975174,tcp,http,FIN,12,18,1580,10168,1.262232,504.54462,3344.1313,3,5,2088.5369,1351.4487,205748.44,165516.92,255,3689065506,3690098091,255,0.000687,0.000536,0.000151,132,565,1,3924,1,1,0,0,1,0,Normal,0
0.010384,udp,dns,CON,2,2,132,164,288.906,50847.457,63174.113,0,0,0.009,0.002,0.0,0.0,0,0,0,0,0.0,0.0,0.0,66,82,0,0,1,1,0,0,0,0,Normal,0
4e-06,udp,-,INT,2,0,1884,0,250000.0,1884000000.0,0.0,0,0,0.004,0.0,0.0,0.0,0,0,0,0,0.0,0.0,0.0,942,0,0,0,1,1,0,0,0,0,Fuzzers,1
0.934529,tcp,-,FIN,10,6,2062,268,16.050865,15888.218,1917.5435,2,1,92.88211,160.2724,4897.105,229.72128,255,1749219788,2128257077,255,0.295541,0.133164,0.162377,206,45,0,0,1,1,0,0,0,0,Fuzzers,1
1.286422,tcp,-,FIN,10,8,564,354,13.214948,3159.15,1927.8278,2,1,139.35133,167.71973,7915.634,265.87198,255,930374052,1306408493,255,0.177631,0.112378,0.065253,56,44,0,0,1,1,0,0,0,0,Backdoor,1
1.739833,tcp,ftp-data,FIN,10,20,450,20702,16.668266,1862.2477,90431.67,1,8,193.28488,87.357315,14462.759,9934.437,255,4024064918,1941418386,255,0.194644,0.080039,0.114605,45,1035,0,0,1,1,0,0,0,0,Exploits,1
30.984749,arp,-,CON,4,4,184,112,0.225918,35.630432,21.68809,0,0,10328.249,10328.246,14606.326,14606.334,0,0,0,0,0.0,0.0,0.0,46,28,0,0,1,1,0,0,0,0,Normal,0
0.798071,tcp,-,FIN,14,10,774,556,28.81949,7207.3784,5022.1094,4,3,61.390076,82.48444,3432.8315,108.339355,255,3737370491,3816803528,255,0.112063,0.054622,0.057441,55,56,0,0,1,1,0,0,0,0,Fuzzers,1
5e-06,udp,-,INT,2,0,1304,0,200000.0,1043200000.0,0.0,0,0,0.005,0.0,0.0,0.0,0,0,0,0,0.0,0.0,0.0,652,0,0,0,2,1,0,0,0,0,Fuzzers,1
0.001018,udp,dns,CON,2,2,130,162,2946.9548,510805.53,636542.25,0,0,0.005,0.005,0.0,0.0,0,0,0,0,0.0,0.0,0.0,65,81,0,0,1,1,0,0,0,0,Normal,0
3e-06,unas,-,INT,2,0,200,0,333333.3,266666660.0,0.0,0,0,0.003,0.0,0.0,0.0,0,0,0,0,0.0,0.0,0.0,100,0,0,0,3,3,0,0,0,0,Analysis,1
1.549927,tcp,-,FIN,16,18,1540,1644,21.291325,7453.2544,8015.8613,4,4,110.68629,91.138,8660.776,198.04987,255,244522876,3378616172,255,0.000709,0.000578,0.000131,96,91,0,0,13,1,0,0,0,0,Normal,0
0.495573,tcp,http,FIN,10,8,808,1380,34.303722,11752.053,19500.658,2,2,55.063667,55.110287,3213.7383,100.53405,255,1629229122,1842776020,255,0.201617,0.099893,0.101724,81,173,1,287,1,1,0,0,1,0,Exploits,1
3e-06,udp,-,INT,2,0,104,0,333333.3,138666660.0,0.0,0,0,0.003,0.0,0.0,0.0,0,0,0,0,0.0,0.0,0.0,52,0,0,0,2,1,0,0,0,0,Fuzzers,1
1.994091,tcp,-,FIN,16,18,1540,1644,16.548893,5793.1157,6230.4077,4,4,132.9186,117.272766,9796.92,225.4164,255,2574103977,1082588874,255,0.000575,0.000451,0.000124,96,91,0,0,2,1,0,0,0,0,Normal,0
0.914134,tcp,http,FIN,60,14,68195,612,79.857,586863.6,4979.576,27,1,15.493797,63.79246,1559.4105,89.0328,255,3187323963,1818455897,255,0.133474,0.06572,0.067754,1137,44,1,0,1,1,0,0,1,0,Fuzzers,1
43.314888,tcp,-,FIN,20,14,1512,622,0.761863,265.40527,106.753136,4,1,2277.4678,3324.2898,305457.22,11205.526,255,649759053,3504893485,255,0.152802,0.099116,0.053686,76,44,0,0,2,2,0,0,0,0,Fuzzers,1
17.94292,tcp,smtp,FIN,52,40,37230,3276,5.071638,16280.516,1424.5172,18,8,351.8149,460.0557,60556.332,2144.128,255,3556550106,3553540779,255,0.000886,0.000741,0.000145,716,82,0,0,1,1,0,0,0,0,Normal,0
1.1e-05,sun-nd,-,INT,1,0,60,0,0.0,0.0,0.0,0,0,0.0,0.0,0.0,0.0,0,0,0,0,0.0,0.0,0.0,60,0,0,0,3,3,0,0,0,0,Exploits,1
8e-06,unas,-,INT,2,0,200,0,125000.0,100000000.0,0.0,0,0,0.008,0.0,0.0,0.0,0,0,0,0,0.0,0.0,0.0,100,0,0,0,2,2,0,0,0,0,Backdoor,1
30.693087,ospf,-,INT,20,0,1280,0,0.619032,316.94434,0.0,0,0,1615.4257,0.0,1884.1481,0.0,0,0,0,0,0.0,0.0,0.0,64,0,0,0,1,1,0,0,0,0,Analysis,1
6e-06,udp,-,INT,2,0,104,0,166666.66,69333330.0,0.0,0,0,0.006,0.0,0.0,0.0,0,0,0,0,0.0,0.0,0.0,52,0,0,0,3,1,0,0,0,0,Fuzzers,1
5e-06,ipx-n-ip,-,INT,2,0,200,0,200000.0,160000000.0,0.0,0,0,0.005,0.0,0.0,0.0,0,0,0,0,0.0,0.0,0.0,100,0,0,0,2,2,0,0,0,0,Exploits,1
0.186804,tcp,-,FIN,38,40,2438,18508,412.19675,101668.06,772831.44,7,13,5.1805,4.775308,322.07297,303.5757,255,259615902,2800781744,255,0.000691,0.000563,0.000128,64,463,0,0,1,1,0,0,0,0,Normal,0
8e-06,ospf,-,INT,2,0,200,0,125000.0,100000000.0,0.0,0,0,0.008,0.0,0.0,0.0,0,0,0,0,0.0,0.0,0.0,100,0,0,0,2,2,0,0,0,0,Backdoor,1
0.001032,udp,dns,CON,2,2,132,164,2906.9768,511627.94,635658.94,0,0,0.009,0.007,0.0,0.0,0,0,0,0,0.0,0.0,0.0,66,82,0,0,1,1,0,0,0,0,Normal,0
0.614759,tcp,-,FIN,12,8,549,398,30.90642,6558.6675,4541.6167,3,2,55.88718,84.021286,3559.209,136.69217,255,1972805733,3679823132,255,0.04473,0.008805,0.035925,46,50,0,0,1,1,0,0,0,0,Backdoor,1
0.001065,udp,dns,CON,2,2,132,164,2816.9016,495774.66,615962.44,0,0,0.009,0.007,0.0,0.0,0,0,0,0,0.0,0.0,0.0,66,82,0,0,2,1,0,0,0,0,Normal,0
3.490592,tcp,-,FIN,16,18,1540,1644,9.453984,3309.4673,3559.2817,4,4,232.68427,204.31976,16404.447,383.54254,255,1804523192,1343060918,255,0.018002,0.017155,0.000847,96,91,0,0,4,1,0,0,0,0,Normal,0
50.0044,ospf,-,INT,6,0,384,0,0.099991,51.195496,0.0,0,0,10000.88,0.0,0.0,0.0,0,0,0,0,0.0,0.0,0.0,64,0,0,0,1,2,0,0,0,0,Normal,0
0.873816,tcp,-,FIN,12,8,1002,692,21.743708,8413.671,5548.0786,3,2,79.43782,107.04229,4072.846,146.78949,255,558591620,3435497481,255,0.218511,0.123405,0.095106,84,87,0,0,1,1,0,0,0,0,Fuzzers,1
31.519764,tcp,-,FIN,20,12,1302,536,0.98351,313.96173,124.87403,6,1,1658.9349,2859.4397,223645.5,8858.302,255,2444965316,2596235514,255,0.084124,0.065221,0.018903,65,45,0,0,4,3,0,0,0,0,Fuzzers,1
8e-06,udp,-,INT,2,0,168,0,125000.0,84000000.0,0.0,0,0,0.008,0.0,0.0,0.0,0,0,0,0,0.0,0.0,0.0,84,0,0,0,1,1,0,0,0,0,Normal,0
6.812286,tcp,-,FIN,16,18,1272,2572,4.844189,1400.9982,2853.6677,4,4,454.12973,400.6918,30689.521,818.725,255,2967450841,2971899688,255,0.000669,0.000524,0.000145,80,143,0,0,1,1,0,0,0,0,Normal,0
1.954804,tcp,-,FIN,16,18,1540,1644,16.881489,5909.544,6355.6245,4,4,130.29727,117.91032,8015.8477,237.46313,255,1116909291,1160651350,255,0.06904,0.068238,0.000802,96,91,0,0,13,1,0,0,0,0,Normal,0
4e-05,swipe,-,INT,1,0,60,0,0.0,0.0,0.0,0,0,0.0,0.0,0.0,0.0,0,0,0,0,0.0,0.0,0.0,60,0,0,0,3,3,0,0,0,0,Exploits,1
5e-06,udp,-,INT,2,0,104,0,200000.0,83200000.0,0.0,0,0,0.005,0.0,0.0,0.0,0,0,0,0,0.0,0.0,0.0,52,0,0,0,1,1,0,0,0,0,Fuzzers,1
0.85134,tcp,-,FIN,12,6,4678,268,19.96852,40303.523,2104.917,3,1,74.33363,155.66841,4251.6274,254.68538,255,599355319,1764408866,255,0.182588,0.072988,0.1096,390,45,0,0,1,1,0,0,0,0,Fuzzers,1
1.878171,tcp,-,FIN,28,42,2198,34406,36.73787,9030.062,143062.6,5,15,68.96238,45.782585,4558.6753,4088.9412,255,1432004676,985781674,255,0.001239,0.001085,0.000154,79,819,0,0,5,1,0,0,0,0,Normal,0
0.004754,udp,-,CON,4,4,568,312,1472.4443,716870.0,393773.7,0,0,1.228,1.053,1.728171,1.479267,0,0,0,0,0.0,0.0,0.0,142,78,0,0,1,1,0,0,0,0,Normal,0
0.02173,tcp,-,FIN,16,18,1540,1644,1518.6378,531615.25,571744.1,4,4,1.427667,1.250412,86.81547,2.353199,255,2319973931,2324935030,255,0.000596,0.000468,0.000128,96,91,0,0,6,1,0,0,0,0,Normal,0
8e-06,udp,-,INT,2,0,104,0,125000.0,52000000.0,0.0,0,0,0.008,0.0,0.0,0.0,0,0,0,0,0.0,0.0,0.0,52,0,0,0,3,1,0,0,0,0,Fuzzers,1
0.00094,udp,dns,CON,2,2,132,164,3191.4893,561702.1,697872.3,0,0,0.001,0.008,0.0,0.0,0,0,0,0,0.0,0.0,0.0,66,82,0,0,1,1,0,0,0,0,Normal,0
0.001135,udp,dns,CON,2,2,146,178,2643.1716,514537.44,627312.75,0,0,0.009,0.007,0.0,0.0,0,0,0,0,0.0,0.0,0.0,73,89,0,0,1,1,0,0,0,0,Normal,0
0.001115,udp,dns,CON,2,2,132,164,2690.583,473542.6,588340.8,0,0,0.008,0.007,0.0,0.0,0,0,0,0,0.0,0.0,0.0,66,82,0,0,1,1,0,0,0,0,Normal,0
1e-05,sctp,-,INT,2,0,152,0,100000.0,60800000.0,0.0,0,0,0.01,0.0,0.0,0.0,0,0,0,0,0.0,0.0,0.0,76,0,0,0,1,1,0,0,0,0,Fuzzers,1
3e-06,udp,-,INT,2,0,104,0,333333.3,138666660.0,0.0,0,0,0.003,0.0,0.0,0.0,0,0,0,0,0.0,0.0,0.0,52,0,0,0,3,1,0,0,0,0,Fuzzers,1
0.372556,tcp,-,FIN,28,30,4256,3080,152.99713,88126.35,63947.434,7,7,13.78363,12.828759,716.6524,17.49438,255,4132487327,2329294501,255,0.000785,0.000519,0.000266,152,103,0,0,1,1,0,0,0,0,Normal,0
0.456567,tcp,-,FIN,10,6,588,268,32.853886,9286.698,3924.9443,2,1,49.662,77.831,2633.0684,135.42915,255,1948300155,434602255,255,0.131202,0.067408,0.063794,59,45,0,0,1,1,0,0,0,0,Fuzzers,1
0.575441,tcp,-,FIN,10,6,2550,268,26.066963,31905.965,3114.1333,2,1,58.628555,101.3806,3294.5059,157.9383,255,3991339037,1307915957,255,0.140507,0.068535,0.071972,255,45,0,0,1,1,0,0,0,0,Fuzzers,1
1.00464,tcp,-,FIN,12,10,1450,804,20.90301,10590.858,5765.2495,3,2,91.33091,96.95722,6329.7407,121.64049,255,1118236105,247194217,255,0.107095,0.080628,0.026467,121,80,0,0,3,2,0,0,0,0,Fuzzers,1
8e-06,unas,-,INT,2,0,200,0,125000.0,100000000.0,0.0,0,0,0.008,0.0,0.0,0.0,0,0,0,0,0.0,0.0,0.0,100,0,0,0,2,2,0,0,0,0,Backdoor,1
1.086071,tcp,-,FIN,40,42,2558,23162,74.58076,18378.172,166552.64,7,14,28.572788,26.477074,1795.8975,1730.0403,255,1924518561,1700438399,255,0.00064,0.000507,0.000133,64,551,0,0,1,1,0,0,0,0,Normal,0
8e-06,unas,-,INT,2,0,200,0,125000.0,100000000.0,0.0,0,0,0.008,0.0,0.0,0.0,0,0,0,0,0.0,0.0,0.0,100,0,0,0,2,2,0,0,0,0,Backdoor,1
0.650986,tcp,-,FIN,78,80,4550,72810,241.1726,55202.414,883582.75,7,33,8.450312,8.232773,593.0366,586.70856,255,2224999221,2229496265,255,0.000714,0.000588,0.000126,58,910,0,0,1,1,0,0,0,0,Normal,0
31.519764,tcp,-,FIN,20,12,1302,536,0.98351,313.96173,124.87403,6,1,1658.9349,2859.4397,223645.5,8858.302,255,2444965316,2596235514,255,0.084124,0.065221,0.018903,65,45,0,0,4,3,0,0,0,0,Fuzzers,1
0.410978,tcp,ftp-data,FIN,6,8,320,1826,31.631865,5197.3584,31106.29,1,2,81.9788,55.705,5103.0923,126.42781,255,1444521372,3461429250,255,0.052889,0.021042,0.031847,53,228,0,0,1,1,0,0,0,0,Normal,0
1.225152,tcp,-,FIN,10,8,1030,354,13.875829,6053.1265,2024.2386,2,1,136.0191,157.00157,8291.468,211.61128,255,2372272055,2867861997,255,0.192757,0.12614,0.066617,103,44,0,0,1,1,0,0,0,0,Fuzzers,1
5e-06,udp,-,INT,2,0,186,0,200000.0,148800000.0,0.0,0,0,0.005,0.0,0.0,0.0,0,0,0,0,0.0,0.0,0.0,93,0,0,0,3,1,0,0,0,0,Fuzzers,1
3.823484,tcp,-,FIN,30,42,2302,34406,18.569452,4657.532,70275.17,5,15,131.8332,94.96653,11995.328,11320.005,255,1741937992,1029842573,255,0.026463,0.02482,0.001643,77,819,0,0,1,1,0,0,0,0,Normal,0
0.822588,tcp,-,FIN,12,6,4694,268,20.666481,41848.41,2178.4902,3,1,72.51082,144.52159,4120.1733,245.23914,255,2729343133,3525406158,255,0.241768,0.099971,0.141797,391,45,0,0,1,1,0,0,0,0,Fuzzers,1
1.479307,tcp,-,FIN,168,28,213111,1214,131.81848,1145633.8,6332.695,81,1,8.737808,52.841892,1000.0102,75.18737,255,2034519151,544784860,255,0.113375,0.052573,0.060802,1269,43,0,0,1,1,0,0,0,0,Fuzzers,1
3e-06,idrp,-,INT,2,0,200,0,333333.3,266666660.0,0.0,0,0,0.003,0.0,0.0,0.0,0,0,0,0,0.0,0.0,0.0,100,0,0,0,1,1,0,0,0,0,Backdoor,1
0.917164,udp,-,CON,4,4,520,304,7.632223,3401.7905,1988.7391,0,0,280.00467,236.315,395.98145,334.19775,0,0,0,0,0.0,0.0,0.0,130,76,0,0,1,1,0,0,0,0,Normal,0
7e-06,gmtp,-,INT,2,0,200,0,142857.14,114285710.0,0.0,0,0,0.007,0.0,0.0,0.0,0,0,0,0,0.0,0.0,0.0,100,0,0,0,2,2,0,0,0,0,Exploits,1
8e-06,udp,-,INT,2,0,214,0,125000.0,107000000.0,0.0,0,0,0.008,0.0,0.0,0.0,0,0,0,0,0.0,0.0,0.0,107,0,0,0,2,1,0,0,0,0,Fuzzers,1
0.175807,udp,-,CON,2,2,76,122,17.064167,1729.169,2775.7712,0,0,0.004,0.007,0.0,0.0,0,0,0,0,0.0,0.0,0.0,38,61,0,0,1,1,0,0,0,0,Backdoor,1
8e-06,udp,-,INT,2,0,2898,0,125000.0,1449000100.0,0.0,0,0,0.008,0.0,0.0,0.0,0,0,0,0,0.0,0.0,0.0,1449,0,0,0,1,1,0,0,0,0,Fuzzers,1
1.06649,tcp,-,FIN,10,8,1014,354,15.940139,6848.634,2325.385,2,1,118.498886,147.156,7035.2085,241.55061,255,3641747879,1747754391,255,0.097337,0.035718,0.061619,101,44,0,0,1,1,0,0,0,0,Fuzzers,1
0.541762,tcp,-,FIN,14,10,774,556,42.454067,10617.208,7398.0825,4,3,36.33123,52.408222,1866.5424,59.12273,255,3942536243,1268826372,255,0.094467,0.070083,0.024384,55,56,0,0,1,1,0,0,0,0,Fuzzers,1
1.443968,tcp,-,FIN,78,80,4550,72810,108.728165,24886.977,398346.75,7,33,18.74878,18.270926,1152.331,1139.1997,255,3699966618,3700258692,255,0.000672,0.000556,0.000116,58,910,0,0,1,1,0,0,0,0,Normal,0
0.001431,udp,dns,CON,2,2,132,164,2096.436,368972.75,458420.7,0,0,0.006,0.003,0.0,0.0,0,0,0,0,0.0,0.0,0.0,66,82,0,0,1,1,0,0,0,0,Normal,0
1.771383,tcp,-,FIN,16,18,1540,1644,18.62951,6521.458,7013.7285,4,4,118.066666,103.72006,8323.869,210.10562,255,364525202,3360641340,255,0.008961,0.008141,0.00082,96,91,0,0,13,1,0,0,0,0,Normal,0
2.962994,tcp,-,FIN,16,18,1540,1644,11.137383,3898.759,4193.056,4,4,197.5102,170.86119,14706.163,425.28778,255,686972716,1327449131,255,0.23097,0.229206,0.001764,96,91,0,0,6,1,0,0,0,0,Normal,0
7.175667,tcp,-,FIN,16,18,1272,2572,4.598876,1330.0507,2709.156,4,4,478.3554,422.0624,37902.58,1059.392,255,1564515401,3714419921,255,0.000747,0.000597,0.00015,80,143,0,0,1,1,0,0,0,0,Normal,0
0.001082,udp,dns,CON,2,2,132,164,2772.6433,487985.22,606284.7,0,0,0.01,0.004,0.0,0.0,0,0,0,0,0.0,0.0,0.0,66,82,0,0,1,1,0,0,0,0,Normal,0
2.28565,tcp,-,FIN,16,18,1540,1644,14.437906,5054.142,5435.653,4,4,152.35373,134.42259,10217.289,303.9093,255,2956555660,1013872786,255,0.000942,0.000457,0.000485,96,91,0,0,8,1,0,0,0,0,Normal,0
0.72416,tcp,-,FIN,16,18,1540,1644,45.570038,15952.275,17156.43,4,4,48.201935,42.05465,2797.4968,77.216354,255,2044524944,3169223074,255,0.010052,0.00923,0.000822,96,91,0,0,10,1,0,0,0,0,Normal,0
0.00109,udp,dns,CON,2,2,132,164,2752.2935,484403.66,601834.8,0,0,0.009,0.007,0.0,0.0,0,0,0,0,0.0,0.0,0.0,66,82,0,0,3,1,0,0,0,0,Normal,0
0.297023,tcp,http,FIN,8,10,1052,824,57.234627,24806.16,19984.984,2,2,42.373856,32.93778,2541.7153,92.031334,255,857034677,858111407,255,0.000725,0.000579,0.000146,132,82,1,83,6,1,0,0,1,0,Normal,0
10.194882,tcp,http,FIN,8,10,1052,824,1.667503,722.7156,582.2529,2,2,1456.259,1132.7046,119444.1,3144.3843,255,3509073777,3510122501,255,0.000679,0.000535,0.000144,132,82,1,83,3,1,0,0,1,0,Normal,0
0.586728,tcp,-,FIN,12,8,1034,754,32.38298,12925.922,8999.06,3,2,50.659637,75.577286,2615.4368,109.04631,255,4269197730,4164524017,255,0.160265,0.057684,0.102581,86,94,0,0,1,1,0,0,0,0,Fuzzers,1
36.448193,tcp,http,FIN,14,18,1684,10168,0.850522,343.28177,2107.9783,3,5,2803.6804,2143.9756,243485.11,213095.27,255,3922290037,1778095680,255,0.000755,0.000599,0.000156,120,565,1,3924,2,1,0,0,1,0,Normal,0
0.971909,tcp,-,FIN,60,14,68199,612,75.10992,552010.56,4683.566,27,1,16.26844,65.51623,1596.7418,86.21899,255,638823782,563391881,255,0.202406,0.120193,0.082213,1137,44,1,0,1,1,0,0,1,0,Fuzzers,1
3e-06,unas,-,INT,2,0,200,0,333333.3,266666660.0,0.0,0,0,0.003,0.0,0.0,0.0,0,0,0,0,0.0,0.0,0.0,100,0,0,0,5,5,0,0,0,0,Analysis,1
2.067288,tcp,-,FIN,10,8,564,354,8.223334,1965.8607,1199.6394,2,1,229.62788,280.268,15373.604,427.71936,255,3533270037,2681283317,255,0.207697,0.105406,0.102291,56,44,0,0,1,1,0,0,0,0,Reconnaissance,1
40.559383,tcp,-,FIN,64,66,3806,51808,3.180522,739.0645,10064.059,7,26,643.79486,623.97943,117727.62,116059.33,255,1656907213,1657282887,255,0.000871,0.000719,0.000152,59,785,0,0,1,1,0,0,0,0,Normal,0
0.591242,tcp,-,FIN,10,6,1294,268,25.370321,15763.427,3030.9077,2,1,61.27667,99.7572,3063.7373,142.11583,255,2142870532,2110671141,255,0.161297,0.09245,0.068847,129,45,0,0,1,1,0,0,0,0,Fuzzers,1
0.640185,tcp,-,FIN,12,10,1162,840,32.803017,13321.149,9447.27,3,2,58.102364,66.878784,3577.7056,114.546295,255,632833806,245341388,255,0.090328,0.038267,0.052061,97,84,0,0,1,1,0,0,0,0,Fuzzers,1
0.000938,udp,dns,CON,2,2,132,164,3198.2942,562899.8,699360.4,0,0,0.001,0.004,0.0,0.0,0,0,0,0,0.0,0.0,0.0,66,82,0,0,1,1,0,0,0,0,Normal,0
0.866589,tcp,-,FIN,34,10,34210,440,49.61983,306525.94,3655.7122,14,1,25.798485,89.11111,2290.2097,133.37746,255,2884357809,3104618973,255,0.12975,0.064585,0.065165,1006,44,0,0,2,1,0,0,0,0,Fuzzers,1
0.044989,tcp,-,FIN,28,42,2198,34406,1533.7083,376981.03,5972482.0,5,15,1.654556,1.085415,97.38564,73.759674,255,619618004,2768399045,255,0.000605,0.000483,0.000122,79,819,0,0,6,1,0,0,0,0,Normal,0
0.652056,tcp,-,FIN,78,80,4550,72810,240.77687,55111.832,882132.9,7,33,8.69004,8.246924,497.70898,483.3018,255,259612930,2405288479,255,0.000659,0.00054,0.000119,58,910,0,0,1,1,0,0,0,0,Normal,0
3e-06,stp,-,INT,2,0,200,0,333333.3,266666660.0,0.0,0,0,0.003,0.0,0.0,0.0,0,0,0,0,0.0,0.0,0.0,100,0,0,0,1,1,0,0,0,0,Exploits,1
0.001088,udp,dns,CON,2,2,132,164,2757.3528,485294.1,602941.2,0,0,0.005,0.007,0.0,0.0,0,0,0,0,0.0,0.0,0.0,66,82,0,0,2,1,0,0,0,0,Normal,0
1e-05,udp,-,INT,2,0,424,0,100000.0,169600000.0,0.0,0,0,0.01,0.0,0.0,0.0,0,0,0,0,0.0,0.0,0.0,212,0,0,0,3,1,0,0,0,0,Fuzzers,1
0.578,tcp,-,FIN,10,6,534,268,25.951557,6657.4395,3100.346,2,1,64.22222,90.2776,3364.3938,150.61057,255,1263342005,2050256428,255,0.18122,0.125846,0.055374,53,45,0,0,2,1,0,0,0,0,Fuzzers,1
0.677983,tcp,-,FIN,38,40,2438,18508,113.572174,28012.502,212937.5,7,13,18.315487,17.827526,1073.2887,1059.8156,255,702066167,1119715527,255,0.000642,0.000534,0.000108,64,463,0,0,1,1,0,0,0,0,Normal,0
1.942658,tcp,-,FIN,16,18,1272,2572,16.987036,4912.8564,10006.908,4,4,129.48506,114.242294,7432.7983,188.87845,255,1687097074,3836969594,255,0.000653,0.000538,0.000115,80,143,0,0,3,1,0,0,0,0,Normal,0
0.820746,tcp,-,FIN,30,42,2302,34406,86.50667,21697.334,327380.22,5,15,28.29038,20.004805,2409.746,1522.1646,255,2126973107,3083267830,255,0.000684,0.000546,0.000138,77,819,0,0,2,1,0,0,0,0,Normal,0
0.538644,tcp,http,FIN,60,14,68199,612,135.5255,996027.06,8450.851,27,1,8.863136,37.88238,1015.88855,55.82739,255,799934922,3404336826,255,0.062321,0.046164,0.016157,1137,44,1,0,1,1,0,0,1,0,Fuzzers,1
0.332607,tcp,-,FIN,16,18,1540,1644,99.216194,34731.68,37353.395,4,4,22.150066,19.499529,1458.1091,35.38542,255,749554884,887201920,255,0.001263,0.00111,0.000153,96,91,0,0,10,1,0,0,0,0,Normal,0
0.349829,tcp,-,FIN,12,8,998,718,54.312252,20924.51,14384.171,3,2,30.52518,46.430855,1636.1245,65.50449,255,2809938815,1483400121,255,0.073916,0.024805,0.049111,83,90,0,0,2,1,0,0,0,0,Fuzzers,1
0.981115,tcp,-,FIN,16,18,1540,1644,33.6352,11774.359,12663.144,4,4,70.005714,57.170116,6245.5293,136.91812,255,1204520417,1019646469,255,0.010044,0.009222,0.000822,96,91,0,0,15,1,0,0,0,0,Normal,0
1.027794,tcp,-,FIN,10,8,564,354,16.54028,3954.0999,2412.9348,2,1,111.77267,139.88728,8350.014,204.04321,255,347454711,2440710599,255,0.104484,0.04858,0.055904,56,44,0,0,1,1,0,0,0,0,Reconnaissance,1
3.796722,tcp,-,FIN,30,42,2302,34406,18.700342,4690.362,70770.52,5,15,140.607,97.29449,13592.544,9929.256,255,3531521171,1453443276,255,0.003054,0.002236,0.000818,77,819,0,0,5,1,0,0,0,0,Normal,0
9e-06,merit-inp,-,INT,2,0,200,0,111111.11,88888890.0,0.0,0,0,0.009,0.0,0.0,0.0,0,0,0,0,0.0,0.0,0.0,100,0,0,0,1,1,0,0,0,0,Backdoor,1
1.716115,tcp,-,FIN,16,18,1540,1644,19.22948,6731.4834,7239.608,4,4,122.525,107.18075,8933.023,191.12189,255,2857391607,953906816,255,0.001976,0.001214,0.000762,96,91,0,0,8,1,0,0,0,0,Normal,0
8e-06,unas,-,INT,2,0,200,0,125000.0,100000000.0,0.0,0,0,0.008,0.0,0.0,0.0,0,0,0,0,0.0,0.0,0.0,100,0,0,0,6,6,0,0,0,0,Analysis,1
2e-06,ipv6,-,INT,2,0,200,0,500000.0,400000000.0,0.0,0,0,0.002,0.0,0.0,0.0,0,0,0,0,0.0,0.0,0.0,100,0,0,0,1,1,0,0,0,0,Backdoor,1
0.569127,tcp,-,FIN,12,8,1250,746,33.384464,16108.882,9178.971,3,2,48.86491,71.84843,2513.167,87.06842,255,1884384284,3119141290,255,0.139619,0.06618,0.073439,104,93,0,0,1,1,0,0,0,0,Fuzzers,1
9e-06,unas,-,INT,2,0,200,0,111111.11,88888890.0,0.0,0,0,0.009,0.0,0.0,0.0,0,0,0,0,0.0,0.0,0.0,100,0,0,0,1,1,0,0,0,0,Analysis,1
0.723965,tcp,http,FIN,10,8,798,1212,23.481798,7945.1357,11724.324,2,2,80.44056,88.57386,4144.0474,147.57417,255,2588150192,3616178520,255,0.129755,0.076359,0.053396,80,152,1,131,1,1,0,0,4,0,Analysis,1
22.04829,ospf,-,INT,20,0,1280,0,0.861745,441.21335,0.0,0,0,1160.4364,0.0,1438.5061,0.0,0,0,0,0,0.0,0.0,0.0,64,0,0,0,1,1,0,0,0,0,Analysis,1
1.690336,tcp,-,FIN,12,10,1044,824,12.423566,4529.277,3511.7278,3,2,152.0531,175.10078,11978.692,238.00218,255,91136708,3282935107,255,0.22031,0.114427,0.105883,87,82,0,0,1,1,0,0,0,0,Fuzzers,1
1e-05,scps,-,INT,2,0,200,0,100000.0,80000000.0,0.0,0,0,0.01,0.0,0.0,0.0,0,0,0,0,0.0,0.0,0.0,100,0,0,0,2,2,0,0,0,0,Analysis,1
1.1e-05,udp,-,INT,2,0,1926,0,90909.09,700363650.0,0.0,0,0,0.011,0.0,0.0,0.0,0,0,0,0,0.0,0.0,0.0,963,0,0,0,9,1,0,0,0,0,Normal,0
0.60575,tcp,-,FIN,10,6,756,268,24.76269,8993.809,2958.316,2,1,65.56455,107.3828,3715.979,182.4223,255,3036537019,3935967317,255,0.120103,0.068828,0.051275,76,45,0,0,1,1,0,0,0,0,Fuzzers,1
0.766252,tcp,-,FIN,16,18,1540,1644,43.066772,15075.98,16213.987,4,4,51.059532,45.04694,4078.0315,119.32068,255,2839134294,2975014621,255,0.000581,0.000451,0.00013,96,91,0,0,10,1,0,0,0,0,Normal,0
6e-06,udp,-,INT,2,0,104,0,166666.66,69333330.0,0.0,0,0,0.006,0.0,0.0,0.0,0,0,0,0,0.0,0.0,0.0,52,0,0,0,1,1,0,0,0,0,Fuzzers,1
2.609662,tcp,-,FIN,14,10,1080,802,8.813402,3074.7275,2213.3135,3,2,195.77754,278.22665,12939.896,419.2972,255,1018326848,419756573,255,0.191737,0.10562,0.086117,77,80,0,0,1,1,0,0,0,0,Fuzzers,1
0.569211,ospf,-,INT,20,0,1040,0,33.379536,13885.888,0.0,0,0,29.958475,0.0,36.541866,0.0,0,0,0,0,0.0,0.0,0.0,52,0,0,0,1,1,0,0,0,0,Fuzzers,1
3.59494,tcp,-,FIN,30,42,2302,34406,19.749983,4953.6294,74742.836,5,15,123.95217,89.8211,9772.084,8788.059,255,544520216,1238688800,255,0.00222,0.002095,0.000125,77,819,0,0,15,2,0,0,0,0,Normal,0
1.415078,tcp,-,FIN,14,12,774,642,17.66687,4064.7935,3329.8516,4,3,106.53023,116.959366,6221.3135,155.05962,255,2474583845,3947920906,255,0.234006,0.128516,0.10549,55,54,0,0,3,1,0,0,0,0,Fuzzers,1
0.705647,tcp,-,FIN,10,6,586,268,21.257088,5985.996,2539.5134,1,0,6627.0,11046.299,656258.5,24415.643,255,1077799320,2409507966,255,0.243878,0.136203,0.107675,59,45,0,0,2,2,0,0,0,0,Fuzzers,1
0.021388,tcp,-,FIN,16,18,1540,1644,1542.9213,540115.94,580886.5,4,4,1.404867,1.306625,84.25372,2.69609,255,894585117,3048235386,255,0.000606,0.000479,0.000127,96,91,0,0,6,1,0,0,0,0,Normal,0
15.048877,tcp,http,FIN,8,10,1052,824,1.129652,489.60464,394.44803,2,2,2149.6665,1672.0353,179296.39,4721.9385,255,506970224,508126771,255,0.000698,0.000554,0.000144,132,82,1,83,5,1,0,0,1,0,Normal,0
5.275235,tcp,-,FIN,64,66,3806,51808,24.453886,5682.401,77378.92,7,26,83.72876,81.14581,6444.5396,6348.595,255,4231645183,4231996320,255,0.000892,0.000751,0.000141,59,785,0,0,1,1,0,0,0,0,Normal,0
8e-06,srp,-,INT,2,0,200,0,125000.0,100000000.0,0.0,0,0,0.008,0.0,0.0,0.0,0,0,0,0,0.0,0.0,0.0,100,0,0,0,1,1,0,0,0,0,Exploits,1
0.801039,tcp,-,FIN,10,6,682,268,18.72568,6132.036,2237.0947,2,0,7245.911,12073.004,716882.9,26703.87,255,2680919817,1870019197,255,0.192208,0.100906,0.091302,68,45,0,0,2,2,0,0,0,0,Fuzzers,1
0.64384,tcp,http,FIN,12,8,900,1064,29.510437,10250.994,11568.091,2,2,58.530907,84.23229,3755.1077,122.136086,255,30761756,2721825198,255,0.148136,0.05349,0.094646,75,133,1,130,2,1,0,0,1,0,Analysis,1
1.8e-05,udp,-,INT,3,0,3028,0,111111.11,897333300.0,0.0,0,0,0.014,0.0,0.0,0.0,0,0,0,0,0.0,0.0,0.0,1009,0,0,0,2,1,0,0,0,0,Fuzzers,1
0.001133,udp,dns,CON,2,2,146,178,2647.8376,515445.72,628420.1,0,0,0.009,0.007,0.0,0.0,0,0,0,0,0.0,0.0,0.0,73,89,0,0,1,1,0,0,0,0,Normal,0
1e-06,udp,-,INT,2,0,104,0,1000000.0,416000000.0,0.0,0,0,0.001,0.0,0.0,0.0,0,0,0,0,0.0,0.0,0.0,52,0,0,0,2,2,0,0,0,0,Fuzzers,1
1.1e-05,udp,-,INT,2,0,2180,0,90909.09,792727300.0,0.0,0,0,0.011,0.0,0.0,0.0,0,0,0,0,0.0,0.0,0.0,1090,0,0,0,5,1,0,0,0,0,Normal,0
0.460413,tcp,-,FIN,10,6,574,268,32.579445,8983.239,3892.1577,2,1,51.056667,75.489395,2542.5796,109.63456,255,2124787384,49896810,255,0.165997,0.08296,0.083037,57,45,0,0,2,1,0,0,0,0,Fuzzers,1
0.625657,tcp,-,FIN,10,6,534,268,23.974796,6150.3345,2864.189,2,1,61.018333,111.33,3549.0864,166.43523,255,150491036,3632982751,255,0.142955,0.068998,0.073957,53,45,0,0,1,1,0,0,0,0,Fuzzers,1
0.828614,tcp,-,FIN,12,8,1042,720,22.929855,9229.871,6082.4463,3,2,73.86945,106.95114,4443.027,149.39543,255,1701774815,2240947343,255,0.149574,0.079948,0.069626,87,90,0,0,1,1,0,0,0,0,Fuzzers,1
1.085276,tcp,http,FIN,10,10,796,1314,17.507067,5285.2915,8720.362,2,2,120.58622,109.69622,8993.339,171.875,255,2263085570,2826008702,255,0.140384,0.080664,0.05972,80,131,1,229,2,2,0,0,4,0,Fuzzers,1
0.003891,tcp,http,FIN,8,10,1052,824,4369.0566,1893600.6,1525571.8,2,2,0.508,0.373778,32.664955,0.656389,255,1207100371,1208139594,255,0.000646,0.000523,0.000123,132,82,1,83,2,1,0,0,1,0,Normal,0
0.057113,tcp,-,FIN,30,42,2302,34406,1243.1495,311802.9,4704638.0,5,15,1.958034,1.381049,127.56124,98.90546,255,3056682948,3059976163,255,0.000622,0.000486,0.000136,77,819,0,0,6,1,0,0,0,0,Normal,0
2.557302,tcp,-,FIN,12,10,1110,842,8.211779,3184.6062,2371.249,3,2,232.46419,266.3351,13111.338,418.00284,255,216135708,2004809768,255,0.31858,0.160285,0.158295,93,84,0,0,1,1,0,0,0,0,Fuzzers,1
5e-06,unas,-,INT,2,0,200,0,200000.0,160000000.0,0.0,0,0,0.005,0.0,0.0,0.0,0,0,0,0,0.0,0.0,0.0,100,0,0,0,3,3,0,0,0,0,Backdoor,1
4.701051,tcp,smtp,FIN,50,24,41210,2022,15.528442,68726.76,3297.9858,21,8,95.9214,199.66695,8664.19,308.82672,255,1154392429,408427289,255,0.189797,0.108708,0.081089,824,84,0,0,1,1,0,0,0,0,Exploits,1
9e-06,ddx,-,INT,2,0,200,0,111111.11,88888890.0,0.0,0,0,0.009,0.0,0.0,0.0,0,0,0,0,0.0,0.0,0.0,100,0,0,0,1,1,0,0,0,0,Reconnaissance,1
1.1e-05,udp,-,INT,2,0,2120,0,90909.09,770909060.0,0.0,0,0,0.011,0.0,0.0,0.0,0,0,0,0,0.0,0.0,0.0,1060,0,0,0,7,2,0,0,0,0,Normal,0
0.606509,tcp,-,FIN,30,42,2302,34406,117.06339,29361.479,443020.66,5,15,22.450518,14.778659,1861.6537,1508.6979,255,857036794,3185966556,255,0.00071,0.000581,0.000129,77,819,0,0,1,1,0,0,0,0,Normal,0
4.930717,tcp,http,FIN,62,368,2996,474434,87.0056,4783.077,767669.3,2,181,80.814606,13.314405,4362.1045,1688.4889,255,223784353,64175862,255,0.154538,0.07095,0.083588,48,1289,1,229576,1,1,0,0,1,0,Exploits,1
0.004136,tcp,http,FIN,8,10,1052,824,4110.2515,1781431.4,1435203.1,2,2,0.538286,0.402444,35.17643,0.635406,255,894582243,895542488,255,0.000636,0.00051,0.000126,132,82,1,83,3,1,0,0,1,0,Normal,0
2.042059,tcp,-,FIN,16,18,1540,1644,16.16016,5657.0356,6084.0557,4,4,136.1012,127.49494,9309.766,226.34024,255,2424876809,989044513,255,0.002265,0.002131,0.000134,96,91,0,0,6,1,0,0,0,0,Normal,0
0.003876,tcp,http,FIN,8,10,1052,824,4385.965,1900928.9,1531475.8,2,2,0.504571,0.376444,32.458263,0.660565,255,2765002277,2765998721,255,0.000607,0.000484,0.000123,132,82,1,83,1,1,0,0,1,0,Normal,0
0.610772,tcp,-,FIN,12,6,4678,268,27.833626,56178.082,2933.9917,3,1,55.43882,101.0836,0.0,140.52705,255,3234024936,25216566,255,0.187742,0.10535,0.082392,390,45,0,0,1,1,0,0,0,0,Fuzzers,1
1.05499,tcp,-,FIN,60,14,68199,612,69.19496,508539.4,4314.7324,27,1,17.519085,75.53731,1736.9459,108.2829,255,2381765405,3154491596,255,0.195236,0.072997,0.122239,1137,44,1,0,1,1,0,0,1,0,Fuzzers,1
0.680762,tcp,-,FIN,16,18,1540,1644,48.475094,16969.22,18250.137,4,4,48.60236,39.978767,3024.1282,76.23018,255,2044522930,1012173204,255,0.001941,0.001123,0.000818,96,91,0,0,10,1,0,0,0,0,Normal,0
9e-06,unas,-,INT,2,0,200,0,111111.11,88888890.0,0.0,0,0,0.009,0.0,0.0,0.0,0,0,0,0,0.0,0.0,0.0,100,0,0,0,3,3,0,0,0,0,Backdoor,1
0.001059,udp,dns,CON,2,2,132,164,2832.861,498583.56,619452.3,0,0,0.009,0.007,0.0,0.0,0,0,0,0,0.0,0.0,0.0,66,82,0,0,1,1,0,0,0,0,Normal,0
0.670912,tcp,-,FIN,36,12,35058,898,70.053894,406431.8,9825.432,15,2,18.681944,55.465816,1600.9435,80.96721,255,1490472316,853489705,255,0.119675,0.060782,0.058893,974,75,0,0,2,1,0,0,0,0,Fuzzers,1
2e-06,udp,-,INT,2,0,1064,0,500000.0,2128000000.0,0.0,0,0,0.002,0.0,0.0,0.0,0,0,0,0,0.0,0.0,0.0,532,0,0,0,2,1,0,0,0,0,Fuzzers,1
9e-06,aris,-,INT,2,0,200,0,111111.11,88888890.0,0.0,0,0,0.009,0.0,0.0,0.0,0,0,0,0,0.0,0.0,0.0,100,0,0,0,2,2,0,0,0,0,Exploits,1
0.894556,tcp,-,FIN,16,18,1540,1644,36.88981,12913.669,13888.454,4,4,59.615665,52.558647,4805.701,144.39949,255,2839132766,2894639955,255,0.001222,0.00105,0.000172,96,91,0,0,10,1,0,0,0,0,Normal,0
11.493332,tcp,-,FIN,16,18,1272,2572,2.87123,830.39453,1691.4155,4,4,766.2007,676.04285,41393.95,1027.1321,255,3914935862,3915236234,255,0.000737,0.000594,0.000143,80,143,0,0,4,1,0,0,0,0,Normal,0
7.200432,rvd,-,INT,4,0,400,0,0.416642,333.31335,0.0,0,0,2400.144,0.0,3394.3093,0.0,0,0,0,0,0.0,0.0,0.0,100,0,0,0,3,3,0,0,0,0,Backdoor,1
8e-06,unas,-,INT,2,0,200,0,125000.0,100000000.0,0.0,0,0,0.008,0.0,0.0,0.0,0,0,0,0,0.0,0.0,0.0,100,0,0,0,1,1,0,0,0,0,Analysis,1
1.995461,tcp,http,FIN,10,8,1222,354,8.519335,4410.0083,1242.8206,2,1,211.46967,275.32214,13387.695,497.7921,255,2960152229,338544298,255,0.119736,0.068201,0.051535,122,44,1,0,1,1,0,0,1,0,Exploits,1
1.31816,tcp,-,FIN,16,18,1540,1644,25.034897,8763.73,9425.259,4,4,100.540695,73.05806,5302.299,130.89967,255,506973129,1029846879,255,0.079002,0.076165,0.002837,96,91,0,0,3,1,0,0,0,0,Normal,0
0.053293,tcp,-,FIN,16,18,1540,1644,619.21826,216763.92,233126.3,4,4,3.529667,3.080177,219.86348,6.267646,255,1356919376,3089753812,255,0.001119,0.000926,0.000193,96,91,0,0,5,1,0,0,0,0,Normal,0
9e-06,udp,-,INT,2,0,104,0,111111.11,46222220.0,0.0,0,0,0.009,0.0,0.0,0.0,0,0,0,0,0.0,0.0,0.0,52,0,0,0,1,1,0,0,0,0,Fuzzers,1
1.085138,tcp,-,FIN,16,18,1540,1644,30.41088,10645.651,11449.235,4,4,72.32173,67.75963,5664.8877,125.53433,255,2016913368,1200833835,255,0.001816,0.000983,0.000833,96,91,0,0,14,1,0,0,0,0,Normal,0
1.067039,tcp,smtp,FIN,28,20,14984,1848,44.047123,108329.69,13165.404,11,8,39.519962,52.918262,2221.1448,63.329292,255,74221989,462346651,255,0.080984,0.02154,0.059444,535,92,0,0,1,1,0,0,0,0,Normal,0
9e-06,ipv6-frag,-,INT,2,0,200,0,111111.11,88888890.0,0.0,0,0,0.009,0.0,0.0,0.0,0,0,0,0,0.0,0.0,0.0,100,0,0,0,2,2,0,0,0,0,Backdoor,1
0.649788,tcp,-,FIN,10,6,1526,268,23.084452,16916.285,2757.8225,2,1,68.97089,117.1164,3663.3647,182.11096,255,2697833404,3744641720,255,0.156678,0.064201,0.092477,153,45,0,0,1,1,0,0,0,0,Fuzzers,1
0.514028,tcp,-,FIN,10,6,646,268,29.18129,9057.872,3486.1914,2,1,55.311222,89.585205,2865.1235,142.91234,255,2853119029,362706842,255,0.093648,0.066094,0.027554,65,45,0,0,3,1,0,0,0,0,Fuzzers,1
0.001064,udp,dns,CON,2,2,132,164,2819.549,496240.62,616541.4,0,0,0.009,0.007,0.0,0.0,0,0,0,0,0.0,0.0,0.0,66,82,0,0,2,1,0,0,0,0,Normal,0
2.943701,tcp,-,FIN,16,18,1540,1644,11.210378,3924.3115,4220.537,4,4,196.22446,171.69235,15551.335,362.93573,255,2369071859,3176429177,255,0.027727,0.024928,0.002799,96,91,0,0,21,1,0,0,0,0,Normal,0
9.699057,tcp,-,FIN,64,66,3806,51808,13.300263,3090.6099,42085.742,7,26,153.94774,149.20692,13032.37,12835.203,255,1997031252,4147500051,255,0.000744,0.000599,0.000145,59,785,0,0,1,1,0,0,0,0,Normal,0
2.950725,tcp,-,FIN,30,42,2302,34406,24.061882,6035.127,91061.01,5,15,105.37086,73.75462,6805.5312,6168.597,255,2424874131,3135838986,255,0.000641,0.000535,0.000106,77,819,0,0,13,1,0,0,0,0,Normal,0
0.817035,tcp,-,FIN,14,8,1074,746,25.702694,9771.919,6393.8506,3,2,58.853153,111.34357,4203.823,149.16293,255,3882139145,2285648693,255,0.076121,0.037629,0.038492,77,93,0,0,1,1,0,0,0,0,Fuzzers,1
0.061111,tcp,-,FIN,16,18,1540,1644,540.001,189033.08,203302.19,4,4,4.048667,3.567,260.54343,7.082491,255,3619131955,3638130712,255,0.000596,0.000469,0.000127,96,91,0,0,17,1,0,0,0,0,Normal,0
0.644581,tcp,-,FIN,10,6,2550,268,23.27093,28483.62,2780.1006,2,1,64.777664,117.871796,3476.5254,184.88567,255,1613674254,4083254811,255,0.166056,0.055213,0.110843,255,45,0,0,1,1,0,0,0,0,Fuzzers,1
3e-06,unas,-,INT,2,0,200,0,333333.3,266666660.0,0.0,0,0,0.003,0.0,0.0,0.0,0,0,0,0,0.0,0.0,0.0,100,0,0,0,3,3,0,0,0,0,Backdoor,1
20.166878,tcp,-,FIN,28,28,4656,2976,2.727244,1781.1384,1138.5005,7,7,746.90857,746.9013,76298.09,2299.2363,255,2741584846,2740657454,255,0.000666,0.000537,0.000129,166,106,0,0,1,1,0,0,0,0,Normal,0
1.354112,tcp,-,FIN,16,18,1540,1644,24.370214,8531.052,9175.017,4,4,90.19894,84.60025,5540.9995,167.0916,255,3291528741,3389708964,255,0.00092,0.000507,0.000413,96,91,0,0,9,1,0,0,0,0,Normal,0
3e-06,iso-ip,-,INT,2,0,200,0,333333.3,266666660.0,0.0,0,0,0.003,0.0,0.0,0.0,0,0,0,0,0.0,0.0,0.0,100,0,0,0,2,2,0,0,0,0,Backdoor,1
3e-06,unas,-,INT,2,0,200,0,333333.3,266666660.0,0.0,0,0,0.003,0.0,0.0,0.0,0,0,0,0,0.0,0.0,0.0,100,0,0,0,3,3,0,0,0,0,Analysis,1
12.671009,tcp,-,FIN,78,80,4550,72810,12.390489,2836.0803,45394.965,7,33,166.71965,160.3845,34338.484,34120.816,255,1719482744,3869393521,255,0.00075,0.000606,0.000144,58,910,0,0,1,1,0,0,0,0,Normal,0
2.705932,tcp,-,FIN,16,18,1540,1644,12.195429,4269.139,4591.394,4,4,180.37047,169.05075,13596.431,429.9993,255,2832360136,1351701976,255,0.001936,0.001111,0.000825,96,91,0,0,6,1,0,0,0,0,Normal,0
0.507194,tcp,-,FIN,10,6,534,268,29.574484,7586.841,3533.165,1,0,9059.681,15111.121,901688.56,33607.64,255,918016830,3120398094,255,0.084614,0.028723,0.055891,53,45,0,0,3,2,0,0,0,0,Fuzzers,1
8e-06,unas,-,INT,2,0,200,0,125000.0,100000000.0,0.0,0,0,0.008,0.0,0.0,0.0,0,0,0,0,0.0,0.0,0.0,100,0,0,0,2,2,0,0,0,0,Backdoor,1
1.1e-05,udp,-,INT,2,0,1490,0,90909.09,541818200.0,0.0,0,0,0.011,0.0,0.0,0.0,0,0,0,0,0.0,0.0,0.0,745,0,0,0,9,1,0,0,0,0,Normal,0
1e-05,udp,-,INT,2,0,522,0,100000.0,208800000.0,0.0,0,0,0.01,0.0,0.0,0.0,0,0,0,0,0.0,0.0,0.0,261,0,0,0,5,1,0,0,0,0,Normal,0
0.244214,tcp,-,FIN,30,42,2302,34406,290.72864,72919.66,1100248.1,5,15,8.710358,5.943951,515.8399,390.60696,255,1229552248,3396010480,255,0.001296,0.000509,0.000787,77,819,0,0,17,1,0,0,0,0,Normal,0
2.097541,ospf,-,INT,42,0,2688,0,19.546698,10007.909,0.0,0,0,51.159534,0.0,55.640575,0.0,0,0,0,0,0.0,0.0,0.0,64,0,0,0,1,1,0,0,0,0,Backdoor,1
4.551819,tcp,http,FIN,8,10,1052,824,3.734771,1618.6936,1304.0941,2,2,649.95044,505.69635,53914.883,1423.0033,255,364519651,2515197624,255,0.000682,0.000548,0.000134,132,82,1,83,8,1,0,0,1,0,Normal,0
0.016671,tcp,-,FIN,16,18,1540,1644,1979.4854,692939.8,745246.25,4,4,1.0366,0.941824,70.81247,1.59988,255,3584165257,1441063544,255,0.00077,0.000656,0.000114,96,91,0,0,6,1,0,0,0,0,Normal,0
0.996221,tcp,-,FIN,10,8,564,354,17.064487,4079.416,2489.4075,2,1,110.69122,131.48,6542.8154,202.43304,255,2321780530,2975132930,255,0.169226,0.07516,0.094066,56,44,0,0,1,1,0,0,0,0,Normal,0
0.000995,udp,dns,CON,2,2,132,164,3015.0754,530653.25,659296.5,0,0,0.009,0.001,0.0,0.0,0,0,0,0,0.0,0.0,0.0,66,82,0,0,2,2,0,0,0,0,Normal,0
5e-06,udp,-,INT,2,0,104,0,200000.0,83200000.0,0.0,0,0,0.005,0.0,0.0,0.0,0,0,0,0,0.0,0.0,0.0,52,0,0,0,7,1,0,0,0,0,Fuzzers,1
1.727578,tcp,http,FIN,12,10,2452,1268,12.155746,10409.949,5288.3286,3,2,147.72064,182.38478,8657.205,271.83548,255,3589025181,1763453158,255,0.171495,0.086113,0.085382,204,127,1,185,2,1,0,0,1,0,Exploits,1
0.577568,tcp,-,FIN,10,8,490,354,29.433764,6108.3716,4293.8667,2,1,60.143555,73.51714,3941.5173,117.34312,255,1289116636,1598610842,255,0.108388,0.06294,0.045448,49,44,0,0,2,1,0,0,0,0,Fuzzers,1
1.481234,udp,-,CON,4,4,520,304,4.72579,2106.352,1231.4058,0,0,357.01434,204.7,504.8839,289.4874,0,0,0,0,0.0,0.0,0.0,130,76,0,0,1,1,0,0,0,0,Normal,0
13.627812,tcp,-,FIN,78,80,4550,72810,11.520558,2636.9602,42207.8,7,33,184.15475,172.495,31016.229,30408.006,255,2381579578,232376214,255,0.000845,0.000697,0.000148,58,910,0,0,1,1,0,0,0,0,Normal,0
8e-06,unas,-,INT,2,0,200,0,125000.0,100000000.0,0.0,0,0,0.008,0.0,0.0,0.0,0,0,0,0,0.0,0.0,0.0,100,0,0,0,3,3,0,0,0,0,Backdoor,1
0.419561,tcp,http,FIN,10,6,2430,268,35.751656,41700.73,4271.131,2,1,46.556778,70.33,2339.8032,108.84421,255,2719604897,4209639422,255,0.130736,0.067903,0.062833,243,45,1,0,1,1,0,0,1,0,Exploits,1
0.336492,tcp,-,FIN,16,18,1540,1644,98.07068,34330.684,36922.125,4,4,22.3782,22.4012,1571.7645,58.090687,255,124523541,3153600489,255,0.000595,0.00047,0.000125,96,91,0,0,11,1,0,0,0,0,Normal,0
0.003074,tcp,ftp-data,FIN,6,8,320,1862,4229.0176,694860.1,4242030.0,1,2,0.5494,0.373714,30.325684,0.622734,255,2766617008,1112398289,255,0.000713,0.000455,0.000258,53,233,0,0,1,1,0,0,0,0,Normal,0
0.785393,tcp,-,FIN,10,6,756,268,19.098719,6936.655,2281.6602,2,1,84.837776,131.9564,4435.391,224.67337,255,562072227,1777865723,255,0.253,0.125605,0.127395,76,45,0,0,2,1,0,0,0,0,Fuzzers,1
0.016098,tcp,-,FIN,40,42,2558,23162,5031.681,1239905.6,11236675.0,7,14,0.404795,0.387375,23.661072,25.022608,255,3185003135,3205577546,255,0.000756,0.0006,0.000156,64,551,0,0,1,1,0,0,0,0,Normal,0
22.68646,udp,-,INT,4,0,418,0,0.132237,110.72684,0.0,0,0,7562.1533,0.0,10694.491,0.0,0,0,0,0,0.0,0.0,0.0,105,0,0,0,1,1,0,0,0,0,Fuzzers,1
31.526554,tcp,http,FIN,20,14,1076,622,1.046737,259.5907,146.67001,4,1,1657.7076,2422.537,221272.52,8129.545,255,2348965053,2962445289,255,0.082194,0.033568,0.048626,54,44,1,0,2,2,0,0,2,0,Fuzzers,1
0.021634,tcp,-,FIN,16,18,1540,1644,1525.3767,533974.3,574281.25,4,4,1.4196,1.245882,83.76335,2.530347,255,2469201143,2473616182,255,0.000561,0.000451,0.00011,96,91,0,0,3,1,0,0,0,0,Normal,0
0.001038,udp,dns,CON,2,2,132,164,2890.1733,508670.53,631984.56,0,0,0.005,0.004,0.0,0.0,0,0,0,0,0.0,0.0,0.0,66,82,0,0,1,1,0,0,0,0,Normal,0
27.934828,tcp,http,FIN,8,10,1052,824,0.608559,263.75677,212.4946,2,2,3990.5688,3103.8035,333396.2,8771.822,255,1356916320,1358222834,255,0.000747,0.000584,0.000163,132,82,1,83,8,1,0,0,1,0,Normal,0
0.649902,tcp,-,FIN,14,38,734,42014,78.47337,8395.112,503571.3,2,17,49.915,15.432865,61.426933,1387.7783,255,1417884146,3077387971,255,0.0,0.0,0.0,52,1106,0,0,1,1,0,0,0,0,Normal,0
0.001337,udp,dns,CON,2,2,146,178,2243.8293,436798.78,532535.5,0,0,0.001,0.001,0.0,0.0,0,0,0,0,0.0,0.0,0.0,73,89,0,0,1,1,0,0,0,0,Normal,0
0.018574,tcp,-,FIN,16,18,1540,1644,1776.6771,621944.7,668892.0,4,4,1.217133,1.062823,74.11947,2.133961,255,2204166818,60275815,255,0.000633,0.000502,0.000131,96,91,0,0,6,1,0,0,0,0,Normal,0
2.678282,tcp,-,FIN,16,18,1540,1644,12.321331,4313.213,4638.7944,4,4,178.53107,153.96812,12459.897,425.1178,255,2832361848,1409651426,255,0.210655,0.06082,0.149835,96,91,0,0,1,1,0,0,0,0,Normal,0
1.614138,tcp,-,FIN,16,18,1540,1644,20.44435,7156.761,7696.9873,4,4,107.538605,99.935684,7345.147,188.2119,255,2677394881,3234633817,255,0.016047,0.015166,0.000881,96,91,0,0,6,1,0,0,0,0,Normal,0
20.70825,tcp,http,FIN,8,10,1052,824,0.820929,355.80023,286.64905,2,2,2958.255,2300.855,246191.83,6478.4507,255,3587324190,1443104336,255,0.000701,0.000539,0.000162,132,82,1,83,8,1,0,0,1,0,Normal,0
3e-06,crudp,-,INT,2,0,200,0,333333.3,266666660.0,0.0,0,0,0.003,0.0,0.0,0.0,0,0,0,0,0.0,0.0,0.0,100,0,0,0,2,2,0,0,0,0,Backdoor,1
0.788916,tcp,-,FIN,12,8,1066,726,24.08368,9917.405,6449.356,3,2,69.33355,102.74757,3573.7212,148.75829,255,1367182184,826881220,255,0.159444,0.069675,0.089769,89,91,0,0,1,1,0,0,0,0,Fuzzers,1
4e-06,udp,-,INT,2,0,1542,0,250000.0,1542000000.0,0.0,0,0,0.004,0.0,0.0,0.0,0,0,0,0,0.0,0.0,0.0,771,0,0,0,1,1,0,0,0,0,Fuzzers,1
4.001315,tcp,-,FIN,16,18,1540,1644,8.247288,2887.0508,3104.9792,4,4,266.7298,231.66394,18265.5,614.7103,255,1059489019,3344425470,255,0.063923,0.063027,0.000896,96,91,0,0,6,1,0,0,0,0,Normal,0
0.93723,tcp,-,FIN,12,8,1366,716,20.272505,10695.347,5351.9414,3,2,85.11363,124.32243,4307.561,182.7238,255,1001009650,828081494,255,0.164371,0.066971,0.0974,114,90,0,0,1,1,0,0,0,0,Fuzzers,1
1.276279,udp,-,CON,4,4,568,312,5.484694,2670.2627,1466.7639,0,0,402.002,403.649,568.50604,570.8416,0,0,0,0,0.0,0.0,0.0,142,78,0,0,1,1,0,0,0,0,Normal,0
0.018902,tcp,-,FIN,16,18,1540,1644,1745.847,611152.25,657284.94,4,4,1.237933,1.085177,81.518555,2.010701,255,594584718,600716716,255,0.000567,0.000449,0.000118,96,91,0,0,4,1,0,0,0,0,Normal,0
8e-06,udp,-,INT,2,0,104,0,125000.0,52000000.0,0.0,0,0,0.008,0.0,0.0,0.0,0,0,0,0,0.0,0.0,0.0,52,0,0,0,5,1,0,0,0,0,Fuzzers,1
0.021522,tcp,-,FIN,16,18,1540,1644,1533.3147,536753.06,577269.75,4,4,1.414067,1.238,87.8784,2.484958,255,3044167525,3049257695,255,0.000599,0.000473,0.000126,96,91,0,0,6,1,0,0,0,0,Normal,0
0.716651,tcp,http,FIN,10,8,814,1340,23.721449,8182.5044,13094.239,2,2,79.62789,89.77557,3914.5876,129.32999,255,3919397843,3903518222,255,0.210953,0.087403,0.12355,81,168,1,257,1,1,0,0,1,0,Exploits,1
1e-05,udp,-,INT,2,0,544,0,100000.0,217600000.0,0.0,0,0,0.01,0.0,0.0,0.0,0,0,0,0,0.0,0.0,0.0,272,0,0,0,2,1,0,0,0,0,Fuzzers,1
1.406311,tcp,-,FIN,12,8,3946,354,13.510525,20581.506,1763.479,3,1,122.305824,186.93929,7818.6455,274.23987,255,2924137800,2875388712,255,0.29819,0.097733,0.200457,329,44,0,0,1,1,0,0,0,0,Exploits,1
0.175507,tcp,-,FIN,16,18,1540,1644,188.02669,65820.74,70789.2,4,4,12.513786,10.291412,755.787,19.260262,255,1289555157,3464612858,255,0.000916,0.000545,0.000371,96,91,0,0,5,1,0,0,0,0,Normal,0
2.851433,tcp,-,FIN,16,18,1540,1644,11.573128,4051.2961,4357.1074,4,4,190.0734,175.98318,16278.801,389.0393,255,17038177,1172661103,255,0.036504,0.035699,0.000805,96,91,0,0,12,1,0,0,0,0,Normal,0
0.854126,tcp,-,FIN,16,18,1540,1644,38.635986,13524.937,14545.863,4,4,60.97771,52.88525,3903.8923,100.96684,255,2734811918,1076051682,255,0.075701,0.007959,0.067742,96,91,0,0,15,1,0,0,0,0,Normal,0
8e-06,unas,-,INT,2,0,200,0,125000.0,100000000.0,0.0,0,0,0.008,0.0,0.0,0.0,0,0,0,0,0.0,0.0,0.0,100,0,0,0,4,4,0,0,0,0,Analysis,1
0.046877,tcp,-,FIN,30,42,2302,34406,1514.602,379887.78,5731936.5,5,15,1.605517,1.131951,88.07383,70.38908,255,1674591325,1677783428,255,0.001038,0.000464,0.000574,77,819,0,0,5,1,0,0,0,0,Normal,0
0.00108,udp,dns,CON,2,2,130,162,2777.7778,481481.5,600000.0,0,0,0.009,0.006,0.0,0.0,0,0,0,0,0.0,0.0,0.0,65,81,0,0,1,1,0,0,0,0,Normal,0
0.368707,tcp,-,FIN,10,6,706,268,40.68271,13799.575,4860.2275,2,1,37.722557,57.0326,2183.8398,87.677155,255,4275040304,25035625,255,0.132982,0.08354,0.049442,71,45,0,0,1,1,0,0,0,0,Fuzzers,1
0.631593,tcp,-,FIN,10,6,2550,268,23.749472,29069.354,2837.2703,2,1,70.07289,109.758,3414.9944,159.20667,255,268902727,1349211112,255,0.141633,0.082794,0.058839,255,45,0,0,1,1,0,0,0,0,Fuzzers,1
2.728969,tcp,-,FIN,16,18,1540,1644,12.092478,4233.1,4552.635,4,4,181.90941,169.1793,12142.24,286.06247,255,3252360455,3484819098,255,0.023956,0.022099,0.001857,96,91,0,0,13,1,0,0,0,0,Normal,0
1.329347,tcp,-,FIN,16,12,860,642,20.310724,4856.5195,3544.5974,4,3,87.5128,111.41663,5183.481,164.6932,255,1666805148,3394335343,255,0.19816,0.103761,0.094399,54,54,0,0,2,1,0,0,0,0,Fuzzers,1
0.302314,tcp,http,FIN,8,10,1052,824,56.23292,24372.01,19635.213,2,2,43.138714,33.523666,2568.9077,64.91486,255,989550122,3138254372,255,0.00076,0.0006,0.00016,132,82,1,83,1,1,0,0,1,0,Normal,0
0.233622,sctp,-,CON,2,2,152,82,12.841256,2602.4946,1403.9774,0,0,0.002,0.001,0.0,0.0,0,0,0,0,0.0,0.0,0.0,76,41,0,0,1,1,0,0,0,0,Exploits,1
0.964412,tcp,ftp,FIN,14,12,810,682,25.922531,6246.2935,5192.802,4,4,74.15839,79.7551,3638.6987,92.94913,255,510749486,4190324436,255,0.166391,0.087098,0.079293,58,57,0,0,2,1,1,1,0,0,Fuzzers,1
3.151742,tcp,http,FIN,10,8,942,354,5.393843,2152.4604,786.86646,2,1,345.13623,437.93655,21637.291,750.3593,255,795379478,216282967,255,0.226647,0.086177,0.14047,94,44,1,0,1,1,0,0,1,0,Reconnaissance,1
0.004855,udp,-,CON,4,4,568,312,1441.8126,701956.75,385581.88,0,0,1.261333,1.058,1.775311,1.487045,0,0,0,0,0.0,0.0,0.0,142,78,0,0,1,1,0,0,0,0,Normal,0
4.027159,tcp,-,FIN,40,42,2558,23162,20.113434,4956.347,44917.023,7,14,108.83333,98.20969,5806.687,5518.551,255,74453467,3944031160,255,0.000702,0.000559,0.000143,64,551,0,0,1,1,0,0,0,0,Normal,0
3e-06,udp,-,INT,2,0,104,0,333333.3,138666660.0,0.0,0,0,0.003,0.0,0.0,0.0,0,0,0,0,0.0,0.0,0.0,52,0,0,0,2,1,0,0,0,0,Fuzzers,1
23.497986,tcp,-,FIN,78,80,4550,72810,6.681424,1529.3225,24478.693,7,33,313.30167,297.435,68415.88,66684.02,255,794450484,794781312,255,0.000743,0.000617,0.000126,58,910,0,0,1,1,0,0,0,0,Normal,0
0.0,arp,-,INT,1,0,46,0,0.0,0.0,0.0,0,0,60000.566,0.0,0.0,0.0,0,0,0,0,0.0,0.0,0.0,46,0,0,0,1,1,0,0,0,1,Normal,0
1.757187,tcp,-,FIN,16,18,1540,1644,18.780016,6574.1436,7070.3916,4,4,116.53893,100.173645,6839.1216,184.28831,255,4109070780,983640547,255,0.055034,0.054229,0.000805,96,91,0,0,5,1,0,0,0,0,Normal,0
13.828278,tcp,-,FIN,122,126,7816,15132,17.86195,4484.7236,8684.8125,30,32,115.23239,113.34199,15033.422,14744.53,255,2449906277,305570557,255,0.000698,0.000552,0.000146,64,120,0,0,1,1,0,0,0,0,Normal,0
3e-06,bna,-,INT,2,0,200,0,333333.3,266666660.0,0.0,0,0,0.003,0.0,0.0,0.0,0,0,0,0,0.0,0.0,0.0,100,0,0,0,1,1,0,0,0,0,Backdoor,1
1.661257,tcp,-,FIN,10,8,564,354,10.233215,2446.3403,1492.8455,2,1,181.52267,167.82172,11050.987,240.7849,255,3675050162,645131678,255,0.591206,0.486504,0.104702,56,44,0,0,1,1,0,0,0,0,Reconnaissance,1
8e-06,unas,-,INT,2,0,200,0,125000.0,100000000.0,0.0,0,0,0.008,0.0,0.0,0.0,0,0,0,0,0.0,0.0,0.0,100,0,0,0,5,5,0,0,0,0,Analysis,1
0.448242,tcp,-,FIN,10,6,574,268,33.464066,9227.158,3997.8403,2,1,46.21611,77.6856,2529.0212,124.99249,255,1782561857,564949244,255,0.103369,0.059813,0.043556,57,45,0,0,3,2,0,0,0,0,Fuzzers,1
1.375854,tcp,-,FIN,40,42,2558,23162,58.872524,14507.354,131473.25,7,14,35.270153,33.530125,2820.5063,2750.7175,255,169420096,1077905678,255,0.001233,0.001116,0.000117,64,551,0,0,1,1,0,0,0,0,Normal,0
0.488933,tcp,-,FIN,12,8,998,732,38.86013,14971.377,10488.145,3,2,42.927364,63.30257,2222.7615,93.52574,255,2254514357,2945154192,255,0.124871,0.045812,0.079059,83,92,0,0,2,1,0,0,0,0,Fuzzers,1
2.521334,tcp,-,FIN,30,42,2302,34406,28.159697,7062.928,106568.984,5,15,90.0355,61.222954,8032.4526,8094.5156,255,3902422664,1887240693,255,0.011999,0.011192,0.000807,77,819,0,0,10,1,0,0,0,0,Normal,0
5.195286,tcp,-,FIN,40,42,2558,23162,15.591058,3841.9446,34817.72,7,14,136.7089,126.70068,0.0,9250.798,255,4084034340,1782001056,255,0.000669,0.000554,0.000115,64,551,0,0,1,1,0,0,0,0,Normal,0
8e-06,sat-mon,-,INT,2,0,200,0,125000.0,100000000.0,0.0,0,0,0.008,0.0,0.0,0.0,0,0,0,0,0.0,0.0,0.0,100,0,0,0,2,2,0,0,0,0,Backdoor,1
0.611607,tcp,-,FIN,10,6,622,268,24.525553,7324.965,2929.986,2,1,65.633,97.804,3398.8848,151.96681,255,2355223906,3204477766,255,0.207014,0.122584,0.08443,62,45,0,0,1,1,0,0,0,0,Fuzzers,1
8e-06,unas,-,INT,2,0,200,0,125000.0,100000000.0,0.0,0,0,0.008,0.0,0.0,0.0,0,0,0,0,0.0,0.0,0.0,100,0,0,0,6,6,0,0,0,0,Backdoor,1
0.000948,udp,dns,CON,2,2,132,164,3164.557,556962.0,691983.1,0,0,0.001,0.005,0.0,0.0,0,0,0,0,0.0,0.0,0.0,66,82,0,0,1,1,0,0,0,0,Normal,0
7e-06,udp,-,INT,2,0,168,0,142857.14,96000000.0,0.0,0,0,0.007,0.0,0.0,0.0,0,0,0,0,0.0,0.0,0.0,84,0,0,0,1,1,0,0,0,0,Reconnaissance,1
8e-06,unas,-,INT,2,0,200,0,125000.0,100000000.0,0.0,0,0,0.008,0.0,0.0,0.0,0,0,0,0,0.0,0.0,0.0,100,0,0,0,5,5,0,0,0,0,Analysis,1
0.813141,tcp,-,FIN,16,18,1540,1644,40.583366,14206.639,15279.023,4,4,58.04886,51.821533,3828.3464,101.23066,255,469432053,1365247524,255,0.036666,0.035814,0.000852,96,91,0,0,4,1,0,0,0,0,Normal,0
1.061772,tcp,-,FIN,40,42,2558,23162,76.28757,18798.764,170364.27,7,14,27.21641,25.883318,2169.473,2111.7478,255,282067609,1797859159,255,0.000669,0.000553,0.000116,64,551,0,0,1,1,0,0,0,0,Normal,0
0.681786,tcp,-,FIN,16,18,1540,1644,48.402287,16943.732,18222.727,4,4,45.380333,42.563564,2794.6052,80.92816,255,2044523860,1013483093,255,0.000968,0.000766,0.000202,96,91,0,0,10,1,0,0,0,0,Normal,0
8e-06,unas,-,INT,2,0,200,0,125000.0,100000000.0,0.0,0,0,0.008,0.0,0.0,0.0,0,0,0,0,0.0,0.0,0.0,100,0,0,0,2,2,0,0,0,0,Backdoor,1
0.806718,tcp,-,FIN,16,18,1540,1644,40.906487,14319.75,15400.673,4,4,53.757004,47.426765,3842.2122,103.48023,255,589424575,3220259039,255,0.001279,0.000459,0.00082,96,91,0,0,15,1,0,0,0,0,Normal,0
31.048857,udp,-,INT,4,0,392,0,0.096622,75.75158,0.0,0,0,10349.619,0.0,14636.56,0.0,0,0,0,0,0.0,0.0,0.0,98,0,0,0,2,1,0,0,0,0,Fuzzers,1
8e-06,unas,-,INT,2,0,200,0,125000.0,100000000.0,0.0,0,0,0.008,0.0,0.0,0.0,0,0,0,0,0.0,0.0,0.0,100,0,0,0,2,2,0,0,0,0,Backdoor,1
0.800566,tcp,-,FIN,16,18,1540,1644,41.220837,14429.791,15519.02,4,4,53.350334,49.97125,4567.1313,126.10688,255,3792358279,1316307706,255,0.001157,0.001025,0.000132,96,91,0,0,9,1,0,0,0,0,Normal,0
1.0209,tcp,ftp,FIN,12,12,2616,682,22.52914,18791.262,4905.4756,3,4,92.80909,83.64182,5530.078,153.87015,255,4150453671,329175558,255,0.134715,0.074069,0.060646,218,57,0,0,1,1,0,0,0,0,Fuzzers,1
3.969367,tcp,-,FIN,28,42,2198,34406,17.383123,4272.7217,67692.41,5,15,147.00151,95.5149,13681.607,8654.531,255,3954101340,1208660365,255,0.055028,0.053251,0.001777,79,819,0,0,4,1,0,0,0,0,Normal,0
6e-06,udp,-,INT,2,0,704,0,166666.66,469333300.0,0.0,0,0,0.006,0.0,0.0,0.0,0,0,0,0,0.0,0.0,0.0,352,0,0,0,2,1,0,0,0,0,Fuzzers,1
8e-06,unas,-,INT,2,0,200,0,125000.0,100000000.0,0.0,0,0,0.008,0.0,0.0,0.0,0,0,0,0,0.0,0.0,0.0,100,0,0,0,3,3,0,0,0,0,Backdoor,1
0.570754,tcp,-,FIN,10,6,486,268,26.281025,6139.2476,3139.7065,2,1,61.215332,101.41779,3911.9426,180.67207,255,2804005215,2937817100,255,0.120944,0.063657,0.057287,49,45,0,0,1,1,0,0,0,0,Fuzzers,1
0.019387,udp,dns,CON,2,2,130,162,154.74287,26822.098,33424.46,0,0,0.001,0.003,0.0,0.0,0,0,0,0,0.0,0.0,0.0,65,81,0,0,1,1,0,0,0,0,Normal,0
0.051862,tcp,-,FIN,30,42,2302,34406,1369.0177,343372.78,5180980.0,5,15,1.776448,1.283025,103.280914,83.52547,255,2919971646,2924413575,255,0.000696,0.000536,0.00016,77,819,0,0,4,1,0,0,0,0,Normal,0
0.941739,tcp,http,FIN,10,8,824,1390,18.05171,6303.2324,10338.32,2,2,104.637665,121.90143,5159.1045,210.60484,255,1266000469,2467697071,255,0.213348,0.087769,0.125579,82,174,1,283,1,1,0,0,1,0,Exploits,1
3e-06,dgp,-,INT,2,0,200,0,333333.3,266666660.0,0.0,0,0,0.003,0.0,0.0,0.0,0,0,0,0,0.0,0.0,0.0,100,0,0,0,1,1,0,0,0,0,Backdoor,1
0.004312,tcp,http,FIN,8,10,1052,824,3942.4863,1708720.0,1376623.5,2,2,0.566714,0.418556,37.200024,0.672145,255,1194583166,3345205206,255,0.000667,0.000541,0.000126,132,82,1,83,2,1,0,0,1,0,Normal,0
0.798643,tcp,-,FIN,10,8,534,354,21.286106,4818.173,3105.2673,2,1,88.73811,104.94786,5348.658,153.2623,255,2115051110,3481059678,255,0.111527,0.063315,0.048212,53,44,0,0,1,1,0,0,0,0,Fuzzers,1
2.023064,tcp,-,FIN,42,42,2662,23162,41.02688,10277.48,89412.9,7,14,50.5665,49.330368,3209.3281,87.269066,255,2239135689,1147509319,255,0.000663,0.000518,0.000145,63,551,0,0,1,1,0,0,0,0,Normal,0
21.86084,tcp,-,FIN,64,68,3806,51912,5.99245,1371.219,18718.037,7,26,358.36902,326.27203,75570.555,72149.86,255,2639836097,494777920,255,0.000725,0.000597,0.000128,59,763,0,0,1,1,0,0,0,0,Normal,0
0.004625,udp,-,CON,4,4,568,312,1513.5135,736864.9,404756.75,0,0,1.198333,1.015333,1.685508,1.426706,0,0,0,0,0.0,0.0,0.0,142,78,0,0,1,1,0,0,0,0,Normal,0
0.809114,tcp,-,FIN,16,18,1540,1644,40.785355,14277.346,15355.067,4,4,57.767498,50.38056,4209.818,89.25833,255,2652357888,3280825564,255,0.003289,0.003022,0.000267,96,91,0,0,3,1,0,0,0,0,Normal,0
6e-06,unas,-,INT,2,0,200,0,166666.66,133333330.0,0.0,0,0,0.006,0.0,0.0,0.0,0,0,0,0,0.0,0.0,0.0,100,0,0,0,3,3,0,0,0,0,Analysis,1
3.532978,tcp,-,FIN,16,18,1540,1644,9.340562,3269.7627,3516.58,4,4,235.50534,205.46518,19524.658,416.90512,255,819492251,1224843239,255,0.040238,0.040069,0.000169,96,91,0,0,8,1,0,0,0,0,Normal,0
8e-06,udp,-,INT,2,0,188,0,125000.0,94000000.0,0.0,0,0,0.008,0.0,0.0,0.0,0,0,0,0,0.0,0.0,0.0,94,0,0,0,2,1,0,0,0,0,Fuzzers,1
0.001036,udp,dns,CON,2,2,146,178,2895.753,563706.56,687258.7,0,0,0.0,0.002,0.0,0.0,0,0,0,0,0.0,0.0,0.0,73,89,0,0,1,1,0,0,0,0,Normal,0
28.046524,tcp,-,FIN,16,18,1272,2572,1.176616,340.29172,693.13403,4,4,1869.7456,1649.757,164488.34,4600.091,255,4139837081,4140180492,255,0.000773,0.000644,0.000129,80,143,0,0,1,1,0,0,0,0,Normal,0
0.546223,tcp,-,FIN,12,10,998,830,38.445835,13401.12,10940.587,3,2,47.984634,54.837555,3303.8818,96.79479,255,1017732213,1591388303,255,0.098916,0.052681,0.046235,83,83,0,0,2,1,0,0,0,0,Fuzzers,1
1.229804,tcp,-,FIN,12,10,1080,806,17.075891,6440.0503,4722.7036,3,2,108.995094,125.52134,6453.6343,201.28409,255,491652915,3894827683,255,0.21921,0.100106,0.119104,90,81,0,0,1,1,0,0,0,0,Fuzzers,1
0.744412,tcp,-,FIN,22,12,17778,862,44.33029,182372.12,8500.669,8,2,34.325714,61.955814,3139.2583,105.601845,255,1418400130,4292352591,255,0.104963,0.062888,0.042075,808,72,0,0,2,1,0,0,0,0,Fuzzers,1
0.704664,tcp,-,FIN,10,8,564,354,24.124973,5767.2876,3519.408,2,1,76.23411,98.23186,5812.3755,141.8495,255,3456504569,1694936299,255,0.064718,0.017031,0.047687,56,44,0,0,1,1,0,0,0,0,Normal,0
3e-06,unas,-,INT,2,0,200,0,333333.3,266666660.0,0.0,0,0,0.003,0.0,0.0,0.0,0,0,0,0,0.0,0.0,0.0,100,0,0,0,3,3,0,0,0,0,Backdoor,1
0.705106,tcp,-,FIN,16,18,1540,1644,46.80147,16383.352,17620.045,4,4,46.933067,39.63765,2769.0989,80.03934,255,2869912106,1029840444,255,0.031985,0.031265,0.00072,96,91,0,0,9,1,0,0,0,0,Normal,0
0.001172,udp,dns,CON,2,2,146,178,2559.727,498293.53,607508.56,0,0,0.04,0.008,0.0,0.0,0,0,0,0,0.0,0.0,0.0,73,89,0,0,3,1,0,0,0,0,Normal,0
0.197303,tcp,ftp,FIN,52,54,2934,3742,532.1764,116693.62,148928.3,11,15,3.93952,4.017592,405.16006,10.511219,255,2959131952,2959939405,255,0.000559,0.000439,0.00012,56,69,0,0,1,1,1,1,0,0,Normal,0
0.958178,tcp,-,FIN,16,18,1540,1644,34.440365,12056.215,12966.275,4,4,63.851933,59.836624,4114.469,112.973175,255,3174102173,1167672319,255,0.000925,0.000789,0.000136,96,91,0,0,2,1,0,0,0,0,Normal,0
0.049922,tcp,-,FIN,30,42,2302,34406,1422.2186,356716.47,5382316.5,5,15,1.710759,1.204415,96.83678,74.48163,255,174585106,2327498795,255,0.00068,0.000537,0.000143,77,819,0,0,6,1,0,0,0,0,Normal,0
9e-06,smp,-,INT,2,0,200,0,111111.11,88888890.0,0.0,0,0,0.009,0.0,0.0,0.0,0,0,0,0,0.0,0.0,0.0,100,0,0,0,1,1,0,0,0,0,Analysis,1
1.026527,tcp,-,FIN,16,18,1540,1644,32.14723,11253.479,12102.944,4,4,68.289795,64.124626,5273.798,126.11355,255,999487331,1085655112,255,0.000658,0.00053,0.000128,96,91,0,0,4,1,0,0,0,0,Normal,0
0.00118,udp,dns,CON,2,2,146,178,2542.3728,494915.25,603389.8,0,0,0.008,0.007,0.0,0.0,0,0,0,0,0.0,0.0,0.0,73,89,0,0,2,1,0,0,0,0,Normal,0
0.000905,udp,dns,CON,2,2,146,178,3314.917,645303.9,786740.3,0,0,0.003,0.005,0.0,0.0,0,0,0,0,0.0,0.0,0.0,73,89,0,0,1,1,0,0,0,0,Normal,0
8.358165,tcp,-,FIN,80,80,4654,72810,19.023315,4399.052,68818.94,7,33,107.151306,105.79223,6452.4946,172.97537,255,2659127693,2655810720,255,0.000712,0.000571,0.000141,58,910,0,0,1,1,0,0,0,0,Normal,0
9e-06,unas,-,INT,2,0,200,0,111111.11,88888890.0,0.0,0,0,0.009,0.0,0.0,0.0,0,0,0,0,0.0,0.0,0.0,100,0,0,0,4,4,0,0,0,0,Backdoor,1
3.451373,tcp,-,FIN,28,42,2198,34406,19.992043,4913.9863,77851.914,5,15,138.04156,84.10463,297.44733,7862.1094,255,3637390966,3306031882,255,0.088025,0.087188,0.000837,79,819,0,0,6,1,0,0,0,0,Normal,0
1.193868,tcp,-,FIN,12,10,1044,816,17.589884,6412.769,4925.1675,3,2,108.533455,120.79866,5823.793,223.1066,255,70845692,3265494832,255,0.185734,0.07833,0.107404,87,82,0,0,1,1,0,0,0,0,Fuzzers,1
8e-06,unas,-,INT,2,0,200,0,125000.0,100000000.0,0.0,0,0,0.008,0.0,0.0,0.0,0,0,0,0,0.0,0.0,0.0,100,0,0,0,4,4,0,0,0,0,Backdoor,1
0.00833,udp,dns,CON,2,2,132,164,360.14407,63385.355,78751.51,0,0,0.002,0.001,0.0,0.0,0,0,0,0,0.0,0.0,0.0,66,82,0,0,1,1,0,0,0,0,Normal,0
0.00091,udp,dns,CON,2,2,132,164,3296.7034,580219.75,720879.1,0,0,0.006,0.002,0.0,0.0,0,0,0,0,0.0,0.0,0.0,66,82,0,0,3,1,0,0,0,0,Normal,0
8.422095,tcp,-,FIN,64,66,3806,51808,15.316854,3559.2092,48466.8,7,26,133.67918,133.67471,8904.752,8901.34,255,1002063507,1002375590,255,0.000697,0.000587,0.00011,59,785,0,0,1,1,0,0,0,0,Normal,0
2.318906,tcp,-,FIN,16,18,1540,1644,14.230848,4981.659,5357.6987,4,4,154.57114,124.394585,10493.243,320.44492,255,3902423502,4161628310,255,0.205008,0.20419,0.000818,96,91,0,0,10,1,0,0,0,0,Normal,0
0.001003,udp,dns,CON,2,2,146,178,2991.027,582253.25,709870.44,0,0,0.009,0.002,0.0,0.0,0,0,0,0,0.0,0.0,0.0,73,89,0,0,2,1,0,0,0,0,Normal,0
0.019285,tcp,-,FIN,16,18,1540,1644,1711.1744,599014.75,644231.25,4,4,1.262867,1.107,77.50159,2.305537,255,1494586246,1498984578,255,0.000575,0.000463,0.000112,96,91,0,0,6,1,0,0,0,0,Normal,0
9e-06,udp,-,INT,2,0,104,0,111111.11,46222220.0,0.0,0,0,0.009,0.0,0.0,0.0,0,0,0,0,0.0,0.0,0.0,52,0,0,0,6,1,0,0,0,0,Fuzzers,1
1.637462,tcp,-,FIN,28,30,4656,3080,34.809967,21936.387,14549.345,7,7,60.635147,56.446827,4196.882,115.101494,255,4184165215,664595741,255,0.000637,0.000501,0.000136,166,103,0,0,1,1,0,0,0,0,Normal,0
0.997751,tcp,-,FIN,12,8,3026,762,19.042828,22242.021,5348.028,3,2,83.163,127.92586,4358.3203,158.23282,255,3145397242,3839358764,255,0.195427,0.102261,0.093166,252,95,0,0,1,1,0,0,0,0,Fuzzers,1
0.552245,tcp,-,FIN,10,6,588,268,27.161856,7677.7515,3244.9365,2,1,57.780334,91.7062,3123.5396,149.68271,255,1444954080,3201246346,255,0.201451,0.093705,0.107746,59,45,0,0,2,1,0,0,0,0,Fuzzers,1
0.051626,tcp,ftp-data,FIN,8,12,424,8824,368.03162,57490.41,1253476.9,1,4,7.324,4.647727,521.81824,317.17676,255,617037037,3322487609,255,0.000919,0.000498,0.000421,53,735,0,0,1,1,0,0,0,0,Normal,0
0.176146,tcp,-,FIN,16,18,1540,1644,187.34459,65581.96,70532.4,4,4,11.6696,10.296883,1129.4589,21.98565,255,3006621004,3191064937,255,0.001262,0.001098,0.000164,96,91,0,0,4,1,0,0,0,0,Normal,0
0.001042,udp,dns,CON,2,2,132,164,2879.0786,506717.84,629558.5,0,0,0.009,0.007,0.0,0.0,0,0,0,0,0.0,0.0,0.0,66,82,0,0,1,1,0,0,0,0,Normal,0
1.339421,tcp,-,FIN,10,8,1014,354,12.692051,5453.1025,1851.5463,2,1,141.92589,182.86514,8728.197,238.46341,255,3856677823,681830767,255,0.145108,0.059364,0.085744,101,44,0,0,1,1,0,0,0,0,Fuzzers,1
0.397866,tcp,http,FIN,10,6,1150,268,37.701134,20811.025,4504.029,2,1,39.78711,62.1636,2013.3308,83.15341,255,224305181,3076426081,255,0.133532,0.087039,0.046493,115,45,1,0,1,1,0,0,1,0,Exploits,1
5.911888,tcp,ftp,FIN,24,22,1252,1618,7.611781,1623.8467,2090.7026,7,9,257.03333,275.00293,15849.638,552.16956,255,438850985,3398276073,255,0.236262,0.136822,0.09944,52,74,0,0,1,1,1,1,0,0,Exploits,1
0.004808,udp,-,CON,4,4,568,312,1455.9069,708818.7,389351.1,0,0,1.253333,1.061,1.763997,1.489874,0,0,0,0,0.0,0.0,0.0,142,78,0,0,1,1,0,0,0,0,Normal,0
0.018716,tcp,-,FIN,16,18,1540,1644,1763.1973,617225.9,663817.06,4,4,1.224667,1.060941,73.67096,2.028417,255,2204167607,60896555,255,0.000831,0.000677,0.000154,96,91,0,0,6,1,0,0,0,0,Normal,0
9e-06,unas,-,INT,2,0,200,0,111111.11,88888890.0,0.0,0,0,0.009,0.0,0.0,0.0,0,0,0,0,0.0,0.0,0.0,100,0,0,0,3,3,0,0,0,0,Analysis,1
0.800426,tcp,-,FIN,16,18,1540,1644,41.228046,14432.314,15521.734,4,4,53.309196,49.997437,3826.6592,105.84745,255,589423755,1070082412,255,0.00058,0.000464,0.000116,96,91,0,0,15,1,0,0,0,0,Normal,0
0.405807,tcp,-,FIN,40,42,2558,23162,199.60228,49185.945,445748.84,7,14,10.397308,9.885951,604.5538,587.19415,255,1267098369,353547560,255,0.000599,0.00048,0.000119,64,551,0,0,1,1,0,0,0,0,Normal,0
1.071394,tcp,-,FIN,12,10,1058,778,19.600634,7242.9004,5234.3022,3,2,97.39945,108.09878,7032.14,163.73192,255,3846600171,4218383280,255,0.200685,0.097808,0.102877,88,78,0,0,1,1,0,0,0,0,Fuzzers,1
8e-06,udp,-,INT,2,0,104,0,125000.0,52000000.0,0.0,0,0,0.008,0.0,0.0,0.0,0,0,0,0,0.0,0.0,0.0,52,0,0,0,2,1,0,0,0,0,Fuzzers,1
1.905183,tcp,smtp,FIN,92,30,99392,2350,63.51096,412819.16,9540.291,43,8,21.1687,63.81793,2141.7239,99.215706,255,3009134914,460073791,255,0.109614,0.027806,0.081808,1080,78,0,0,1,1,0,0,0,0,Exploits,1
0.000964,udp,dns,CON,2,2,146,178,3112.0332,605809.1,738589.2,0,0,0.006,0.001,0.0,0.0,0,0,0,0,0.0,0.0,0.0,73,89,0,0,2,1,0,0,0,0,Normal,0
9e-06,rsvp,-,INT,2,0,200,0,111111.11,88888890.0,0.0,0,0,0.009,0.0,0.0,0.0,0,0,0,0,0.0,0.0,0.0,100,0,0,0,1,1,0,0,0,0,Backdoor,1
17.574184,tcp,-,FIN,78,82,4550,72914,9.047362,2044.8175,32786.727,7,33,231.23471,216.95674,45300.02,44176.94,255,2189062777,2189415115,255,0.000809,0.000673,0.000136,58,889,0,0,1,1,0,0,0,0,Normal,0
0.258687,tcp,-,FIN,10,6,534,268,57.985134,14875.12,6927.291,2,1,27.505112,39.1068,1413.6864,57.200394,255,3368447996,584859215,255,0.087934,0.063116,0.024818,53,45,0,0,3,1,0,0,0,0,Normal,0
0.001086,udp,dns,CON,2,2,146,178,2762.431,537753.25,655616.94,0,0,0.008,0.007,0.0,0.0,0,0,0,0,0.0,0.0,0.0,73,89,0,0,2,1,0,0,0,0,Normal,0
5.191003,tcp,ftp,FIN,52,54,2934,3742,20.227304,4435.3667,5660.5635,11,15,108.13867,99.81637,13549.978,380.97415,255,1444520094,1445606751,255,0.000688,0.000548,0.00014,56,69,0,0,1,1,1,1,0,0,Normal,0
0.004688,tcp,ftp-data,FIN,10,12,528,8824,4479.5225,812286.7,13803755.0,1,4,0.486444,0.382273,37.444565,21.901608,255,4171656256,2034849337,255,0.000601,0.000477,0.000124,53,735,0,0,1,1,0,0,0,0,Normal,0
2.80869,tcp,-,FIN,30,42,2302,34406,25.278688,6340.3223,95665.945,5,15,96.84069,68.483955,7139.4326,6197.841,255,1359495251,3180471866,255,0.001026,0.000847,0.000179,77,819,0,0,5,1,0,0,0,0,Normal,0
0.291529,tcp,-,FIN,10,6,2044,268,51.452858,50492.402,6146.9014,2,1,31.524668,44.451397,1810.5626,71.63044,255,3144630740,1810118933,255,0.111031,0.069266,0.041765,204,45,0,0,2,1,0,0,0,0,Fuzzers,1
1.644954,tcp,ftp,FIN,14,12,1716,682,15.197994,7752.1924,3044.4622,4,4,123.46562,138.6389,7176.7666,174.25381,255,2454316983,3719368973,255,0.159588,0.119917,0.039671,123,57,0,0,1,1,0,0,0,0,Fuzzers,1
1.971637,tcp,-,FIN,16,18,1540,1644,16.737362,5859.091,6301.363,4,4,131.42061,115.94842,9005.635,211.67311,255,541940817,3178474970,255,0.00062,0.000505,0.000115,96,91,0,0,9,1,0,0,0,0,Normal,0
1.320912,tcp,-,FIN,16,18,1540,1644,24.982738,8745.473,9405.623,4,4,94.32586,77.63253,7043.7534,141.05795,255,1757035293,314165973,255,0.001275,0.001158,0.000117,96,91,0,0,10,1,0,0,0,0,Normal,0
0.001063,udp,dns,CON,2,2,146,178,2822.2014,549388.56,669802.5,0,0,0.009,0.007,0.0,0.0,0,0,0,0,0.0,0.0,0.0,73,89,0,0,1,1,0,0,0,0,Normal,0
0.793434,tcp,-,FIN,16,18,1540,1644,41.59136,14559.497,15658.517,4,4,52.8684,45.830624,3332.7715,78.21141,255,926972074,1257243900,255,0.061,0.060143,0.000857,96,91,0,0,9,1,0,0,0,0,Normal,0
1.872226,tcp,-,FIN,16,18,1540,1644,17.626078,6170.1953,6635.951,4,4,124.67107,130.28886,7699.398,242.24738,255,3266488172,3261027609,255,0.049047,0.048178,0.000869,96,91,0,0,14,1,0,0,0,0,Normal,0
1.036251,tcp,-,FIN,10,8,534,354,16.405293,3713.3862,2393.2427,2,1,109.32833,133.55643,6115.2573,248.45348,255,2428443409,1875517314,255,0.180588,0.101353,0.079235,53,44,0,0,1,1,0,0,0,0,Fuzzers,1
9e-06,encap,-,INT,2,0,200,0,111111.11,88888890.0,0.0,0,0,0.009,0.0,0.0,0.0,0,0,0,0,0.0,0.0,0.0,100,0,0,0,1,1,0,0,0,0,Exploits,1
2.366951,tcp,-,FIN,12,10,994,858,8.872174,3082.4465,2612.6438,3,2,207.99127,250.93422,11996.672,361.97476,255,1573181982,2476661815,255,0.267073,0.108535,0.158538,83,86,0,0,1,1,0,0,0,0,Fuzzers,1
0.979832,tcp,ftp,FIN,12,12,572,682,23.473412,4286.449,5111.08,3,4,89.07564,84.264725,4649.448,107.59132,255,319783243,1380501398,255,0.113827,0.052611,0.061216,48,57,0,0,2,1,0,0,0,0,Fuzzers,1
38.24205,tcp,-,FIN,64,66,3806,51808,3.37325,783.8492,10673.904,7,26,616.8021,588.3274,114042.32,111623.71,255,1176906193,3322677352,255,0.000912,0.000748,0.000164,59,785,0,0,1,1,0,0,0,0,Normal,0
0.633506,tcp,-,FIN,10,8,564,354,26.83479,6415.0933,3914.7222,2,1,69.59844,89.38129,5441.7773,137.81369,255,945358452,4221501077,255,0.05278,0.007828,0.044952,56,44,0,0,1,1,0,0,0,0,Reconnaissance,1
9e-06,i-nlsp,-,INT,2,0,200,0,111111.11,88888890.0,0.0,0,0,0.009,0.0,0.0,0.0,0,0,0,0,0.0,0.0,0.0,100,0,0,0,1,1,0,0,0,0,Backdoor,1
8e-06,l2tp,-,INT,2,0,200,0,125000.0,100000000.0,0.0,0,0,0.008,0.0,0.0,0.0,0,0,0,0,0.0,0.0,0.0,100,0,0,0,2,2,0,0,0,0,Backdoor,1
5.651503,tcp,smtp,FIN,28,20,5685,1796,8.316372,7760.0596,2416.3484,9,8,209.31493,285.84567,13250.732,418.28586,255,905744054,4248505207,255,0.339777,0.21969,0.120087,203,90,0,0,1,1,0,0,0,0,Exploits,1
0.674827,tcp,-,FIN,12,10,1260,800,31.119087,13692.398,8535.521,3,2,59.538094,68.07066,4136.0073,123.804665,255,860719316,4264332791,255,0.125542,0.062188,0.063354,105,80,0,0,1,1,0,0,0,0,Fuzzers,1
0.020531,tcp,-,FIN,16,18,1540,1644,1607.3254,562661.3,605133.7,4,4,1.3478,1.125706,81.633865,2.152048,255,2765007600,625102074,255,0.00156,0.001391,0.000169,96,91,0,0,6,1,0,0,0,0,Normal,0
41.059845,tcp,-,FIN,64,66,3806,51808,3.141756,730.05634,9941.392,7,26,684.3245,631.67944,106366.586,102238.45,255,529424940,529785296,255,0.00086,0.000677,0.000183,59,785,0,0,1,1,0,0,0,0,Normal,0
20.624125,tcp,http,FIN,14,18,1684,10168,1.503094,606.66815,3725.346,3,5,1586.4448,1213.1509,122127.8,107783.89,255,2789065561,640565832,255,0.000698,0.000549,0.000149,120,565,1,3924,2,1,0,0,1,0,Normal,0
3e-06,udp,-,INT,2,0,186,0,333333.3,247999980.0,0.0,0,0,0.003,0.0,0.0,0.0,0,0,0,0,0.0,0.0,0.0,93,0,0,0,3,1,0,0,0,0,Fuzzers,1
1.714602,tcp,-,FIN,40,40,2542,18508,46.074833,11566.532,84199.13,7,13,43.952103,45.108315,0.0,71.93988,255,412008228,1052293631,255,0.000598,0.000483,0.000115,64,463,0,0,1,1,0,0,0,0,Normal,0
0.134796,tcp,-,FIN,16,18,1540,1644,244.81439,85699.875,92168.914,4,4,8.9656,7.901235,623.7829,14.125039,255,3379135314,3401562746,255,0.000942,0.00047,0.000472,96,91,0,0,9,1,0,0,0,0,Normal,0
0.288834,tcp,http,FIN,10,6,754,268,51.93294,18806.65,6204.2554,2,1,29.468,50.609802,1566.167,76.929276,255,3478195875,2757256862,255,0.08956,0.035775,0.053785,75,45,1,0,1,1,0,0,1,0,Normal,0
1.288687,tcp,-,FIN,16,18,1540,1644,25.60746,8964.163,9640.82,4,4,92.02443,75.739586,5996.859,149.45956,255,506974005,3183425164,255,0.00195,0.001114,0.000836,96,91,0,0,3,1,0,0,0,0,Normal,0
0.580022,tcp,-,FIN,78,80,4550,72810,270.6794,61956.273,991686.56,7,33,7.528727,7.335089,450.27234,441.91943,255,379612785,379860709,255,0.00069,0.000546,0.000144,58,910,0,0,1,1,0,0,0,0,Normal,0
1.142646,tcp,-,FIN,16,18,1540,1644,28.880337,10109.868,10873.009,4,4,76.15306,65.46175,4751.186,126.46263,255,1119491107,3366038579,255,0.096031,0.095257,0.000774,96,91,0,0,13,1,0,0,0,0,Normal,0
0.027014,tcp,smtp,FIN,52,42,37230,3380,3442.6594,10813652.0,977271.06,18,8,0.5334,0.64539,30.754894,1.229787,255,3939969574,1797829428,255,0.00066,0.000548,0.000112,716,80,0,0,1,1,0,0,0,0,Normal,0
0.93165,tcp,-,FIN,16,18,1540,1644,35.42103,12399.507,13335.48,4,4,62.088333,54.73794,4068.5088,106.549194,255,3174103010,3330340491,255,0.001276,0.001104,0.000172,96,91,0,0,5,1,0,0,0,0,Normal,0
0.860558,tcp,-,FIN,10,6,1526,268,17.430552,12773.108,2082.3699,2,1,92.14267,156.4888,5275.7544,271.8325,255,515079986,3192341981,255,0.153423,0.078104,0.075319,153,45,0,0,1,1,0,0,0,0,Fuzzers,1
8e-06,unas,-,INT,2,0,200,0,125000.0,100000000.0,0.0,0,0,0.008,0.0,0.0,0.0,0,0,0,0,0.0,0.0,0.0,100,0,0,0,1,1,0,0,0,0,Analysis,1
17.330788,ospf,-,INT,28,0,12832,0,1.557921,5711.916,0.0,0,0,641.88104,0.0,746.48883,0.0,0,0,0,0,0.0,0.0,0.0,458,0,0,0,1,1,0,0,0,0,Analysis,1
0.001754,udp,-,CON,4,4,528,304,3990.8782,1806157.4,1039908.8,0,0,0.464,0.215,0.649124,0.298402,0,0,0,0,0.0,0.0,0.0,132,76,0,0,1,1,0,0,0,0,Normal,0
0.001015,udp,dns,CON,2,2,146,178,2955.6648,575369.44,701477.8,0,0,0.008,0.005,0.0,0.0,0,0,0,0,0.0,0.0,0.0,73,89,0,0,1,1,0,0,0,0,Normal,0
2.05604,tcp,-,FIN,64,66,3806,51808,62.74197,14579.482,198533.1,7,26,33.156727,31.622738,2759.0608,2695.0107,255,1267095574,3416956839,255,0.000688,0.000553,0.000135,59,785,0,0,1,1,0,0,0,0,Normal,0
0.421859,tcp,-,FIN,10,6,526,268,35.556904,8988.785,4247.8647,2,1,43.748554,69.532394,2318.7402,110.1832,255,1207391277,2874261858,255,0.155943,0.074193,0.08175,53,45,0,0,1,1,0,0,0,0,Fuzzers,1
0.569347,tcp,-,FIN,10,6,1526,268,26.34597,19306.328,3147.4653,2,1,63.260777,103.6408,3258.6938,176.25406,255,2017451162,1838190042,255,0.122049,0.050187,0.071862,153,45,0,0,1,1,0,0,0,0,Fuzzers,1
2.171778,tcp,-,FIN,16,18,1540,1644,15.194923,5319.144,5720.6587,4,4,144.7638,144.75333,10628.083,337.71777,255,737041262,3662090590,255,0.000597,0.000477,0.00012,96,91,0,0,10,1,0,0,0,0,Normal,0
0.195609,tcp,-,FIN,22,24,3944,2768,230.05077,153980.64,108502.164,7,7,9.298476,8.484652,657.84247,17.828585,255,2709199030,2712056532,255,0.000588,0.000458,0.00013,179,115,0,0,1,1,0,0,0,0,Normal,0
1.4e-05,udp,-,INT,2,0,2008,0,71428.57,573714300.0,0.0,0,0,0.014,0.0,0.0,0.0,0,0,0,0,0.0,0.0,0.0,1004,0,0,0,1,1,0,0,0,0,Fuzzers,1
2.063319,tcp,-,FIN,16,18,1540,1644,15.993649,5598.7466,6021.3667,4,4,137.52927,126.0765,9572.791,191.99773,255,3366620617,3727818620,255,0.046282,0.046092,0.00019,96,91,0,0,10,1,0,0,0,0,Normal,0
8e-06,unas,-,INT,2,0,200,0,125000.0,100000000.0,0.0,0,0,0.008,0.0,0.0,0.0,0,0,0,0,0.0,0.0,0.0,100,0,0,0,2,2,0,0,0,0,Backdoor,1
8e-06,unas,-,INT,2,0,200,0,125000.0,100000000.0,0.0,0,0,0.008,0.0,0.0,0.0,0,0,0,0,0.0,0.0,0.0,100,0,0,0,3,3,0,0,0,0,Analysis,1
0.296656,tcp,http,FIN,10,6,988,268,50.563614,24000.861,6040.6665,2,1,29.500444,53.5516,1563.3696,76.61731,255,1563109371,3038977009,255,0.117396,0.028884,0.088512,99,45,1,0,1,1,0,0,1,0,Normal,0
0.56556,tcp,-,FIN,10,6,756,268,26.522387,9632.931,3168.541,2,1,59.19289,95.3088,3125.1807,155.97337,255,1422351366,1769468821,255,0.169676,0.089008,0.080668,76,45,0,0,1,1,0,0,0,0,Fuzzers,1
0.005417,udp,-,CON,4,4,568,304,1292.2281,629130.5,336717.75,0,0,1.463333,1.277667,2.060982,1.796287,0,0,0,0,0.0,0.0,0.0,142,76,0,0,1,1,0,0,0,0,Normal,0
5e-06,unas,-,INT,2,0,200,0,200000.0,160000000.0,0.0,0,0,0.005,0.0,0.0,0.0,0,0,0,0,0.0,0.0,0.0,100,0,0,0,2,2,0,0,0,0,Backdoor,1
0.002178,udp,-,CON,4,4,520,304,3213.9578,1432506.9,837465.56,0,0,0.543,0.303333,0.762261,0.420494,0,0,0,0,0.0,0.0,0.0,130,76,0,0,1,1,0,0,0,0,Normal,0
1.165967,tcp,-,FIN,16,18,1540,1644,28.302689,9907.656,10655.533,4,4,77.71067,72.80356,5123.394,140.56003,255,926973884,1034288949,255,0.001252,0.001101,0.000151,96,91,0,0,4,1,0,0,0,0,Normal,0
20.12404,tcp,-,FIN,28,30,4656,3080,2.832433,1784.9298,1183.8577,7,7,745.3228,693.9135,96472.875,2860.966,255,2296552056,2295527327,255,0.000676,0.000539,0.000137,166,103,0,0,1,1,0,0,0,0,Normal,0
2.070405,tcp,-,FIN,172,30,217655,1300,97.08246,836126.25,4857.0205,83,1,12.173924,71.51589,1494.3024,107.97486,255,1589838822,619033865,255,0.142074,0.067954,0.07412,1265,43,0,0,1,1,0,0,0,0,Fuzzers,1
25.146973,tcp,http,FIN,8,10,1052,824,0.676026,292.9975,236.05228,2,2,3592.336,3143.2996,299911.22,8308.2,255,889420030,890600041,255,0.000732,0.000574,0.000158,132,82,1,83,8,1,0,0,1,0,Normal,0
0.658304,tcp,-,FIN,12,8,3382,708,28.862047,37684.72,7534.513,3,2,59.84582,87.28229,3102.0432,127.92693,255,2067121490,759028710,255,0.104051,0.046633,0.057418,282,89,0,0,1,1,0,0,0,0,Fuzzers,1
0.2469,tcp,-,FIN,38,40,2438,18508,311.86716,76921.83,584722.56,7,13,6.663892,6.317205,390.12634,379.34662,255,2225002228,470543994,255,0.00065,0.000526,0.000124,64,463,0,0,1,1,0,0,0,0,Normal,0
0.652969,tcp,-,FIN,38,40,2438,18508,117.922905,29085.607,221094.72,7,13,17.638947,17.169815,1135.5133,1121.772,255,3519969978,2320769712,255,0.00063,0.000513,0.000117,64,463,0,0,1,1,0,0,0,0,Normal,0
9e-06,unas,-,INT,2,0,200,0,111111.11,88888890.0,0.0,0,0,0.009,0.0,0.0,0.0,0,0,0,0,0.0,0.0,0.0,100,0,0,0,3,3,0,0,0,0,Analysis,1
1.073097,tcp,-,FIN,16,18,1540,1644,30.752113,10765.104,11577.705,4,4,82.46277,63.05794,5926.093,136.31667,255,1204524099,1012206775,255,0.001283,0.001111,0.000172,96,91,0,0,1,1,0,0,0,0,Normal,0
30.517632,tcp,-,FIN,22,24,1920,4312,1.474557,480.50912,1083.4392,6,6,1453.2043,1326.826,145766.5,139291.34,255,2536547111,2536874122,255,0.00076,0.000621,0.000139,87,180,0,0,2,1,0,0,0,0,Normal,0
8e-06,udp,-,INT,2,0,104,0,125000.0,52000000.0,0.0,0,0,0.008,0.0,0.0,0.0,0,0,0,0,0.0,0.0,0.0,52,0,0,0,2,1,0,0,0,0,Fuzzers,1
0.868413,tcp,-,FIN,10,8,534,354,19.57594,4431.072,2855.7842,2,1,96.49033,110.873856,6159.1787,147.70071,255,3626282909,794414015,255,0.117453,0.091537,0.025916,53,44,0,0,3,2,0,0,0,0,Fuzzers,1
6e-06,unas,-,INT,2,0,200,0,166666.66,133333330.0,0.0,0,0,0.006,0.0,0.0,0.0,0,0,0,0,0.0,0.0,0.0,100,0,0,0,3,3,0,0,0,0,Analysis,1
3.220912,tcp,-,FIN,16,18,1540,1644,10.245545,3586.5618,3857.2927,4,4,214.70674,189.4007,12568.382,396.48877,255,2689910179,3520833852,255,0.001253,0.001099,0.000154,96,91,0,0,4,1,0,0,0,0,Normal,0
8e-06,tlsp,-,INT,2,0,200,0,125000.0,100000000.0,0.0,0,0,0.008,0.0,0.0,0.0,0,0,0,0,0.0,0.0,0.0,100,0,0,0,2,2,0,0,0,0,Backdoor,1
4.34164,tcp,-,FIN,30,42,2302,34406,16.353268,4101.676,61888.133,5,15,149.70079,108.528725,13727.254,10607.517,255,1299486686,1088697357,255,0.0006,0.000488,0.000112,77,819,0,0,17,1,0,0,0,0,Normal,0
0.423805,tcp,-,FIN,10,8,756,354,40.11279,12854.969,5851.748,2,1,46.302223,57.125713,3095.3318,119.22567,255,1345051485,3780970368,255,0.076169,0.023919,0.05225,76,44,0,0,2,1,0,0,0,0,Fuzzers,1
0.630487,tcp,-,FIN,12,8,1046,744,30.135433,12168.371,8260.281,3,2,55.89,83.51586,3160.495,112.16425,255,1516702124,23195444,255,0.094151,0.045867,0.048284,87,93,0,0,1,1,0,0,0,0,Fuzzers,1
0.36329,tcp,http,FIN,10,6,526,268,41.289326,10437.941,4932.698,2,1,39.248,69.032394,2876.8872,128.2336,255,2358385753,58079041,255,0.066964,0.01812,0.048844,53,45,1,0,1,1,0,0,1,0,Fuzzers,1
0.003478,tcp,ftp-data,FIN,6,8,320,1862,3737.7805,614146.06,3749281.2,1,2,0.6324,0.324,31.899658,0.527793,255,4064165553,1918352089,255,0.001323,0.001207,0.000116,53,233,0,0,1,1,0,0,0,0,Normal,0
0.28661,tcp,-,FIN,12,8,998,728,66.292175,25539.932,17780.258,3,2,25.451365,39.715714,1366.0992,59.47601,255,1703308815,501759173,255,0.054887,0.008598,0.046289,83,91,0,0,1,1,0,0,0,0,Fuzzers,1
3.665586,tcp,-,FIN,16,18,1540,1644,9.002653,3151.4744,3389.3625,4,4,261.80536,215.59593,21243.25,563.33936,255,3531523064,1456207596,255,0.000576,0.000452,0.000124,96,91,0,0,17,1,0,0,0,0,Normal,0
6e-06,unas,-,INT,2,0,200,0,166666.66,133333330.0,0.0,0,0,0.006,0.0,0.0,0.0,0,0,0,0,0.0,0.0,0.0,100,0,0,0,3,3,0,0,0,0,Backdoor,1
0.004767,udp,-,CON,4,4,568,312,1468.4287,714915.0,392699.78,0,0,1.232,1.037333,1.723942,1.454284,0,0,0,0,0.0,0.0,0.0,142,78,0,0,1,1,0,0,0,0,Normal,0
0.508014,tcp,-,FIN,16,18,1540,1644,64.95884,22739.53,24456.018,4,4,33.846,29.849705,2540.2573,81.429245,255,3134941597,3441803774,255,0.000977,0.000563,0.000414,96,91,0,0,11,1,0,0,0,0,Normal,0
9e-06,unas,-,INT,2,0,200,0,111111.11,88888890.0,0.0,0,0,0.009,0.0,0.0,0.0,0,0,0,0,0.0,0.0,0.0,100,0,0,0,1,1,0,0,0,0,Backdoor,1
0.908719,tcp,-,FIN,14,10,774,556,25.310354,6329.7896,4410.6045,4,3,68.85823,89.43144,3755.8267,121.6615,255,1912045327,4053178661,255,0.211604,0.103828,0.107776,55,56,0,0,2,1,0,0,0,0,Fuzzers,1
0.037412,tcp,http,FIN,8,10,1052,824,454.39966,196942.16,158665.67,2,2,5.295286,0.807111,377.45428,1.552096,255,3366615409,3456031196,255,0.031066,0.030147,0.000919,132,82,1,83,8,1,0,0,1,0,Normal,0
0.001205,udp,dns,CON,2,2,146,178,2489.6267,484647.3,590871.4,0,0,0.034,0.007,0.0,0.0,0,0,0,0,0.0,0.0,0.0,73,89,0,0,3,1,0,0,0,0,Normal,0
1.491722,tcp,http,FIN,10,10,788,5488,12.736958,3807.68,26492.873,2,3,165.74689,155.98056,9509.526,11698.1455,255,1526775879,1574911061,255,0.175104,0.087199,0.087905,79,549,1,2306,1,1,0,0,1,0,Exploits,1
3.04266,tcp,-,FIN,40,40,2542,18508,25.964125,6517.981,47447.957,7,13,78.008255,78.00316,5221.0244,145.61497,255,2321582801,2815223583,255,0.000656,0.000536,0.00012,64,463,0,0,1,1,0,0,0,0,Normal,0
0.623808,tcp,-,FIN,10,6,994,268,24.045858,11477.891,2872.6787,2,1,64.15022,106.08221,3210.5667,155.08261,255,161699163,1261363937,255,0.174724,0.093395,0.081329,99,45,0,0,3,3,0,0,0,0,Fuzzers,1
0.523583,tcp,-,FIN,10,6,756,268,28.648752,10405.228,3422.571,2,1,47.41011,92.5762,2321.743,115.02278,255,793855456,966457214,255,0.142049,0.060699,0.08135,76,45,0,0,1,1,0,0,0,0,Fuzzers,1
0.318127,tcp,-,FIN,10,6,3040,268,47.15098,68802.71,5632.97,2,1,29.626778,59.3854,1522.9872,82.31157,255,948239585,934979085,255,0.080024,0.021174,0.05885,304,45,0,0,1,1,0,0,0,0,Normal,0
0.0011,udp,dns,CON,2,2,132,164,2727.2727,480000.0,596363.6,0,0,0.009,0.007,0.0,0.0,0,0,0,0,0.0,0.0,0.0,66,82,0,0,1,1,0,0,0,0,Normal,0
0.660746,tcp,-,FIN,12,8,2018,722,28.755377,22398.926,7651.9575,3,2,57.23627,85.01314,2969.1328,107.771996,255,359868901,4258912994,255,0.119481,0.065644,0.053837,168,90,0,0,1,1,0,0,0,0,Fuzzers,1
0.816704,tcp,-,FIN,10,8,2516,354,20.815376,22186.742,3036.596,2,1,86.59544,100.61371,4851.742,176.15315,255,3004919122,2420191566,255,0.156875,0.112396,0.044479,252,44,0,0,1,1,0,0,0,0,Fuzzers,1
5e-06,udp,-,INT,2,0,624,0,200000.0,499200000.0,0.0,0,0,0.005,0.0,0.0,0.0,0,0,0,0,0.0,0.0,0.0,312,0,0,0,2,1,0,0,0,0,Fuzzers,1
0.021388,tcp,-,FIN,16,18,1540,1644,1542.9213,540115.94,580886.5,4,4,1.403667,1.3075,88.016365,2.273641,255,4287459866,285917,255,0.000592,0.000465,0.000127,96,91,0,0,6,1,0,0,0,0,Normal,0
5e-06,ddx,-,INT,2,0,200,0,200000.0,160000000.0,0.0,0,0,0.005,0.0,0.0,0.0,0,0,0,0,0.0,0.0,0.0,100,0,0,0,1,1,0,0,0,0,Backdoor,1
0.005026,tcp,http,FIN,8,10,1052,824,3382.4114,1465976.9,1181058.5,2,2,0.669,0.465556,42.80274,0.92355,255,2919969620,2921017946,255,0.000976,0.000833,0.000143,132,82,1,83,1,1,0,0,1,0,Normal,0
3.085908,tcp,-,FIN,16,18,1540,1644,10.693773,3743.4688,4026.0437,4,4,205.70633,179.2243,14874.114,378.19626,255,746973182,1040636661,255,0.039967,0.039094,0.000873,96,91,0,0,21,1,0,0,0,0,Normal,0
0.442924,tcp,-,FIN,16,18,1540,1644,74.50488,26081.225,28049.959,4,4,29.5054,26.012705,3349.7905,68.09891,255,2794808235,3345458849,255,0.000865,0.000704,0.000161,96,91,0,0,14,1,0,0,0,0,Normal,0
1.640271,tcp,-,FIN,40,42,2558,23162,49.382084,12168.722,110279.34,7,14,42.048794,39.993267,2614.0244,2547.1807,255,3806495356,2372328512,255,0.000675,0.000544,0.000131,64,551,0,0,1,1,0,0,0,0,Normal,0
43.314888,tcp,-,FIN,20,14,1512,622,0.761863,265.40527,106.753136,4,1,2277.4678,3324.2898,305457.22,11205.526,255,649759053,3504893485,255,0.152802,0.099116,0.053686,76,44,0,0,2,2,0,0,0,0,Fuzzers,1
4.812523,tcp,pop3,FIN,24,48,1140,41170,14.753177,1816.9264,67013.5,7,22,208.0727,100.10967,16727.266,11654.677,255,1987250929,1151389748,255,0.196553,0.107365,0.089188,48,858,0,0,1,1,0,0,0,0,Exploits,1
0.016974,tcp,-,FIN,16,18,1540,1644,1944.1499,680570.25,731942.94,4,4,1.109733,0.970529,75.29131,1.724881,255,2319970764,180589574,255,0.000622,0.000472,0.00015,96,91,0,0,6,1,0,0,0,0,Normal,0
3.585639,tcp,-,FIN,16,18,1540,1644,9.20338,3221.741,3464.9333,4,4,239.01846,207.7404,19467.617,349.8084,255,819490357,1191845327,255,0.055838,0.054048,0.00179,96,91,0,0,10,1,0,0,0,0,Normal,0
4.266824,tcp,-,FIN,26,44,1352,37812,16.17128,2437.4102,69284.32,6,20,170.66876,96.08734,10946.669,8265.501,255,2054418125,4169939163,255,0.227705,0.135067,0.092638,52,859,0,0,1,1,0,0,0,0,Exploits,1
1.00096,tcp,-,FIN,38,40,2438,18508,76.92615,18973.785,144229.55,7,13,26.978971,25.651718,1747.9293,1685.5636,255,1902067239,3066691490,255,0.000712,0.00054,0.000172,64,463,0,0,1,1,0,0,0,0,Normal,0
3.680949,udp,dns,INT,116,0,9048,0,31.241943,19494.973,0.0,0,0,32.00825,0.0,41.342804,0.0,0,0,0,0,0.0,0.0,0.0,78,0,0,0,1,1,0,0,0,0,Fuzzers,1
0.35955,tcp,-,FIN,10,6,546,268,41.718815,10947.018,4984.008,2,1,37.174,56.5288,1837.8397,75.57881,255,3226439164,1860460262,255,0.107858,0.076901,0.030957,55,45,0,0,1,1,0,0,0,0,Fuzzers,1
1.651474,tcp,-,FIN,16,18,1540,1644,19.98215,6994.9634,7522.9766,4,4,110.049065,109.9938,7904.819,237.14806,255,3012358262,1837462180,255,0.002369,0.001563,0.000806,96,91,0,0,21,1,0,0,0,0,Normal,0
0.001162,udp,dns,CON,2,2,146,178,2581.7556,502581.75,612736.7,0,0,0.007,0.007,0.0,0.0,0,0,0,0,0.0,0.0,0.0,73,89,0,0,1,1,0,0,0,0,Normal,0
3e-06,unas,-,INT,2,0,200,0,333333.3,266666660.0,0.0,0,0,0.003,0.0,0.0,0.0,0,0,0,0,0.0,0.0,0.0,100,0,0,0,3,3,0,0,0,0,Analysis,1
0.448242,tcp,-,FIN,10,6,574,268,33.464066,9227.158,3997.8403,2,1,46.21611,77.6856,2529.0212,124.99249,255,1782561857,564949244,255,0.103369,0.059813,0.043556,57,45,0,0,3,2,0,0,0,0,Fuzzers,1
1.1e-05,udp,-,INT,2,0,618,0,90909.09,224727260.0,0.0,0,0,0.011,0.0,0.0,0.0,0,0,0,0,0.0,0.0,0.0,309,0,0,0,8,1,0,0,0,0,Normal,0
2.4e-05,udp,-,INT,2,0,168,0,41666.664,28000000.0,0.0,0,0,0.024,0.0,0.0,0.0,0,0,0,0,0.0,0.0,0.0,84,0,0,0,1,1,0,0,0,0,Normal,0
0.044338,tcp,-,FIN,16,18,1540,1644,744.2826,260544.02,280211.12,4,4,2.933533,2.538941,211.5587,4.931244,255,1356917516,3093969852,255,0.001308,0.001173,0.000135,96,91,0,0,5,1,0,0,0,0,Normal,0
0.597355,tcp,-,FIN,10,6,2530,268,25.110697,30494.43,2999.891,2,1,63.310444,100.316795,3208.5913,156.05835,255,2798136762,3008477285,255,0.186104,0.095768,0.090336,253,45,0,0,1,1,0,0,0,0,Fuzzers,1
0.560076,tcp,-,FIN,12,8,1002,772,33.92397,13126.79,9655.832,3,2,49.096546,65.32986,2614.0645,94.61418,255,914052731,3852880091,255,0.196975,0.102766,0.094209,84,97,0,0,2,1,0,0,0,0,Fuzzers,1
0.268046,tcp,-,FIN,10,6,514,268,55.960545,13818.524,6685.42,2,1,28.286222,40.5762,1534.3868,61.241795,255,2749699052,1314279966,255,0.112383,0.065163,0.04722,51,45,0,0,3,1,0,0,0,0,Fuzzers,1
0.050929,tcp,-,FIN,30,42,2302,34406,1394.0977,349663.25,5275894.0,5,15,1.745448,1.229415,103.23874,80.60149,255,3532489358,1390535904,255,0.000644,0.00052,0.000124,77,819,0,0,5,1,0,0,0,0,Normal,0
4e-06,udp,-,INT,2,0,168,0,250000.0,168000000.0,0.0,0,0,0.004,0.0,0.0,0.0,0,0,0,0,0.0,0.0,0.0,84,0,0,0,1,1,0,0,0,0,Reconnaissance,1
0.491843,tcp,smtp,FIN,52,42,37230,3380,189.08473,593929.4,53675.668,18,8,9.635823,11.983439,781.0968,25.24631,255,247099775,248085959,255,0.000635,0.000519,0.000116,716,80,0,0,1,1,0,0,0,0,Normal,0
8e-06,udp,-,INT,2,0,104,0,125000.0,52000000.0,0.0,0,0,0.008,0.0,0.0,0.0,0,0,0,0,0.0,0.0,0.0,52,0,0,0,2,1,0,0,0,0,Fuzzers,1
5e-06,unas,-,INT,2,0,200,0,200000.0,160000000.0,0.0,0,0,0.005,0.0,0.0,0.0,0,0,0,0,0.0,0.0,0.0,100,0,0,0,2,2,0,0,0,0,Backdoor,1
0.021643,tcp,-,FIN,16,18,1540,1644,1524.7424,533752.25,574042.44,4,4,1.420067,1.245118,85.93286,2.453166,255,2319972370,178525900,255,0.000549,0.000473,7.6e-05,96,91,0,0,6,1,0,0,0,0,Normal,0
1.259861,tcp,http,FIN,10,8,798,1096,13.493552,4565.583,6089.5605,2,2,139.88434,165.68057,7411.5215,315.1442,255,3404772831,232415713,255,0.249324,0.100089,0.149235,80,137,1,145,1,1,0,0,1,0,Fuzzers,1
1.655228,tcp,-,FIN,16,18,1540,1644,19.93683,6979.0986,7505.9146,4,4,110.325134,92.18106,8078.431,198.81787,255,3366616798,3893435577,255,0.117908,0.088147,0.029761,96,91,0,0,2,1,0,0,0,0,Normal,0
0.001094,udp,dns,CON,2,2,132,164,2742.2305,482632.56,599634.4,0,0,0.009,0.007,0.0,0.0,0,0,0,0,0.0,0.0,0.0,66,82,0,0,1,1,0,0,0,0,Normal,0
0.004739,udp,-,CON,4,4,568,312,1477.1049,719139.06,395020.03,0,0,1.215,1.058667,1.704843,1.485161,0,0,0,0,0.0,0.0,0.0,142,78,0,0,1,1,0,0,0,0,Normal,0
0.668729,tcp,-,FIN,22,10,17778,796,46.356594,203011.98,8577.466,8,2,31.109047,66.13045,2244.502,108.50786,255,1378779061,3078649299,255,0.156795,0.073545,0.08325,808,80,0,0,1,1,0,0,0,0,Fuzzers,1
8e-06,ptp,-,INT,2,0,200,0,125000.0,100000000.0,0.0,0,0,0.008,0.0,0.0,0.0,0,0,0,0,0.0,0.0,0.0,100,0,0,0,1,1,0,0,0,0,Exploits,1
19.80148,tcp,http,FIN,8,10,1052,824,0.858522,372.0934,299.77557,2,2,2828.723,2200.1008,235493.72,6222.2734,255,1981936598,4128491518,255,0.000722,0.000565,0.000157,132,82,1,83,5,1,0,0,1,0,Normal,0
34.10446,tcp,-,FIN,66,66,3910,51808,3.84114,903.3422,11968.874,7,26,524.6786,532.8719,91461.49,92179.07,255,2151526135,2295707,255,0.000787,0.000648,0.000139,59,785,0,0,1,1,0,0,0,0,Normal,0
0.703812,tcp,-,FIN,16,18,1540,1644,46.88752,16413.475,17652.441,4,4,46.898533,41.36747,3959.7124,90.636696,255,4251518750,1217932062,255,0.000698,0.000564,0.000134,96,91,0,0,10,1,0,0,0,0,Normal,0
1.810803,tcp,-,FIN,16,18,1540,1644,18.223959,6379.49,6861.0444,4,4,120.69647,106.484,7410.9575,210.86415,255,1959491670,3136202640,255,0.001351,0.000572,0.000779,96,91,0,0,5,1,0,0,0,0,Normal,0
1.1e-05,udp,-,INT,2,0,970,0,90909.09,352727260.0,0.0,0,0,0.011,0.0,0.0,0.0,0,0,0,0,0.0,0.0,0.0,485,0,0,0,10,1,0,0,0,0,Normal,0
1.282687,tcp,-,FIN,10,8,564,354,13.253429,3168.349,1933.4414,2,1,142.42233,176.53786,8852.297,273.30225,255,2667501091,3072228369,255,0.117917,0.046915,0.071002,56,44,0,0,1,1,0,0,0,0,Reconnaissance,1
1.1e-05,udp,-,INT,2,0,1960,0,90909.09,712727300.0,0.0,0,0,0.011,0.0,0.0,0.0,0,0,0,0,0.0,0.0,0.0,980,0,0,0,6,1,0,0,0,0,Normal,0
7e-06,gmtp,-,INT,2,0,200,0,142857.14,114285710.0,0.0,0,0,0.007,0.0,0.0,0.0,0,0,0,0,0.0,0.0,0.0,100,0,0,0,2,2,0,0,0,0,Analysis,1
10.646811,tcp,http,FIN,8,10,1052,824,1.596722,692.0382,557.53784,2,2,1520.8978,1182.917,126732.26,3338.382,255,3149066899,3146049388,255,0.000716,0.000554,0.000162,132,82,1,83,5,1,0,0,1,0,Normal,0
0.493444,sctp,-,CON,4,2,632,496,10.132862,7684.7627,4020.7197,0,0,164.48132,0.01,232.59972,0.0,0,0,0,0,0.0,0.0,0.0,158,248,0,0,1,1,0,0,0,0,Fuzzers,1
1e-06,udp,-,INT,2,0,104,0,1000000.0,416000000.0,0.0,0,0,0.001,0.0,0.0,0.0,0,0,0,0,0.0,0.0,0.0,52,0,0,0,1,1,0,0,0,0,Fuzzers,1
1.030446,tcp,-,FIN,10,8,748,354,16.49771,5232.6855,2406.7249,2,1,111.36056,129.81343,6773.4,195.7552,255,1230165788,3335903038,255,0.253636,0.121743,0.131893,75,44,0,0,1,1,0,0,0,0,Shellcode,1
0.01466,tcp,-,FIN,16,18,1540,1644,2251.0232,787994.56,847476.1,4,4,0.9534,0.836235,62.843483,1.4178,255,799616571,805666906,255,0.000619,0.000439,0.00018,96,91,0,0,6,1,0,0,0,0,Normal,0
0.001274,udp,dns,CON,2,2,132,164,2354.788,414442.7,514913.66,0,0,0.009,0.007,0.0,0.0,0,0,0,0,0.0,0.0,0.0,66,82,0,0,2,1,0,0,0,0,Normal,0
3.642538,tcp,smtp,FIN,40,22,28236,1694,16.746565,60465.53,3551.3699,16,8,93.39841,169.94014,8255.904,296.0056,255,2204903215,596161510,255,0.181914,0.073006,0.108908,706,77,0,0,1,1,0,0,0,0,Exploits,1
0.980217,tcp,-,FIN,16,12,908,642,27.544922,6953.5625,4807.099,5,3,65.3478,77.22837,3350.373,115.60146,255,1158541871,4181217840,255,0.104911,0.070492,0.034419,57,54,0,0,1,1,0,0,0,0,Fuzzers,1
2.80467,tcp,http,FIN,12,18,1580,10168,10.339897,4133.1064,27394.309,3,5,254.9381,164.9517,16525.885,13119.534,255,2671647392,3128855681,255,0.000612,0.000486,0.000126,132,565,1,3924,1,1,0,0,1,0,Normal,0
0.676582,tcp,http,FIN,12,10,1330,2084,31.038366,14425.451,22182.086,3,3,61.50745,66.110664,3062.48,78.02957,255,126295897,3790668348,255,0.129805,0.066491,0.063314,111,208,1,193,1,1,0,0,1,0,Exploits,1
0.962117,tcp,-,FIN,16,18,1540,1644,34.299362,12006.855,12913.19,4,4,64.066864,54.645943,4068.1553,96.4349,255,4264042525,3645036839,255,0.035006,0.033127,0.001879,96,91,0,0,13,1,0,0,0,0,Normal,0
0.000899,udp,dns,CON,2,2,146,178,3337.0413,649610.7,791991.1,0,0,0.001,0.004,0.0,0.0,0,0,0,0,0.0,0.0,0.0,73,89,0,0,1,1,0,0,0,0,Normal,0
0.52261,tcp,-,FIN,38,40,2438,18508,147.3374,36340.676,276244.22,7,13,14.115702,13.38541,928.9012,904.6177,255,1554582671,273804872,255,0.000715,0.000575,0.00014,64,463,0,0,1,1,0,0,0,0,Normal,0
0.779217,tcp,-,FIN,20,8,17266,354,34.65017,168404.95,3182.6821,7,1,38.199104,101.82786,3876.7078,149.14534,255,3661687118,830676935,255,0.136433,0.066414,0.070019,863,44,0,0,1,1,0,0,0,0,Fuzzers,1
3e-06,unas,-,INT,2,0,200,0,333333.3,266666660.0,0.0,0,0,0.003,0.0,0.0,0.0,0,0,0,0,0.0,0.0,0.0,100,0,0,0,3,3,0,0,0,0,Backdoor,1
9e-06,unas,-,INT,2,0,200,0,111111.11,88888890.0,0.0,0,0,0.009,0.0,0.0,0.0,0,0,0,0,0.0,0.0,0.0,100,0,0,0,1,1,0,0,0,0,Analysis,1
0.940276,tcp,-,FIN,10,8,534,354,18.079798,4092.4153,2637.5234,2,1,98.145,118.31943,5183.584,217.22023,255,1836807194,1768803710,255,0.256809,0.11203,0.144779,53,44,0,0,1,1,0,0,0,0,Fuzzers,1
3.068388,tcp,-,FIN,16,18,1540,1644,10.754833,3764.8433,4049.0317,4,4,204.53673,180.42807,14936.123,372.30392,255,2896554987,3191711442,255,0.001278,0.00111,0.000168,96,91,0,0,21,1,0,0,0,0,Normal,0
9e-06,udp,-,INT,2,0,104,0,111111.11,46222220.0,0.0,0,0,0.009,0.0,0.0,0.0,0,0,0,0,0.0,0.0,0.0,52,0,0,0,1,1,0,0,0,0,Fuzzers,1
0.022555,tcp,-,FIN,16,18,1540,1644,1463.0903,512170.28,550831.3,4,4,1.482133,1.299059,95.36801,2.610018,255,2816684357,2821170719,255,0.000587,0.000468,0.000119,96,91,0,0,6,1,0,0,0,0,Normal,0
20.227507,tcp,http,FIN,12,18,1580,10168,1.433691,573.081,3798.392,3,5,1838.832,1189.8193,147143.64,118430.4,255,566976826,568076811,255,0.000724,0.000572,0.000152,132,565,1,3924,1,1,0,0,1,0,Normal,0
9e-06,unas,-,INT,2,0,200,0,111111.11,88888890.0,0.0,0,0,0.009,0.0,0.0,0.0,0,0,0,0,0.0,0.0,0.0,100,0,0,0,4,4,0,0,0,0,Backdoor,1
0.561849,tcp,-,FIN,10,6,756,268,26.697565,9696.556,3189.469,2,1,57.73678,89.884796,3022.3696,135.28131,255,1347550146,1092670145,255,0.203046,0.112417,0.090629,76,45,0,0,2,1,0,0,0,0,Fuzzers,1
1.730255,tcp,-,FIN,10,8,514,354,9.825141,2140.7249,1433.3147,2,1,190.432,234.30042,14393.572,368.88412,255,1129314835,3016114859,255,0.21056,0.09015,0.12041,51,44,0,0,1,1,0,0,0,0,Fuzzers,1
0.425681,tcp,-,FIN,12,8,998,694,44.63436,17195.977,11426.396,3,2,36.650364,49.952,1902.9869,65.88492,255,1661174349,326776150,255,0.13438,0.076009,0.058371,83,87,0,0,2,1,0,0,0,0,Fuzzers,1
0.047405,tcp,ftp-data,FIN,6,8,320,1862,274.23267,45058.54,275076.47,1,2,9.4152,6.705429,657.1992,16.071999,255,2864165767,722372043,255,0.000589,0.000464,0.000125,53,233,0,0,1,1,0,0,0,0,Normal,0
0.013982,tcp,-,FIN,16,18,1540,1644,2360.1775,826205.1,888571.0,4,4,0.9098,0.795706,62.36136,1.410088,255,774584306,781811247,255,0.000565,0.000449,0.000116,96,91,0,0,2,1,0,0,0,0,Normal,0
0.596136,sctp,-,CON,4,2,536,440,8.387348,5394.742,2952.3467,0,0,198.712,0.008,281.0092,0.0,0,0,0,0,0.0,0.0,0.0,134,220,0,0,1,1,0,0,0,0,Analysis,1
0.793032,tcp,-,FIN,10,6,1014,268,18.914747,9210.221,2259.682,2,1,85.816444,151.1544,5621.5938,261.98734,255,2960402597,2428023971,255,0.112486,0.037251,0.075235,101,45,0,0,1,1,0,0,0,0,Fuzzers,1
1.148795,tcp,-,FIN,16,18,1540,1644,28.725752,10055.754,10814.811,4,4,76.558136,65.431175,5184.9404,167.57303,255,3581586402,3157821171,255,0.03764,0.036463,0.001177,96,91,0,0,15,1,0,0,0,0,Normal,0
0.336135,tcp,-,FIN,16,18,1540,1644,98.17484,34367.145,36961.34,4,4,22.382732,22.3738,1869.9111,57.181263,255,2269910953,3150271885,255,0.000639,0.000519,0.00012,96,91,0,0,11,1,0,0,0,0,Normal,0
3e-06,ptp,-,INT,2,0,200,0,333333.3,266666660.0,0.0,0,0,0.003,0.0,0.0,0.0,0,0,0,0,0.0,0.0,0.0,100,0,0,0,2,2,0,0,0,0,Backdoor,1
0.759727,tcp,http,FIN,8,10,1052,824,22.37646,9698.221,7813.333,2,2,108.37072,84.35222,6420.4863,198.0542,255,2882421733,738156176,255,0.000696,0.000553,0.000143,132,82,1,83,8,1,0,0,1,0,Normal,0
1e-05,udp,-,INT,2,0,1204,0,100000.0,481600000.0,0.0,0,0,0.01,0.0,0.0,0.0,0,0,0,0,0.0,0.0,0.0,602,0,0,0,8,1,0,0,0,0,Normal,0
27.771465,tcp,-,FIN,78,80,4550,72810,5.653285,1293.9901,20711.906,7,33,365.40985,356.03598,65650.82,65230.742,255,914452430,3064389151,255,0.000785,0.000647,0.000138,58,910,0,0,1,1,0,0,0,0,Normal,0
15.766935,tcp,-,FIN,64,68,3806,51912,8.308526,1901.1938,25952.54,7,26,250.2633,235.31818,46129.844,44730.117,255,519483217,2665198214,255,0.000743,0.000608,0.000135,59,763,0,0,1,1,0,0,0,0,Normal,0
8e-06,iatp,-,INT,2,0,200,0,125000.0,100000000.0,0.0,0,0,0.008,0.0,0.0,0.0,0,0,0,0,0.0,0.0,0.0,100,0,0,0,1,1,0,0,0,0,Exploits,1
2.298727,tcp,-,FIN,38,40,2438,18508,33.4968,8261.964,62803.453,7,13,62.116028,58.92736,4989.925,4859.212,255,3024872765,3435917385,255,0.00068,0.000556,0.000124,64,463,0,0,1,1,0,0,0,0,Normal,0
0.00424,udp,-,CON,4,4,568,304,1650.9434,803773.56,430188.66,0,0,1.130667,0.955667,1.594054,1.345154,0,0,0,0,0.0,0.0,0.0,142,76,0,0,1,1,0,0,0,0,Normal,0
1.522331,tcp,-,FIN,10,8,756,354,11.167085,3578.7224,1629.0807,2,1,169.03667,205.004,10886.464,249.7984,255,556657538,4028727385,255,0.129434,0.0873,0.042134,76,44,0,0,1,1,0,0,0,0,Fuzzers,1
6.754792,tcp,-,FIN,42,44,2662,23266,12.583659,3078.111,26929.621,7,14,164.74303,157.06718,12238.004,343.77524,255,2041937825,2252011417,255,0.001052,0.000899,0.000153,63,529,0,0,1,1,0,0,0,0,Normal,0
1.069318,tcp,-,FIN,28,30,4656,3080,53.305,33591.504,22279.62,7,7,39.592297,36.855377,2358.647,61.939014,255,487101001,3659674714,255,0.000636,0.000506,0.00013,166,103,0,0,1,1,0,0,0,0,Normal,0
36.549416,tcp,http,FIN,14,18,1684,10168,0.848167,342.33105,2102.1404,3,5,2811.4675,2149.9336,232671.47,203534.22,255,3459001555,1310510828,255,0.000674,0.000535,0.000139,120,565,1,3924,3,1,0,0,1,0,Normal,0
0.078009,tcp,-,FIN,16,18,1540,1644,423.0281,148085.47,159263.67,4,4,5.179733,4.458765,387.022,12.01968,255,1649553921,1664734530,255,0.002341,0.002206,0.000135,96,91,0,0,2,1,0,0,0,0,Normal,0
0.223437,tcp,ftp-data,FIN,8,12,424,8824,85.03516,13283.387,289620.78,1,4,31.871141,20.265001,2168.6147,1725.5513,255,2572490078,530289372,255,0.000641,0.000491,0.00015,53,735,0,0,1,1,0,0,0,0,Normal,0
0.544034,tcp,-,FIN,10,8,588,354,31.248047,7793.6304,4558.5386,2,1,58.398445,68.91271,4034.3206,120.53909,255,1497059942,3442603141,255,0.107914,0.061635,0.046279,59,44,0,0,2,1,0,0,0,0,Fuzzers,1
2.050433,tcp,-,FIN,16,18,1540,1644,16.094162,5633.932,6059.208,4,4,136.67467,120.586586,8244.145,239.44495,255,974460698,1374166687,255,0.000579,0.00046,0.000119,96,91,0,0,3,1,0,0,0,0,Normal,0
2.576626,tcp,-,FIN,16,18,1540,1644,12.807446,4483.3823,4821.8096,4,4,171.7482,154.36575,10824.218,342.6606,255,1476921103,1216455351,255,0.107582,0.106771,0.000811,96,91,0,0,7,1,0,0,0,0,Normal,0
1.411782,tcp,-,FIN,16,18,1540,1644,23.374714,8182.5664,8800.226,4,4,103.82623,78.875885,6383.817,129.98152,255,3587328908,1077855940,255,0.121705,0.070888,0.050817,96,91,0,0,13,1,0,0,0,0,Normal,0
3.965104,tcp,-,FIN,16,18,1540,1644,8.322606,2913.4165,3133.3352,4,4,264.3188,245.03531,16064.108,555.21106,255,1059490765,3405612322,255,0.090499,0.044536,0.045963,96,91,0,0,6,1,0,0,0,0,Normal,0
9e-06,udp,-,INT,2,0,1920,0,111111.11,853333300.0,0.0,0,0,0.009,0.0,0.0,0.0,0,0,0,0,0.0,0.0,0.0,960,0,0,0,2,1,0,0,0,0,Fuzzers,1
8e-06,udp,-,INT,2,0,194,0,125000.0,97000000.0,0.0,0,0,0.008,0.0,0.0,0.0,0,0,0,0,0.0,0.0,0.0,97,0,0,0,2,1,0,0,0,0,Fuzzers,1
2.766634,tcp,-,FIN,16,18,1540,1644,11.927852,4175.471,4490.6553,4,4,197.59521,168.66913,15956.101,287.90482,255,2369073767,3341429263,255,0.069723,0.067926,0.001797,96,91,0,0,21,1,0,0,0,0,Normal,0
0.936098,tcp,-,FIN,10,6,534,268,16.023964,4110.6807,1914.3295,2,1,97.584114,169.13141,6036.6055,289.71387,255,2587060763,938698544,255,0.182532,0.090434,0.092098,53,45,0,0,1,1,0,0,0,0,Fuzzers,1
1.085276,tcp,http,FIN,10,10,796,1314,17.507067,5285.2915,8720.362,2,2,120.58622,109.69622,8993.339,171.875,255,2263085570,2826008702,255,0.140384,0.080664,0.05972,80,131,1,229,2,2,0,0,4,0,Fuzzers,1
27.807951,tcp,http,FIN,8,10,1052,824,0.611336,264.9602,213.46413,2,2,3972.3892,3089.7068,330972.9,8736.139,255,3626497105,3627785560,255,0.000725,0.00058,0.000145,132,82,1,83,5,1,0,0,1,0,Normal,0
8e-06,unas,-,INT,2,0,200,0,125000.0,100000000.0,0.0,0,0,0.008,0.0,0.0,0.0,0,0,0,0,0.0,0.0,0.0,100,0,0,0,3,3,0,0,0,0,Analysis,1
0.503572,tcp,-,FIN,12,8,1250,712,37.730453,18205.938,9897.294,3,2,42.732,65.29028,2227.9924,81.51079,255,1536760128,1179048692,255,0.086494,0.04653,0.039964,104,89,0,0,2,1,0,0,0,0,Fuzzers,1
1e-05,udp,-,INT,2,0,814,0,100000.0,325600000.0,0.0,0,0,0.01,0.0,0.0,0.0,0,0,0,0,0.0,0.0,0.0,407,0,0,0,8,1,0,0,0,0,Normal,0
1e-05,udp,-,INT,2,0,1502,0,100000.0,600800000.0,0.0,0,0,0.01,0.0,0.0,0.0,0,0,0,0,0.0,0.0,0.0,751,0,0,0,6,1,0,0,0,0,Normal,0
0.651312,tcp,ftp,FIN,12,12,1592,682,35.313335,17933.033,7689.095,3,4,59.210182,56.929817,2874.557,67.26326,255,146198550,739023013,255,0.109565,0.024358,0.085207,133,57,0,0,1,1,0,0,0,0,Fuzzers,1
1.69557,tcp,-,FIN,12,8,994,696,11.205671,4302.9775,2873.37,3,2,154.12946,230.63042,9332.772,400.03995,255,767905462,3063567671,255,0.144803,0.081148,0.063655,83,87,0,0,1,1,0,0,0,0,Fuzzers,1
0.00104,udp,dns,CON,2,2,132,164,2884.6155,507692.3,630769.25,0,0,0.009,0.007,0.0,0.0,0,0,0,0,0.0,0.0,0.0,66,82,0,0,1,1,0,0,0,0,Normal,0
2.875406,tcp,-,FIN,30,42,2302,34406,24.692165,6193.2124,93446.28,5,15,99.13952,70.27915,7444.4033,6499.0225,255,806972311,987857147,255,0.073162,0.064239,0.008923,77,819,0,0,6,1,0,0,0,0,Normal,0
8.345714,tcp,smtp,FIN,52,40,37230,3276,10.903801,35002.4,3062.65,18,8,163.63469,213.97815,25687.314,907.241,255,3941583829,3938514040,255,0.000671,0.000562,0.000109,716,82,0,0,1,1,0,0,0,0,Normal,0
1.817658,tcp,-,FIN,28,30,4256,3080,31.359035,18062.805,13106.977,7,7,67.3087,64.89507,3842.7827,100.254814,255,2727454675,425889365,255,0.000721,0.000592,0.000129,152,103,0,0,1,1,0,0,0,0,Normal,0
0.647499,tcp,http,FIN,14,12,1778,2968,38.610096,20398.486,33618.582,4,4,49.807613,52.24709,2422.4229,68.09471,255,3580922434,9526895,255,0.087353,0.04638,0.040973,127,247,1,297,1,1,0,0,1,0,Normal,0
1.269117,tcp,-,FIN,16,18,1540,1644,26.00233,9102.392,9789.483,4,4,84.581665,74.60512,5773.4985,134.51158,255,3587328026,3180540891,255,0.001661,0.000828,0.000833,96,91,0,0,13,1,0,0,0,0,Normal,0
3.751744,tcp,-,FIN,30,42,2302,34406,18.924532,4746.5923,71618.96,5,15,129.35876,91.49437,13782.942,9505.883,255,819489391,1159211160,255,0.000595,0.000472,0.000123,77,819,0,0,10,1,0,0,0,0,Normal,0
0.079282,tcp,-,FIN,16,18,1540,1644,416.23572,145707.72,156706.44,4,4,5.191466,4.9265,374.75464,8.259613,255,3619135845,1491909605,255,0.001096,0.000452,0.000644,96,91,0,0,9,1,0,0,0,0,Normal,0
2.123099,tcp,-,FIN,10,8,564,354,8.007163,1914.1829,1168.1038,2,1,229.72556,291.995,14195.396,434.2563,255,3662643299,2220064440,255,0.172839,0.079133,0.093706,56,44,0,0,1,1,0,0,0,0,Reconnaissance,1
3.934488,tcp,-,FIN,10,8,564,354,4.320765,1032.9171,630.3234,2,1,437.16534,559.896,28889.658,868.56335,255,259308319,2722545171,255,0.066599,0.01451,0.052089,56,44,0,0,1,1,0,0,0,0,Normal,0
2.34886,tcp,-,FIN,16,18,1540,1644,14.049368,4918.1304,5289.3745,4,4,180.6554,139.2875,9766.063,285.7644,255,1476921942,1391059931,255,0.314035,0.120259,0.193776,96,91,0,0,7,1,0,0,0,0,Normal,0
0.48746,tcp,-,FIN,12,8,1162,734,38.97756,17494.77,10552.661,3,2,42.24282,64.74486,2260.483,85.54042,255,966787264,2487371113,255,0.11733,0.034241,0.083089,97,92,0,0,2,2,0,0,0,0,Fuzzers,1
7.040866,tcp,-,FIN,22,26,1920,4416,6.675315,2082.6985,4825.543,6,6,335.26028,293.34357,18919.43,17700.898,255,3494933401,3495225942,255,0.000754,0.000611,0.000143,87,170,0,0,1,1,0,0,0,0,Normal,0
0.683727,tcp,-,FIN,12,10,1058,840,30.714012,11349.559,8845.636,3,2,57.542366,66.84078,3765.0234,111.81021,255,1944509121,3484303769,255,0.120189,0.08215,0.038039,88,84,0,0,1,1,0,0,0,0,Fuzzers,1
0.96391,tcp,http,FIN,10,8,820,1086,17.636501,6125.053,7892.853,2,2,107.10111,127.72729,5558.78,248.20976,255,2769746626,3393110773,255,0.244765,0.069162,0.175603,82,136,1,141,1,1,0,0,1,0,Analysis,1
32.28117,tcp,-,FIN,20,12,1176,536,0.960312,277.06555,121.928665,4,1,1690.8052,2930.6724,225493.31,8929.216,255,1102542262,262745373,255,0.078967,0.043772,0.035195,59,45,0,0,2,2,0,0,0,0,Fuzzers,1
0.600982,tcp,-,FIN,10,8,534,354,28.287037,6402.854,4126.5796,2,1,65.34456,78.63414,4216.4053,125.80405,255,27784615,3169599504,255,0.122741,0.050532,0.072209,53,44,0,0,2,1,0,0,0,0,Normal,0
9e-06,udp,-,INT,2,0,104,0,111111.11,46222220.0,0.0,0,0,0.009,0.0,0.0,0.0,0,0,0,0,0.0,0.0,0.0,52,0,0,0,1,1,0,0,0,0,Fuzzers,1
4.080146,tcp,-,FIN,30,42,2302,34406,17.401339,4364.55,65854.51,5,15,140.66455,99.50305,13343.713,12137.363,255,2807327723,1162086705,255,0.000968,0.00052,0.000448,77,819,0,0,8,1,0,0,0,0,Normal,0
3.963971,tcp,-,FIN,16,18,1540,1644,8.324985,2914.2495,3134.231,4,4,264.2446,247.6605,17353.652,518.78656,255,3444874013,3234710038,255,0.001522,0.0014,0.000122,96,91,0,0,17,1,0,0,0,0,Normal,0
0.937222,tcp,-,FIN,60,14,68181,612,77.88976,572287.06,4856.9067,27,1,14.83722,67.157616,1482.5684,82.505905,255,2765380441,879586969,255,0.14694,0.064165,0.082775,1136,44,1,0,1,1,0,0,1,0,Fuzzers,1
0.047744,tcp,ssh,FIN,62,58,5928,8010,2492.46,977379.4,1319034.9,14,17,0.795733,0.870333,125.53405,0.0,255,4107450233,1962368749,255,0.000761,0.000615,0.000146,96,138,0,0,1,1,0,0,0,0,Normal,0
3e-06,eigrp,-,INT,2,0,200,0,333333.3,266666660.0,0.0,0,0,0.003,0.0,0.0,0.0,0,0,0,0,0.0,0.0,0.0,100,0,0,0,2,2,0,0,0,0,Backdoor,1
0.561362,tcp,-,FIN,12,8,1058,716,33.846252,13823.521,8935.41,3,2,51.03291,67.84971,2640.2268,90.09301,255,2460099754,41629760,255,0.096346,0.050184,0.046162,88,90,0,0,1,1,0,0,0,0,Fuzzers,1
0.717793,tcp,-,FIN,12,8,1002,740,26.470028,10242.508,7222.138,3,2,63.88482,95.38414,3976.5698,164.02348,255,3075428765,4112885558,255,0.120881,0.050102,0.070779,84,93,0,0,1,1,0,0,0,0,Fuzzers,1
0.299034,tcp,-,FIN,10,6,588,268,50.16152,14178.989,5992.6294,2,1,30.455,50.4922,1688.8575,67.85651,255,2192734086,3172938486,255,0.096896,0.046563,0.050333,59,45,0,0,1,1,0,0,0,0,Fuzzers,1
2.024428,tcp,-,FIN,38,40,2438,18508,38.03544,9381.416,71312.984,7,13,54.705353,51.893898,4592.2095,4472.156,255,374452523,386347839,255,0.000691,0.000562,0.000129,64,463,0,0,1,1,0,0,0,0,Normal,0
38.359707,tcp,-,FIN,24,24,2024,4312,1.225244,404.59122,861.9461,6,6,1667.7971,1667.7832,186235.94,5659.184,255,2136905457,4282640689,255,0.00084,0.000675,0.000165,84,180,0,0,1,1,0,0,0,0,Normal,0
0.327481,tcp,-,FIN,10,6,756,268,45.804184,16636.08,5472.073,2,1,34.954334,54.4406,2018.1707,93.790436,255,1984682160,1532649543,255,0.123729,0.055274,0.068455,76,45,0,0,3,1,0,0,0,0,Fuzzers,1
0.001143,udp,dns,CON,2,2,130,162,2624.6719,454943.16,566929.1,0,0,0.033,0.007,0.0,0.0,0,0,0,0,0.0,0.0,0.0,65,81,0,0,3,1,0,0,0,0,Normal,0
9e-06,udp,-,INT,2,0,164,0,111111.11,72888890.0,0.0,0,0,0.009,0.0,0.0,0.0,0,0,0,0,0.0,0.0,0.0,82,0,0,0,2,1,0,0,0,0,Fuzzers,1
5e-06,udp,-,INT,2,0,104,0,200000.0,83200000.0,0.0,0,0,0.005,0.0,0.0,0.0,0,0,0,0,0.0,0.0,0.0,52,0,0,0,1,1,0,0,0,0,Fuzzers,1
0.981964,tcp,-,FIN,10,8,1014,354,17.312244,7438.155,2525.5508,2,1,105.455,131.87929,6398.08,276.38446,255,4141067815,3933283117,255,0.090577,0.058802,0.031775,101,44,0,0,1,1,0,0,0,0,Fuzzers,1
9e-06,ddp,-,INT,2,0,200,0,111111.11,88888890.0,0.0,0,0,0.009,0.0,0.0,0.0,0,0,0,0,0.0,0.0,0.0,100,0,0,0,1,1,0,0,0,0,Backdoor,1
9e-06,smp,-,INT,2,0,200,0,111111.11,88888890.0,0.0,0,0,0.009,0.0,0.0,0.0,0,0,0,0,0.0,0.0,0.0,100,0,0,0,1,1,0,0,0,0,Exploits,1
1.046478,tcp,-,FIN,18,16,1012,703,31.534346,7308.3237,5045.495,6,6,61.502705,66.053,2894.032,78.876976,255,1541911375,3003750658,255,0.129767,0.055668,0.074099,56,44,0,0,1,1,0,0,0,0,Exploits,1
1.583871,tcp,-,FIN,16,18,1540,1644,20.83503,7293.5234,7844.073,4,4,105.57,93.13765,7237.887,229.81969,255,3902425188,2340794856,255,0.000968,0.000522,0.000446,96,91,0,0,10,1,0,0,0,0,Normal,0
0.001077,udp,dns,CON,2,2,132,164,2785.5151,490250.7,609099.3,0,0,0.009,0.007,0.0,0.0,0,0,0,0,0.0,0.0,0.0,66,82,0,0,1,1,0,0,0,0,Normal,0
0.566906,tcp,http,FIN,10,10,826,1146,33.51526,10499.096,14563.262,2,2,62.989555,52.946777,4095.1816,97.85742,255,1661213007,910686324,255,0.104587,0.089665,0.014922,83,115,1,128,2,1,0,0,1,0,Analysis,1
7e-06,unas,-,INT,2,0,200,0,142857.14,114285710.0,0.0,0,0,0.007,0.0,0.0,0.0,0,0,0,0,0.0,0.0,0.0,100,0,0,0,4,4,0,0,0,0,Backdoor,1
3.793336,tcp,-,FIN,64,66,3806,51808,34.007008,7902.2793,107607.66,7,26,60.20667,58.294014,5332.6104,5250.3584,255,414579232,416985927,255,0.004398,0.004216,0.000182,59,785,0,0,1,1,0,0,0,0,Normal,0
0.291859,tcp,http,FIN,10,10,860,4770,65.09993,21215.725,117673.26,2,3,32.42878,30.018667,1779.6411,2046.7118,255,196435075,929398098,255,0.059959,0.010475,0.049484,86,477,1,1919,1,1,0,0,1,0,Normal,0
0.745662,tcp,-,FIN,10,6,3072,268,20.116354,29664.916,2403.2336,2,1,82.74778,127.3256,4296.483,193.39693,255,3047657286,642042609,255,0.243874,0.109025,0.134849,307,45,0,0,1,1,0,0,0,0,Fuzzers,1
0.883285,tcp,-,FIN,12,8,600,404,21.51061,4981.405,3206.2131,3,2,80.22082,94.585144,4510.1284,130.03458,255,4005214204,3324562571,255,0.308771,0.221171,0.0876,50,51,0,0,1,1,0,0,0,0,Backdoor,1
0.792978,tcp,-,FIN,10,8,534,354,21.438173,4852.5938,3127.4512,2,1,88.01089,101.26214,4633.406,188.48242,255,942461060,665604036,255,0.180794,0.084136,0.096658,53,44,0,0,1,1,0,0,0,0,Fuzzers,1
0.711418,tcp,-,FIN,14,10,5506,814,32.3298,57496.438,8242.693,4,2,52.993923,74.275444,3857.9268,115.59119,255,1070770864,845738193,255,0.083499,0.042931,0.040568,393,81,0,0,1,1,0,0,0,0,Fuzzers,1
8e-06,srp,-,INT,2,0,200,0,125000.0,100000000.0,0.0,0,0,0.008,0.0,0.0,0.0,0,0,0,0,0.0,0.0,0.0,100,0,0,0,1,1,0,0,0,0,DoS,1
0.399363,tcp,-,FIN,10,6,542,268,37.559814,9775.567,4487.1455,2,1,43.46467,75.2776,2303.2505,126.101395,255,4075327514,3159936723,255,0.083539,0.022972,0.060567,54,45,0,0,1,1,0,0,0,0,Fuzzers,1
1.925641,tcp,-,FIN,16,18,1540,1644,17.137152,5999.0415,6451.878,4,4,148.10277,112.496765,224.276,234.62386,255,974459782,1373040596,255,0.014032,0.013196,0.000836,96,91,0,0,8,1,0,0,0,0,Normal,0
0.467847,tcp,-,FIN,10,6,840,268,32.061764,12927.304,3830.312,2,1,48.95311,79.002,2587.1338,114.56629,255,774335187,4206423350,255,0.186458,0.072832,0.113626,84,45,0,0,1,1,0,0,0,0,Shellcode,1
1.1e-05,udp,-,INT,2,0,1520,0,90909.09,552727300.0,0.0,0,0,0.011,0.0,0.0,0.0,0,0,0,0,0.0,0.0,0.0,760,0,0,0,5,1,0,0,0,0,Normal,0
25.915651,tcp,-,FIN,66,66,3910,51808,5.05486,1188.7797,15750.791,7,26,404.92645,398.69235,70090.47,2162.9119,255,1754450303,1754784761,255,0.000757,0.000628,0.000129,59,785,0,0,1,1,0,0,0,0,Normal,0
0.64789,tcp,-,FIN,10,6,2550,268,23.152079,28338.145,2765.9019,2,1,71.98778,108.5112,3762.2253,188.91943,255,46349090,4173631208,255,0.197121,0.104601,0.09252,255,45,0,0,1,1,0,0,0,0,Fuzzers,1
0.858313,tcp,-,FIN,10,8,534,354,19.806293,4483.213,2889.3887,2,1,95.28989,113.03786,5709.0347,191.35455,255,2341446682,3452723070,255,0.161266,0.067039,0.094227,53,44,0,0,1,1,0,0,0,0,Fuzzers,1
1.68225,tcp,ftp-data,FIN,8,8,364,510,8.916629,1517.0159,2125.7244,1,2,240.32144,230.10814,17722.4,495.5961,255,4024354769,930155144,255,0.123393,0.070749,0.052644,46,64,0,0,1,1,0,0,0,0,Exploits,1
1.865058,tcp,ftp,FIN,14,12,810,682,13.404409,3229.9265,2685.1711,4,4,140.25792,156.16881,7800.462,222.37253,255,1389015800,1170079988,255,0.34712,0.147179,0.199941,58,57,0,0,1,1,1,1,0,0,Fuzzers,1
25.834202,tcp,http,FIN,14,18,1684,10168,1.19996,484.3192,2974.042,3,5,1987.2198,1519.6271,157652.69,138820.34,255,2176551327,28052175,255,0.00068,0.000533,0.000147,120,565,1,3924,1,1,0,0,1,0,Normal,0
0.458856,tcp,-,FIN,10,6,486,268,32.689995,7636.383,3905.3647,2,1,47.855667,78.206795,2535.841,126.75527,255,3099369304,1354894586,255,0.156194,0.067814,0.08838,49,45,0,0,3,1,0,0,0,0,Fuzzers,1
0.337456,tcp,http,FIN,10,8,800,2260,50.37694,17068.893,46892.04,2,2,37.49511,41.27,1942.8876,76.181,255,4112395778,844999239,255,0.091221,0.029011,0.06221,80,283,1,704,1,1,0,0,1,0,Normal,0
1.033965,tcp,-,FIN,30,42,2302,34406,68.6677,17223.02,259869.53,5,15,35.639343,25.205807,3629.137,3260.714,255,689551250,724868304,255,0.001562,0.000524,0.001038,77,819,0,0,10,1,0,0,0,0,Normal,0
0.550804,tcp,-,FIN,16,18,1540,1644,59.91242,20972.977,22556.117,4,4,36.6982,32.37153,3595.946,73.22994,255,2839131257,953210917,255,0.000625,0.000487,0.000138,96,91,0,0,10,1,0,0,0,0,Normal,0
0.588808,tcp,-,FIN,16,18,1540,1644,56.045433,19619.299,21100.256,4,4,39.233067,34.607353,2384.9136,68.30545,255,2779133199,2837572346,255,0.000603,0.000478,0.000125,96,91,0,0,10,1,0,0,0,0,Normal,0
1.1411,tcp,-,FIN,10,8,546,354,14.897905,3449.3032,2173.3413,2,1,126.77989,153.68742,7298.6445,325.7898,255,3552759226,591986334,255,0.153873,0.065287,0.088586,55,44,0,0,1,1,0,0,0,0,Fuzzers,1
8e-06,udp,-,INT,2,0,104,0,125000.0,52000000.0,0.0,0,0,0.008,0.0,0.0,0.0,0,0,0,0,0.0,0.0,0.0,52,0,0,0,2,1,0,0,0,0,Fuzzers,1
3.408137,tcp,-,FIN,40,42,2558,23162,23.76665,5856.572,53075.33,7,14,87.38002,83.1122,0.0,4811.57,255,64525216,1667008739,255,0.000689,0.000533,0.000156,64,551,0,0,1,1,0,0,0,0,Normal,0
0.020435,tcp,-,FIN,16,18,1540,1644,1614.8765,565304.6,607976.5,4,4,1.3422,1.175882,83.15968,2.415219,255,2765006045,2769471674,255,0.000557,0.000442,0.000115,96,91,0,0,6,1,0,0,0,0,Normal,0
0.567358,tcp,-,FIN,16,18,1540,1644,58.164333,20361.041,21897.99,4,4,37.80187,33.32494,2646.3958,91.32127,255,3134939274,1253931680,255,0.000987,0.000831,0.000156,96,91,0,0,11,1,0,0,0,0,Normal,0
0.526927,tcp,-,FIN,10,10,462,530,36.058125,6315.865,7241.9897,2,3,58.547443,51.771446,3494.3647,100.28303,255,521775523,3719106470,255,0.098799,0.052684,0.046115,46,53,0,0,1,1,0,0,0,0,Backdoor,1
7e-06,udp,-,INT,2,0,168,0,142857.14,96000000.0,0.0,0,0,0.007,0.0,0.0,0.0,0,0,0,0,0.0,0.0,0.0,84,0,0,0,1,1,0,0,0,0,Reconnaissance,1
1.981666,tcp,-,FIN,16,18,1540,1644,16.652655,5829.4385,6269.472,4,4,132.082,116.539764,9132.584,240.12338,255,4181588533,1107511307,255,0.000601,0.000482,0.000119,96,91,0,0,15,1,0,0,0,0,Normal,0
6e-06,unas,-,INT,2,0,200,0,166666.66,133333330.0,0.0,0,0,0.006,0.0,0.0,0.0,0,0,0,0,0.0,0.0,0.0,100,0,0,0,4,4,0,0,0,0,Backdoor,1
0.694488,tcp,-,FIN,10,8,564,354,24.478464,5851.793,3570.976,2,1,77.16534,96.94757,5552.9517,141.95042,255,1951555075,4285528683,255,0.069337,0.014848,0.054489,56,44,0,0,1,1,0,0,0,0,Normal,0
1.46665,tcp,-,FIN,16,18,1540,1644,22.500256,7876.453,8471.005,4,4,97.75433,90.63347,7221.891,160.19258,255,1646974854,1084438146,255,0.108074,0.107139,0.000935,96,91,0,0,9,1,0,0,0,0,Normal,0
2.761916,tcp,-,FIN,30,42,2302,34406,25.706793,6447.698,97286.086,5,15,95.22793,69.024254,5898.683,5052.1226,255,4109069073,946434429,255,0.002615,0.000945,0.00167,77,819,0,0,7,1,0,0,0,0,Normal,0
0.024577,tcp,-,FIN,16,18,1540,1644,1342.7189,470032.97,505513.3,4,4,1.732786,1.385941,109.3481,2.524582,255,3584168404,1439671301,255,0.00118,0.001012,0.000168,96,91,0,0,6,1,0,0,0,0,Normal,0
35.988567,tcp,-,FIN,66,66,3910,51808,3.640045,856.0496,11342.269,7,26,562.31635,553.6611,93622.18,2884.9153,255,421933865,2567621372,255,0.000718,0.000578,0.00014,59,785,0,0,1,1,0,0,0,0,Normal,0
0.710357,tcp,-,FIN,12,8,1058,726,26.747114,10924.085,7162.5957,3,2,61.252823,96.17214,3188.3577,134.34647,255,593353255,2491204347,255,0.156173,0.037148,0.119025,88,91,0,0,1,1,0,0,0,0,Fuzzers,1
0.394373,tcp,-,FIN,10,6,538,268,38.035057,9838.401,4543.9214,2,1,41.863888,70.0484,2401.898,116.26763,255,2287541035,704645821,255,0.082607,0.044125,0.038482,54,45,0,0,1,1,0,0,0,0,Fuzzers,1
13.069224,tcp,-,FIN,28,30,4656,3080,4.361391,2748.4417,1822.9084,7,7,484.03354,450.64487,36140.12,1017.9348,255,1504518715,1507666764,255,0.000646,0.000519,0.000127,166,103,0,0,1,1,0,0,0,0,Normal,0
1.73437,tcp,-,FIN,16,18,1540,1644,19.027082,6660.632,7163.408,4,4,123.85843,123.80407,7433.9927,206.60942,255,4109071658,3135320370,255,0.00125,0.001112,0.000138,96,91,0,0,6,1,0,0,0,0,Normal,0
16.004122,tcp,-,FIN,64,66,3806,51808,8.060424,1873.0175,25505.43,7,26,254.02875,246.20735,28590.31,28165.18,255,4057385673,4057705161,255,0.000795,0.000634,0.000161,59,785,0,0,1,1,0,0,0,0,Normal,0
0.001096,udp,dns,CON,2,2,132,164,2737.2263,481751.84,598540.2,0,0,0.009,0.007,0.0,0.0,0,0,0,0,0.0,0.0,0.0,66,82,0,0,1,1,0,0,0,0,Normal,0
0.799005,tcp,-,FIN,10,8,1526,354,21.276463,13757.111,3103.8606,2,1,88.778336,99.12486,5187.3413,171.8022,255,640173569,3223971187,255,0.16841,0.076171,0.092239,153,44,0,0,1,1,0,0,0,0,Fuzzers,1
0.66712,tcp,-,FIN,12,10,1250,842,31.478596,13742.655,9089.819,3,2,60.647278,69.566216,3991.7444,122.198524,255,2326959599,2399066640,255,0.099026,0.040465,0.058561,104,84,0,0,1,1,0,0,0,0,Fuzzers,1
8e-06,wb-mon,-,INT,2,0,200,0,125000.0,100000000.0,0.0,0,0,0.008,0.0,0.0,0.0,0,0,0,0,0.0,0.0,0.0,100,0,0,0,1,1,0,0,0,0,Backdoor,1
1e-05,scps,-,INT,2,0,200,0,100000.0,80000000.0,0.0,0,0,0.01,0.0,0.0,0.0,0,0,0,0,0.0,0.0,0.0,100,0,0,0,2,2,0,0,0,0,Fuzzers,1
1.4e-05,mobile,-,INT,1,0,60,0,0.0,0.0,0.0,0,0,0.0,0.0,0.0,0.0,0,0,0,0,0.0,0.0,0.0,60,0,0,0,3,3,0,0,0,0,Exploits,1
3.127145,tcp,-,FIN,16,18,1540,1644,10.552756,3694.1042,3972.953,4,4,208.42767,178.23405,14675.563,335.01242,255,746972322,1010050002,255,0.098999,0.097165,0.001834,96,91,0,0,5,1,0,0,0,0,Normal,0
0.831725,tcp,-,FIN,12,10,2018,830,25.24873,17794.344,7185.0674,3,2,71.441635,87.182556,4624.551,122.09997,255,3329166954,1963336086,255,0.11342,0.047072,0.066348,168,83,0,0,1,1,0,0,0,0,Fuzzers,1
7e-06,unas,-,INT,2,0,200,0,142857.14,114285710.0,0.0,0,0,0.007,0.0,0.0,0.0,0,0,0,0,0.0,0.0,0.0,100,0,0,0,4,4,0,0,0,0,Analysis,1
1.1e-05,udp,-,INT,2,0,788,0,90909.09,286545440.0,0.0,0,0,0.011,0.0,0.0,0.0,0,0,0,0,0.0,0.0,0.0,394,0,0,0,15,1,0,0,0,0,Fuzzers,1
8e-06,unas,-,INT,2,0,200,0,125000.0,100000000.0,0.0,0,0,0.008,0.0,0.0,0.0,0,0,0,0,0.0,0.0,0.0,100,0,0,0,6,6,0,0,0,0,Backdoor,1
0.951126,tcp,-,FIN,10,6,2530,268,15.770781,19152.037,1884.0826,2,1,97.38289,170.6658,5110.6616,258.54977,255,3965836696,817903389,255,0.284096,0.09779,0.186306,253,45,0,0,1,1,0,0,0,0,Fuzzers,1
38.78433,tcp,-,FIN,24,16,1998,1478,1.005561,395.0049,285.88867,11,6,1685.7672,2581.9937,247334.22,9348.487,255,3230402338,3298851073,255,0.095261,0.054414,0.040847,83,92,0,0,2,2,0,0,0,0,Fuzzers,1
1.676878,tcp,-,FIN,40,42,2558,23162,48.30405,11903.072,107871.89,7,14,42.988514,40.887047,2846.3054,2773.9438,255,1912002653,777844697,255,0.000642,0.000501,0.000141,64,551,0,0,1,1,0,0,0,0,Normal,0
0.000943,udp,dns,CON,2,2,132,164,3181.3362,559915.1,695652.2,0,0,0.001,0.005,0.0,0.0,0,0,0,0,0.0,0.0,0.0,66,82,0,0,1,1,0,0,0,0,Normal,0
1.205235,tcp,-,FIN,14,12,798,678,20.742844,4918.543,4128.6553,4,4,92.705536,102.018364,4724.7217,178.9329,255,3448481697,2466459008,255,0.153409,0.083032,0.070377,57,57,0,0,1,1,0,0,0,0,Fuzzers,1
0.001128,udp,dns,CON,2,2,146,178,2659.5745,517730.5,631205.7,0,0,0.009,0.007,0.0,0.0,0,0,0,0,0.0,0.0,0.0,73,89,0,0,2,1,0,0,0,0,Normal,0
1e-05,udp,-,INT,2,0,1422,0,100000.0,568800000.0,0.0,0,0,0.01,0.0,0.0,0.0,0,0,0,0,0.0,0.0,0.0,711,0,0,0,9,1,0,0,0,0,Normal,0
9e-06,udp,-,INT,2,0,232,0,111111.11,103111100.0,0.0,0,0,0.009,0.0,0.0,0.0,0,0,0,0,0.0,0.0,0.0,116,0,0,0,5,1,0,0,0,0,Normal,0
1.1e-05,udp,-,INT,2,0,604,0,90909.09,219636370.0,0.0,0,0,0.011,0.0,0.0,0.0,0,0,0,0,0.0,0.0,0.0,302,0,0,0,2,1,0,0,0,0,Normal,0
2.165437,tcp,-,FIN,16,18,1540,1644,15.239418,5334.72,5737.41,4,4,144.33372,127.291,10025.853,232.84036,255,3509079117,3367819436,255,0.001613,0.001487,0.000126,96,91,0,0,11,1,0,0,0,0,Normal,0
1.468103,tcp,-,FIN,12,10,3024,814,14.304173,15105.207,3994.27,3,2,131.1171,154.21533,8096.599,306.67776,255,4158166504,1234286281,255,0.132035,0.080156,0.051879,252,81,0,0,1,1,0,0,0,0,Fuzzers,1
5e-06,udp,-,INT,2,0,2898,0,200000.0,2318400000.0,0.0,0,0,0.005,0.0,0.0,0.0,0,0,0,0,0.0,0.0,0.0,1449,0,0,0,1,1,0,0,0,0,Fuzzers,1
19.923668,tcp,http,FIN,1624,252,2162355,10846,94.10918,867721.4,4337.7554,809,1,12.294593,79.421715,1427.0515,86.86932,255,3961156245,2418360694,255,0.147399,0.068233,0.079166,1331,43,1,0,1,1,0,0,1,0,Fuzzers,1
2.288405,tcp,-,FIN,12,10,994,798,9.176698,3188.2468,2513.5413,3,2,207.9499,243.66867,13376.517,488.08405,255,3771882050,3227097085,255,0.186643,0.095384,0.091259,83,80,0,0,1,1,0,0,0,0,Fuzzers,1
0.051301,tcp,http,FIN,8,10,1052,824,331.37756,143622.94,115709.25,2,2,7.276428,5.642444,584.75665,14.553046,255,689549392,694013825,255,0.000673,0.000514,0.000159,132,82,1,83,1,1,0,0,1,0,Normal,0
0.84428,tcp,-,FIN,10,8,534,354,20.1355,4557.7295,2937.414,2,1,88.77478,105.35771,5188.3545,172.44438,255,3693300513,2594468790,255,0.171968,0.106771,0.065197,53,44,0,0,2,1,0,0,0,0,Fuzzers,1
2.351839,tcp,ftp-data,FIN,8,8,364,540,6.377987,1085.1083,1608.9536,1,2,335.83728,317.492,23127.213,636.58264,255,1830787008,3050736002,255,0.312526,0.129391,0.183135,46,68,0,0,1,1,0,0,0,0,Exploits,1
0.003771,tcp,http,FIN,8,10,1052,824,4508.088,1953858.4,1574118.2,2,2,0.487571,0.366556,31.437916,0.665271,255,3824169672,3825024311,255,0.000596,0.000468,0.000128,132,82,1,83,2,1,0,0,1,0,Normal,0
0.595373,tcp,http,FIN,10,10,842,1454,31.91277,10185.212,17588.975,2,2,66.15256,62.322445,4129.9062,117.233925,255,1350338751,2999326159,255,0.104887,0.033827,0.07106,84,145,1,256,1,1,0,0,1,0,Normal,0
0.910099,tcp,-,FIN,34,10,35002,440,47.247604,298631.25,3480.94,26,0,936.8267,3182.5854,167828.33,9270.878,255,4249791950,3433063302,255,0.144251,0.06893,0.075321,1029,44,0,0,3,3,0,0,0,0,Fuzzers,1
8e-06,unas,-,INT,2,0,200,0,125000.0,100000000.0,0.0,0,0,0.008,0.0,0.0,0.0,0,0,0,0,0.0,0.0,0.0,100,0,0,0,6,6,0,0,0,0,Backdoor,1
0.569211,ospf,-,INT,20,0,1040,0,33.379536,13885.888,0.0,0,0,29.958475,0.0,36.541866,0.0,0,0,0,0,0.0,0.0,0.0,52,0,0,0,1,1,0,0,0,0,Reconnaissance,1
2.618079,tcp,smtp,FIN,52,24,41337,1876,28.64696,123886.26,5494.105,22,8,52.36158,110.73626,3781.4456,143.81165,255,4005770313,1089159623,255,0.187332,0.070478,0.116854,795,78,0,0,1,1,0,0,0,0,Exploits,1
7.40386,tcp,-,FIN,16,18,1272,2572,4.457134,1289.0574,2625.6575,4,4,493.56317,435.45694,32632.303,866.2106,255,2444160465,294860895,255,0.001209,0.001084,0.000125,80,143,0,0,1,1,0,0,0,0,Normal,0
1e-05,udp,-,INT,2,0,734,0,100000.0,293600000.0,0.0,0,0,0.01,0.0,0.0,0.0,0,0,0,0,0.0,0.0,0.0,367,0,0,0,9,1,0,0,0,0,Normal,0
1.082178,tcp,-,FIN,10,8,534,354,15.709061,3555.7922,2291.6748,2,1,118.18533,144.824,6742.675,265.02008,255,1083125016,2722390066,255,0.139397,0.068401,0.070996,53,44,0,0,1,1,0,0,0,0,Fuzzers,1
1.024119,tcp,ftp,FIN,14,12,726,682,24.411224,5272.8247,4890.0566,4,4,77.39692,83.694725,4017.304,105.13255,255,1210841131,1776070384,255,0.202786,0.103474,0.099312,52,57,0,0,1,1,1,1,0,0,Fuzzers,1
2.957354,tcp,-,FIN,30,42,2302,34406,24.007948,6021.599,90856.89,5,15,105.608246,72.118706,7211.2085,5515.9995,255,626973895,990643791,255,0.000757,0.000483,0.000274,77,819,0,0,12,1,0,0,0,0,Normal,0
3.270188,tcp,-,FIN,16,18,1540,1644,10.091163,3532.5186,3799.17,4,4,233.481,192.32646,22002.533,496.59564,255,3891519644,1150762283,255,0.000779,0.000637,0.000142,96,91,0,0,10,1,0,0,0,0,Normal,0
8e-06,udp,-,INT,2,0,206,0,125000.0,103000000.0,0.0,0,0,0.008,0.0,0.0,0.0,0,0,0,0,0.0,0.0,0.0,103,0,0,0,2,1,0,0,0,0,Fuzzers,1
0.825867,tcp,-,FIN,12,10,976,852,25.427822,8669.677,7429.7676,3,2,74.996185,86.62256,5129.011,124.87755,255,3606346462,1501052313,255,0.101627,0.046261,0.055366,81,85,0,0,1,1,0,0,0,0,Fuzzers,1
1.355858,tcp,-,FIN,16,18,1540,1644,24.338833,8520.066,9163.202,4,4,104.211464,79.70724,7207.4927,151.09862,255,2857389697,3269864890,255,0.001684,0.000834,0.00085,96,91,0,0,15,1,0,0,0,0,Normal,0
3.253368,tcp,-,FIN,28,30,4656,3080,17.520306,11040.866,7322.873,7,7,120.483376,112.16803,7305.384,192.9039,255,2129552274,1251006896,255,0.000615,0.000491,0.000124,166,103,0,0,1,1,0,0,0,0,Normal,0
0.691876,tcp,-,FIN,10,6,2530,268,21.680185,26328.418,2590.0596,2,1,72.722115,116.7818,3937.3547,184.71153,255,698767841,2982766699,255,0.197707,0.107961,0.089746,253,45,0,0,3,1,0,0,0,0,Fuzzers,1
2.292833,tcp,-,FIN,16,18,1540,1644,14.392674,5038.308,5418.624,4,4,152.83553,142.09938,9227.746,262.08847,255,279491132,1001656787,255,0.020923,0.019242,0.001681,96,91,0,0,6,2,0,0,0,0,Normal,0
5e-06,udp,-,INT,2,0,754,0,200000.0,603200000.0,0.0,0,0,0.005,0.0,0.0,0.0,0,0,0,0,0.0,0.0,0.0,377,0,0,0,1,1,0,0,0,0,Shellcode,1
8e-06,gre,-,INT,2,0,156,0,125000.0,78000000.0,0.0,0,0,0.008,0.0,0.0,0.0,0,0,0,0,0.0,0.0,0.0,78,0,0,0,1,1,0,0,0,0,Fuzzers,1
8e-06,udp,-,INT,2,0,104,0,125000.0,52000000.0,0.0,0,0,0.008,0.0,0.0,0.0,0,0,0,0,0.0,0.0,0.0,52,0,0,0,4,1,0,0,0,0,Fuzzers,1
0.863581,tcp,-,FIN,12,8,1042,758,22.00141,8856.146,6151.1313,3,2,78.42091,113.60343,4014.5437,158.52849,255,685969108,3480996113,255,0.109959,0.068354,0.041605,87,95,0,0,1,1,0,0,0,0,Fuzzers,1
1.825982,tcp,-,FIN,16,18,1540,1644,18.072468,6326.459,6804.0103,4,4,121.70707,106.24753,7443.3477,193.41124,255,2677395859,3247227403,255,0.030529,0.01977,0.010759,96,91,0,0,5,1,0,0,0,0,Normal,0
1.1e-05,udp,-,INT,2,0,938,0,90909.09,341090900.0,0.0,0,0,0.011,0.0,0.0,0.0,0,0,0,0,0.0,0.0,0.0,469,0,0,0,6,1,0,0,0,0,Normal,0
3e-06,sep,-,INT,2,0,200,0,333333.3,266666660.0,0.0,0,0,0.003,0.0,0.0,0.0,0,0,0,0,0.0,0.0,0.0,100,0,0,0,1,1,0,0,0,0,Backdoor,1
59.95885,tcp,smtp,CON,4316,682,5832679,30006,83.34049,778044.0,3997.8083,2157,6,13.911554,87.73415,1735.6753,104.121376,255,3257946522,2910316233,255,0.173099,0.085394,0.087705,1351,44,0,0,1,1,0,0,0,0,Exploits,1
23.835249,tcp,-,FIN,78,80,4550,72810,6.586883,1507.683,24132.326,7,33,313.6174,301.704,75993.86,74801.914,255,3407319788,1262264496,255,0.000751,0.000626,0.000125,58,910,0,0,1,1,0,0,0,0,Normal,0
0.906794,tcp,http,FIN,10,8,826,1088,18.747368,6563.784,8398.82,2,2,100.75489,120.32357,5312.74,176.85966,255,425488115,1438593930,255,0.162249,0.063444,0.098805,83,136,1,141,3,3,0,0,9,0,Analysis,1
8e-06,udp,-,INT,2,0,104,0,125000.0,52000000.0,0.0,0,0,0.008,0.0,0.0,0.0,0,0,0,0,0.0,0.0,0.0,52,0,0,0,1,1,0,0,0,0,Fuzzers,1
0.367473,tcp,-,FIN,38,40,2438,18508,209.5392,51682.707,392866.94,7,13,9.923514,9.408538,581.1156,566.0007,255,3236680070,4100055034,255,0.000723,0.000534,0.000189,64,463,0,0,1,1,0,0,0,0,Normal,0
0.504994,tcp,-,FIN,10,6,756,268,29.703325,10788.247,3548.5571,2,1,51.314777,93.2164,2605.933,136.00426,255,1433846663,533504862,255,0.125132,0.038903,0.086229,76,45,0,0,2,1,0,0,0,0,Fuzzers,1
22.306393,tcp,http,FIN,8,10,1052,824,0.762113,330.3089,266.11206,2,2,3186.561,2478.428,263076.78,6966.223,255,661938863,2812604244,255,0.000703,0.000537,0.000166,132,82,1,83,8,1,0,0,1,0,Normal,0
9e-06,unas,-,INT,2,0,200,0,111111.11,88888890.0,0.0,0,0,0.009,0.0,0.0,0.0,0,0,0,0,0.0,0.0,0.0,100,0,0,0,4,4,0,0,0,0,Analysis,1
0.48746,tcp,-,FIN,12,8,1162,734,38.97756,17494.77,10552.661,3,2,42.24282,64.74486,2260.483,85.54042,255,966787264,2487371113,255,0.11733,0.034241,0.083089,97,92,0,0,2,2,0,0,0,0,Fuzzers,1
0.773715,tcp,http,FIN,10,8,808,1102,21.971914,7527.3193,9977.834,2,2,79.85044,99.55057,4253.6934,148.96225,255,677012819,4220433006,255,0.148175,0.076852,0.071323,81,138,1,233,3,3,0,0,6,0,Analysis,1
3.548108,tcp,-,FIN,16,18,1540,1644,9.300731,3255.8196,3501.5845,4,4,236.48714,211.68356,19127.234,591.7832,255,1381944124,1640041102,255,0.163016,0.161162,0.001854,96,91,0,0,17,1,0,0,0,0,Normal,0
1.335489,tcp,-,FIN,16,18,1540,1644,24.710049,8650.015,9302.959,4,4,102.64515,73.41165,6584.103,129.2431,255,2776553620,1160640823,255,0.088328,0.087491,0.000837,96,91,0,0,4,1,0,0,0,0,Normal,0
0.02085,tcp,-,FIN,16,18,1540,1644,1582.7338,554052.75,595875.25,4,4,1.367,1.198118,84.5066,2.494021,255,1314586424,3468192640,255,0.000595,0.000479,0.000116,96,91,0,0,6,1,0,0,0,0,Normal,0
0.665002,tcp,-,FIN,10,8,584,354,25.563833,6327.801,3729.3123,2,1,73.889114,81.48671,4094.82,145.27498,255,3482035338,1335380140,255,0.145205,0.082977,0.062228,58,44,0,0,1,1,0,0,0,0,Shellcode,1
3.205728,tcp,-,FIN,16,18,1540,1644,10.294073,3603.5496,3875.5627,4,4,213.69347,199.47144,19157.441,528.9415,255,1381939291,1697637532,255,0.014402,0.014184,0.000218,96,91,0,0,17,1,0,0,0,0,Normal,0
8e-06,cpnx,-,INT,2,0,200,0,125000.0,100000000.0,0.0,0,0,0.008,0.0,0.0,0.0,0,0,0,0,0.0,0.0,0.0,100,0,0,0,2,2,0,0,0,0,Backdoor,1
2.956103,tcp,-,FIN,16,18,1540,1644,11.163345,3907.8474,4202.8306,4,4,211.09135,196.7314,12449.509,304.9366,255,1106974848,3510019146,255,0.005986,0.005131,0.000855,96,91,0,0,5,1,0,0,0,0,Normal,0
0.470994,tcp,http,FIN,10,8,770,1360,36.09388,11770.851,20212.572,2,2,52.228558,60.18,2585.566,84.562,255,3107209644,1998002314,255,0.091927,0.049725,0.042202,77,170,1,276,1,1,0,0,1,0,Exploits,1
10.762248,tcp,-,FIN,64,66,3806,51808,11.986343,2785.2917,37928.137,7,26,176.41217,168.15001,35898.12,35065.66,255,4224868685,2079811785,255,0.000787,0.000639,0.000148,59,785,0,0,1,1,0,0,0,0,Normal,0
7.853923,tcp,-,FIN,78,80,4550,72810,19.99001,4575.548,73237.29,7,33,101.99503,99.40832,7907.739,7804.9175,255,702063459,702390599,255,0.000802,0.000657,0.000145,58,910,0,0,1,1,0,0,0,0,Normal,0
8e-06,unas,-,INT,2,0,200,0,125000.0,100000000.0,0.0,0,0,0.008,0.0,0.0,0.0,0,0,0,0,0.0,0.0,0.0,100,0,0,0,3,3,0,0,0,0,Backdoor,1
41.066822,tcp,-,FIN,20,12,1670,536,0.754867,309.15466,95.843796,4,1,2161.412,3729.1528,293071.7,11612.165,255,1399874703,1117158503,255,0.112325,0.045494,0.066831,84,45,0,0,4,3,0,0,0,0,Fuzzers,1
0.023518,tcp,-,FIN,16,18,1540,1644,1403.1805,491198.25,528276.2,4,4,1.546733,1.356823,93.711494,2.617368,255,3532493045,3542241123,255,0.00057,0.000448,0.000122,96,91,0,0,5,1,0,0,0,0,Normal,0
0.019966,tcp,-,FIN,16,18,1540,1644,1652.8097,578583.56,622257.8,4,4,1.308933,1.146647,78.237404,2.283905,255,1494587091,3644906553,255,0.000594,0.000468,0.000126,96,91,0,0,6,1,0,0,0,0,Normal,0
1.029359,tcp,-,FIN,28,30,4656,3080,55.374268,34895.504,23144.502,7,7,38.112225,35.475277,2138.866,54.781815,255,1614584012,2065845127,255,0.000724,0.00057,0.000154,166,103,0,0,1,1,0,0,0,0,Normal,0
1.762622,tcp,-,FIN,16,18,1540,1644,18.722109,6553.8726,7048.5903,4,4,117.4868,103.61847,7211.5996,205.03032,255,3124038679,3474037259,255,0.001984,0.001099,0.000885,96,91,0,0,8,1,0,0,0,0,Normal,0
1.044215,tcp,-,FIN,12,8,1066,714,18.195486,7492.71,4788.286,3,2,97.2332,131.63042,4669.4717,180.44319,255,3867449960,38767488,255,0.218485,0.122799,0.095686,89,89,0,0,1,1,0,0,0,0,Fuzzers,1
0.001126,udp,dns,CON,2,2,132,164,2664.2986,468916.53,582593.25,0,0,0.009,0.007,0.0,0.0,0,0,0,0,0.0,0.0,0.0,66,82,0,0,1,1,0,0,0,0,Normal,0
0.522437,tcp,http,FIN,10,6,526,268,28.711597,7258.292,3430.0789,2,1,53.004223,78.875,2830.5708,108.83561,255,500751229,3925044145,255,0.213906,0.128056,0.08585,53,45,1,0,1,1,0,0,1,0,Fuzzers,1
8e-06,unas,-,INT,2,0,200,0,125000.0,100000000.0,0.0,0,0,0.008,0.0,0.0,0.0,0,0,0,0,0.0,0.0,0.0,100,0,0,0,1,1,0,0,0,0,Backdoor,1
12.95513,tcp,http,FIN,14,18,1684,10168,2.392875,965.79504,5930.624,3,5,996.5199,762.0329,71257.91,62243.207,255,604519115,2755175801,255,0.000715,0.000567,0.000148,120,565,1,3924,2,1,0,0,1,0,Normal,0
1.957822,tcp,-,FIN,12,10,980,804,10.726205,3673.47,2958.3896,3,2,174.0961,204.24344,11972.453,275.92596,255,3133422050,2179290835,255,0.195786,0.119618,0.076168,82,80,0,0,3,3,0,0,0,0,Fuzzers,1
18.123909,tcp,-,FIN,28,30,4656,3080,3.145017,1981.9124,1314.5067,7,7,697.0611,624.94354,84961.414,2469.023,255,1346972027,1350212309,255,0.000669,0.000542,0.000127,166,103,0,0,1,1,0,0,0,0,Normal,0
8e-06,unas,-,INT,2,0,200,0,125000.0,100000000.0,0.0,0,0,0.008,0.0,0.0,0.0,0,0,0,0,0.0,0.0,0.0,100,0,0,0,1,1,0,0,0,0,Analysis,1
8.341322,tcp,smtp,FIN,26,26,3301,1986,6.114139,3045.0808,1831.844,8,8,333.6529,327.09003,26915.799,760.7779,255,801331121,1499565364,255,0.269365,0.163036,0.106329,127,76,0,0,1,1,0,0,0,0,Exploits,1
0.020518,tcp,-,FIN,16,18,1540,1644,1608.344,563017.9,605517.1,4,4,1.346933,1.178353,83.60222,2.353394,255,2765006804,624593934,255,0.00059,0.000483,0.000107,96,91,0,0,6,1,0,0,0,0,Normal,0
2e-06,udp,snmp,INT,2,0,138,0,500000.0,276000000.0,0.0,0,0,0.002,0.0,0.0,0.0,0,0,0,0,0.0,0.0,0.0,69,0,0,0,1,1,0,0,0,0,Normal,0
0.000948,udp,dns,CON,2,2,132,164,3164.557,556962.0,691983.1,0,0,0.005,0.004,0.0,0.0,0,0,0,0,0.0,0.0,0.0,66,82,0,0,1,1,0,0,0,0,Normal,0
1.107593,tcp,-,FIN,10,6,756,268,13.54288,4918.774,1617.9227,2,1,123.06589,204.998,7199.506,352.74762,255,379875871,3425149129,255,0.152928,0.081825,0.071103,76,45,0,0,1,1,0,0,0,0,Fuzzers,1
3e-06,qnx,-,INT,2,0,200,0,333333.3,266666660.0,0.0,0,0,0.003,0.0,0.0,0.0,0,0,0,0,0.0,0.0,0.0,100,0,0,0,2,2,0,0,0,0,Backdoor,1
9e-06,ipv6-route,-,INT,2,0,200,0,111111.11,88888890.0,0.0,0,0,0.009,0.0,0.0,0.0,0,0,0,0,0.0,0.0,0.0,100,0,0,0,2,2,0,0,0,0,Backdoor,1
0.96005,tcp,ftp,FIN,14,12,750,682,26.040312,5808.031,5216.395,4,4,71.37654,77.87345,3545.6938,88.74012,255,1398008940,881080843,255,0.18189,0.103433,0.078457,54,57,0,0,1,1,1,1,0,0,Fuzzers,1
0.843509,tcp,http,FIN,10,8,1002,354,20.153904,8554.739,2940.0989,2,1,88.662,106.36414,4886.556,180.53603,255,1337712206,1196839123,255,0.172638,0.098958,0.07368,100,44,1,0,1,1,0,0,1,0,Exploits,1
5e-06,udp,-,INT,2,0,1064,0,200000.0,851200000.0,0.0,0,0,0.005,0.0,0.0,0.0,0,0,0,0,0.0,0.0,0.0,532,0,0,0,1,1,0,0,0,0,Fuzzers,1
9e-06,udp,-,INT,2,0,168,0,111111.11,74666664.0,0.0,0,0,0.009,0.0,0.0,0.0,0,0,0,0,0.0,0.0,0.0,84,0,0,0,1,1,0,0,0,0,Reconnaissance,1
32.081898,tcp,http,FIN,120,28,136392,1224,4.582023,33727.68,294.4963,79,1,271.69247,1185.5386,88918.95,5758.2837,255,151555914,842860119,255,0.123285,0.072349,0.050936,1137,44,1,0,3,2,0,0,2,0,Fuzzers,1
0.001115,udp,dns,CON,2,2,146,178,2690.583,523766.8,638565.0,0,0,0.009,0.007,0.0,0.0,0,0,0,0,0.0,0.0,0.0,73,89,0,0,2,1,0,0,0,0,Normal,0
2.175446,tcp,-,FIN,30,42,2302,34406,32.636986,8185.9077,123513.06,5,15,77.68329,53.950424,5018.511,4537.944,255,1697036946,1832641659,255,0.019254,0.017425,0.001829,77,819,0,0,17,1,0,0,0,0,Normal,0
8e-06,udp,-,INT,2,0,104,0,125000.0,52000000.0,0.0,0,0,0.008,0.0,0.0,0.0,0,0,0,0,0.0,0.0,0.0,52,0,0,0,7,1,0,0,0,0,Fuzzers,1
6e-06,unas,-,INT,2,0,200,0,166666.66,133333330.0,0.0,0,0,0.006,0.0,0.0,0.0,0,0,0,0,0.0,0.0,0.0,100,0,0,0,5,5,0,0,0,0,Backdoor,1
9e-06,udp,-,INT,2,0,104,0,111111.11,46222220.0,0.0,0,0,0.009,0.0,0.0,0.0,0,0,0,0,0.0,0.0,0.0,52,0,0,0,3,1,0,0,0,0,Fuzzers,1
0.00422,tcp,http,FIN,8,10,1052,824,4028.436,1745971.6,1406635.1,2,2,0.551857,0.416111,36.560505,0.793852,255,2289197286,2286466183,255,0.000605,0.000474,0.000131,132,82,1,83,1,1,0,0,1,0,Normal,0
1.578636,tcp,http,FIN,12,30,910,31068,25.971786,4231.501,152197.2,2,12,143.49756,49.64324,8370.206,6238.859,255,1752099245,265431110,255,0.236683,0.138973,0.09771,76,1036,1,14673,1,1,0,0,1,0,Exploits,1
8e-06,unas,-,INT,2,0,200,0,125000.0,100000000.0,0.0,0,0,0.008,0.0,0.0,0.0,0,0,0,0,0.0,0.0,0.0,100,0,0,0,2,2,0,0,0,0,Analysis,1
0.404378,tcp,-,FIN,10,6,534,268,37.094006,9515.849,4431.497,2,1,39.639442,66.0736,2159.6982,98.39917,255,2967883656,3705666405,255,0.12125,0.074007,0.047243,53,45,0,0,1,1,0,0,0,0,Fuzzers,1
23.30414,tcp,smtp,FIN,52,42,37230,3380,3.990707,12535.111,1132.846,18,8,466.0669,582.5899,86201.86,2976.3499,255,194453825,2340857754,255,0.000665,0.00053,0.000135,716,80,0,0,1,1,0,0,0,0,Normal,0
59.469406,ospf,-,REQ,80,0,8640,0,1.328414,1147.7499,0.0,0,0,794.2588,0.0,978.9228,0.0,0,0,0,0,0.0,0.0,0.0,108,0,0,0,1,1,0,0,0,0,Exploits,1
0.718977,tcp,-,FIN,10,6,2550,268,20.862976,25536.283,2492.4304,2,1,76.84422,112.394,4224.071,166.09547,255,815979875,2294326277,255,0.252298,0.157,0.095298,255,45,0,0,1,1,0,0,0,0,Fuzzers,1
1.182084,tcp,-,FIN,10,8,486,354,14.381381,2964.2563,2097.9897,2,1,127.05322,163.33458,7521.4526,291.2699,255,2407311649,1235629454,255,0.10151,0.038737,0.062773,49,44,0,0,1,1,0,0,0,0,Fuzzers,1
1.558789,tcp,-,FIN,16,18,1272,2572,21.17028,6122.7017,12471.22,4,4,103.891396,91.659706,6385.11,165.67863,255,1147096213,1147371847,255,0.000862,0.000565,0.000297,80,143,0,0,4,1,0,0,0,0,Normal,0
0.739602,tcp,-,FIN,10,8,1526,354,22.985334,14862.047,3353.1548,2,1,82.178,99.313,4412.6035,181.12508,255,61394931,1863302212,255,0.122934,0.043645,0.079289,153,44,0,0,1,1,0,0,0,0,Fuzzers,1
0.01934,tcp,-,FIN,16,18,1540,1644,1706.3082,597311.3,642399.2,4,4,1.268667,1.111,78.706795,2.199375,255,2649201586,2651461473,255,0.00056,0.000449,0.000111,96,91,0,0,4,1,0,0,0,0,Normal,0
1.000002,tcp,-,FIN,12,8,980,726,18.999962,7191.9854,5087.9897,3,2,86.62491,129.51244,4981.2085,161.4123,255,4134463726,2831260846,255,0.176399,0.093407,0.082992,82,91,0,0,1,1,0,0,0,0,Fuzzers,1
6e-06,unas,-,INT,2,0,200,0,166666.66,133333330.0,0.0,0,0,0.006,0.0,0.0,0.0,0,0,0,0,0.0,0.0,0.0,100,0,0,0,4,4,0,0,0,0,Analysis,1
0.697371,tcp,-,FIN,12,8,1000,716,27.245182,10519.508,7192.728,3,2,60.449,90.46943,2939.6448,117.45818,255,3875470793,398861705,255,0.101958,0.064076,0.037882,83,90,0,0,1,1,0,0,0,0,Fuzzers,1
1.382635,tcp,-,FIN,16,18,1540,1644,23.86747,8355.062,8985.741,4,4,92.153,81.268,6567.053,213.3186,255,1972007374,3279354910,255,0.001206,0.001078,0.000128,96,91,0,0,13,1,0,0,0,0,Normal,0
9e-06,unas,-,INT,2,0,200,0,111111.11,88888890.0,0.0,0,0,0.009,0.0,0.0,0.0,0,0,0,0,0.0,0.0,0.0,100,0,0,0,2,2,0,0,0,0,Backdoor,1
1e-05,pim,-,INT,2,0,200,0,100000.0,80000000.0,0.0,0,0,0.01,0.0,0.0,0.0,0,0,0,0,0.0,0.0,0.0,100,0,0,0,2,2,0,0,0,0,DoS,1
1e-05,udp,-,INT,2,0,104,0,100000.0,41600000.0,0.0,0,0,0.01,0.0,0.0,0.0,0,0,0,0,0.0,0.0,0.0,52,0,0,0,1,1,0,0,0,0,Fuzzers,1
1.1e-05,udp,-,INT,2,0,1548,0,90909.09,562909060.0,0.0,0,0,0.011,0.0,0.0,0.0,0,0,0,0,0.0,0.0,0.0,774,0,0,0,10,1,0,0,0,0,Normal,0
3.474526,tcp,-,FIN,12,10,1170,810,6.04399,2470.553,1678.5023,3,2,311.37817,376.371,20323.457,636.4886,255,3760343646,629067003,255,0.197679,0.087186,0.110493,98,81,0,0,3,1,0,0,0,0,Fuzzers,1
0.001011,udp,dns,CON,2,2,146,178,2967.359,577645.9,704253.2,0,0,0.009,0.008,0.0,0.0,0,0,0,0,0.0,0.0,0.0,73,89,0,0,2,1,0,0,0,0,Normal,0
0.922025,tcp,-,FIN,64,66,3806,51808,139.90944,32511.049,442712.5,7,26,14.629095,14.176154,879.6577,867.0075,255,4016677705,4016974120,255,0.000706,0.000566,0.00014,59,785,0,0,1,1,0,0,0,0,Normal,0
1.979325,tcp,-,FIN,16,18,1540,1644,16.67235,5836.333,6276.887,4,4,131.93153,123.64531,9525.472,244.71129,255,2574103089,3227112325,255,0.001146,0.000997,0.000149,96,91,0,0,4,1,0,0,0,0,Normal,0
1.987619,tcp,-,FIN,16,18,1540,1644,16.60278,5811.979,6250.695,4,4,132.48694,124.15631,7719.833,223.96103,255,541942752,1146500075,255,0.001248,0.001117,0.000131,96,91,0,0,8,1,0,0,0,0,Normal,0
8e-06,snp,-,INT,2,0,200,0,125000.0,100000000.0,0.0,0,0,0.008,0.0,0.0,0.0,0,0,0,0,0.0,0.0,0.0,100,0,0,0,2,2,0,0,0,0,Exploits,1
2.703711,tcp,-,FIN,30,42,2302,34406,26.260202,6586.503,99380.445,5,15,93.2139,63.70434,6450.0356,4776.4136,255,889422165,3146431460,255,0.092663,0.091832,0.000831,77,819,0,0,10,1,0,0,0,0,Normal,0
1e-05,udp,-,INT,2,0,1716,0,100000.0,686400000.0,0.0,0,0,0.01,0.0,0.0,0.0,0,0,0,0,0.0,0.0,0.0,858,0,0,0,13,1,0,0,0,0,Fuzzers,1
0.022311,tcp,-,FIN,16,18,1540,1644,1479.0911,517771.5,556855.4,4,4,1.467133,1.284118,90.4769,2.493656,255,3352491410,1212093681,255,0.000582,0.000477,0.000105,96,91,0,0,12,1,0,0,0,0,Normal,0
2.749292,tcp,-,FIN,10,8,564,354,6.18341,1478.1989,902.0505,2,1,301.957,382.14917,19442.152,674.9002,255,284670483,502175120,255,0.141123,0.074239,0.066884,56,44,0,0,1,1,0,0,0,0,Reconnaissance,1
2.693358,tcp,-,FIN,16,18,1540,1644,12.252363,4289.07,4612.829,4,4,179.5322,155.65753,11373.188,291.31262,255,4102294938,1208662659,255,0.048951,0.047171,0.00178,96,91,0,0,13,1,0,0,0,0,Normal,0
1.46016,tcp,-,FIN,16,18,1540,1644,22.600264,7911.4614,8508.656,4,4,112.21531,91.18631,7156.0547,163.22969,255,2857394199,1119245104,255,0.001984,0.001178,0.000806,96,91,0,0,15,1,0,0,0,0,Normal,0
1e-05,udp,-,INT,2,0,438,0,100000.0,175200000.0,0.0,0,0,0.01,0.0,0.0,0.0,0,0,0,0,0.0,0.0,0.0,219,0,0,0,6,1,0,0,0,0,Normal,0
3.220552,tcp,-,FIN,16,18,1540,1644,10.246691,3586.9626,3857.7239,4,4,214.68246,189.37694,12246.125,395.46,255,544522831,1358302402,255,0.001944,0.001143,0.000801,96,91,0,0,15,1,0,0,0,0,Normal,0
0.020828,tcp,ssh,FIN,106,114,9400,12298,10514.692,3576723.8,4682543.0,26,31,0.203149,0.183782,12.861416,11.709596,255,4196678663,4196995959,255,0.000727,0.000603,0.000124,89,108,0,0,1,1,0,0,0,0,Normal,0
58.684093,ospf,-,INT,74,0,20128,0,1.243949,2706.8323,0.0,0,0,803.8915,0.0,895.5074,0.0,0,0,0,0,0.0,0.0,0.0,272,0,0,0,1,1,0,0,0,0,Fuzzers,1
8e-06,br-sat-mon,-,INT,2,0,200,0,125000.0,100000000.0,0.0,0,0,0.008,0.0,0.0,0.0,0,0,0,0,0.0,0.0,0.0,100,0,0,0,2,2,0,0,0,0,Backdoor,1
0.02257,tcp,-,FIN,16,18,1540,1644,1462.1179,511829.88,550465.25,4,4,1.4842,1.301059,92.492096,2.71817,255,2816687044,2818603722,255,0.000557,0.000446,0.000111,96,91,0,0,6,1,0,0,0,0,Normal,0
4.042907,tcp,-,FIN,16,18,1540,1644,8.162443,2857.3499,3073.0361,4,4,269.5064,251.60812,17180.234,538.49536,255,1299489248,1172671020,255,0.017924,0.017174,0.00075,96,91,0,0,9,1,0,0,0,0,Normal,0
1.78412,tcp,ftp-data,FIN,8,8,364,790,8.407506,1430.3971,3102.9304,1,2,254.77814,243.06271,18360.383,499.5403,255,3024863085,1423886126,255,0.139154,0.082677,0.056477,46,99,0,0,1,1,0,0,0,0,Exploits,1
8e-06,sm,-,INT,2,0,200,0,125000.0,100000000.0,0.0,0,0,0.008,0.0,0.0,0.0,0,0,0,0,0.0,0.0,0.0,100,0,0,0,1,1,0,0,0,0,Backdoor,1
0.83679,tcp,-,FIN,12,10,3050,828,25.095901,26730.72,7132.016,3,2,76.07182,86.02045,4578.0586,141.49327,255,1987577935,3863455700,255,0.112976,0.061918,0.051058,254,83,0,0,1,1,0,0,0,0,Fuzzers,1
0.927914,tcp,http,FIN,12,8,902,1306,20.476034,7129.9707,9854.361,2,2,84.35582,121.39557,4883.216,172.08926,255,3867829043,1107356147,255,0.111248,0.077449,0.033799,75,163,1,250,1,1,0,0,1,0,Analysis,1
0.102628,tcp,-,FIN,16,18,1540,1644,321.54968,112561.875,121058.58,4,4,6.821333,6.382,420.1086,10.080393,255,1589553192,3764602493,255,0.000636,0.000515,0.000121,96,91,0,0,3,1,0,0,0,0,Normal,0
3.277369,tcp,-,FIN,28,30,4256,3080,17.391998,10017.792,7269.2456,7,7,121.370255,112.99458,6420.984,159.95564,255,1877036063,4113719644,255,0.000692,0.000525,0.000167,152,103,0,0,1,1,0,0,0,0,Normal,0
0.001052,udp,dns,CON,2,2,146,178,2851.7112,555133.06,676806.1,0,0,0.009,0.006,0.0,0.0,0,0,0,0,0.0,0.0,0.0,73,89,0,0,2,1,0,0,0,0,Normal,0
1.801753,tcp,-,FIN,16,18,1540,1644,18.315496,6411.5337,6895.507,4,4,120.08487,117.444466,9151.662,213.96982,255,17036386,1224839217,255,0.04025,0.040082,0.000168,96,91,0,0,14,1,0,0,0,0,Normal,0
0.964047,tcp,http,FIN,10,10,812,1142,19.708582,6066.094,8530.704,2,2,107.11633,95.973335,7171.8066,154.08287,255,1692783711,1759039922,255,0.117348,0.065469,0.051879,81,114,1,125,1,1,0,0,1,0,Analysis,1
5e-06,unas,-,INT,2,0,200,0,200000.0,160000000.0,0.0,0,0,0.005,0.0,0.0,0.0,0,0,0,0,0.0,0.0,0.0,100,0,0,0,2,2,0,0,0,0,Analysis,1
1.318514,tcp,-,FIN,16,18,1540,1644,25.028175,8761.378,9422.729,4,4,94.1525,77.5255,6055.5674,149.76872,255,2114466625,3621027667,255,0.078999,0.078105,0.000894,96,91,0,0,13,1,0,0,0,0,Normal,0
0.022582,tcp,-,FIN,16,18,1540,1644,1461.341,511557.88,550172.7,4,4,1.485733,1.298706,93.982765,2.873964,255,667104435,672139235,255,0.000632,0.000501,0.000131,96,91,0,0,6,1,0,0,0,0,Normal,0
6e-06,unas,-,INT,2,0,200,0,166666.66,133333330.0,0.0,0,0,0.006,0.0,0.0,0.0,0,0,0,0,0.0,0.0,0.0,100,0,0,0,2,2,0,0,0,0,Backdoor,1
2.081201,tcp,-,FIN,16,18,1540,1644,15.856229,5550.641,5969.63,4,4,138.72281,122.369064,9788.241,223.80458,255,4127329214,3141363885,255,0.001038,0.000924,0.000114,96,91,0,0,5,1,0,0,0,0,Normal,0
27.286858,tcp,http,FIN,8,10,1052,824,0.623011,270.0201,217.54062,2,2,3895.9673,3031.8052,322916.75,8511.368,255,4102290167,4103575079,255,0.000764,0.000598,0.000166,132,82,1,83,5,1,0,0,4,0,Normal,0
0.816696,tcp,-,FIN,10,6,1112,268,18.366688,9805.362,2194.207,2,1,86.30122,72.796394,5529.1084,95.686104,255,2127305265,3666773416,255,0.498197,0.452711,0.045486,111,45,0,0,1,1,0,0,0,0,Exploits,1
3e-06,tcf,-,INT,2,0,200,0,333333.3,266666660.0,0.0,0,0,0.003,0.0,0.0,0.0,0,0,0,0,0.0,0.0,0.0,100,0,0,0,2,2,0,0,0,0,Backdoor,1
0.401841,tcp,-,FIN,16,18,1540,1644,82.12203,28747.688,30917.7,4,4,26.7684,23.608528,1623.2377,43.72677,255,749558793,3029596557,255,0.000607,0.000495,0.000112,96,91,0,0,10,1,0,0,0,0,Normal,0
0.01939,tcp,-,FIN,16,18,1540,1644,1701.9082,595771.0,640742.6,4,4,1.271667,1.113177,77.27487,2.307691,255,1194585875,3344145877,255,0.000578,0.000463,0.000115,96,91,0,0,6,1,0,0,0,0,Normal,0
1.929909,tcp,-,FIN,78,80,4550,72810,81.35098,18620.566,298045.16,7,33,25.389462,24.421177,1646.4,1615.4675,255,7096947,7398976,255,0.000788,0.000627,0.000161,58,910,0,0,1,1,0,0,0,0,Normal,0
0.971701,tcp,-,FIN,12,8,1112,742,19.553339,8397.645,5351.4404,3,2,88.32472,126.81743,4627.1543,191.78291,255,1289900866,226160078,255,0.16571,0.083976,0.081734,93,93,0,0,1,1,0,0,0,0,Fuzzers,1
15.82217,tcp,-,FIN,28,30,4656,3080,3.60254,2270.2322,1505.7352,7,7,585.99194,545.5724,61315.832,1792.9043,255,1479488232,1482713318,255,0.000697,0.000567,0.00013,166,103,0,0,1,1,0,0,0,0,Normal,0
11.471816,tcp,-,FIN,16,18,1272,2572,2.876615,831.95197,1694.5879,4,4,764.7645,714.22833,51157.348,1367.4512,255,3786611709,1663439273,255,0.044331,0.044154,0.000177,80,143,0,0,3,1,0,0,0,0,Normal,0
4.709302,tcp,-,FIN,40,40,2542,18508,16.77531,4211.2397,30655.924,7,13,120.74321,123.8905,7487.7285,205.43968,255,2987323285,2029935895,255,0.001608,0.00146,0.000148,64,463,0,0,1,1,0,0,0,0,Normal,0
5e-06,sprite-rpc,-,INT,2,0,200,0,200000.0,160000000.0,0.0,0,0,0.005,0.0,0.0,0.0,0,0,0,0,0.0,0.0,0.0,100,0,0,0,2,2,0,0,0,0,Backdoor,1
1.561667,tcp,-,FIN,60,14,68181,612,46.744923,343453.5,2914.834,27,1,26.468933,109.822075,2661.5127,174.81564,255,1674651173,182044998,255,0.229253,0.13357,0.095683,1136,44,1,0,1,1,0,0,1,0,Fuzzers,1
1.507483,tcp,-,FIN,40,40,2542,18508,52.405235,13155.704,95767.58,7,13,38.645054,38.608257,2387.8906,64.49827,255,1252002628,3177534457,255,0.001881,0.001757,0.000124,64,463,0,0,1,1,0,0,0,0,Normal,0
0.000953,udp,dns,CON,2,2,146,178,3147.9539,612801.7,747114.4,0,0,0.001,0.006,0.0,0.0,0,0,0,0,0.0,0.0,0.0,73,89,0,0,1,1,0,0,0,0,Normal,0
0.394325,tcp,-,FIN,10,6,534,268,38.03969,9758.448,4544.475,2,1,41.168,65.245,2194.7795,97.81122,255,433146084,713507480,255,0.1341,0.068091,0.066009,53,45,0,0,1,1,0,0,0,0,Fuzzers,1
1.567031,tcp,-,FIN,16,18,1540,1644,21.058931,7371.9023,7928.3687,4,4,104.39893,89.82412,7454.282,177.40982,255,889423060,3190223596,255,0.040251,0.040019,0.000232,96,91,0,0,5,1,0,0,0,0,Normal,0
0.950699,tcp,-,FIN,16,18,1540,1644,34.711304,12151.06,13068.279,4,4,63.357265,51.202175,4062.6064,137.65694,255,1432008419,3307833693,255,0.080429,0.080257,0.000172,96,91,0,0,15,1,0,0,0,0,Normal,0
0.921728,tcp,ftp,FIN,22,14,17352,768,37.972157,143764.75,6197.0557,8,4,43.891808,63.869152,3295.3992,96.15312,255,3422654858,1022150064,255,0.161498,0.090672,0.070826,789,55,0,0,1,1,0,0,0,0,Fuzzers,1
27.286858,tcp,http,FIN,8,10,1052,824,0.623011,270.0201,217.54062,2,2,3895.9673,3031.8052,322916.75,8511.368,255,4102290167,4103575079,255,0.000764,0.000598,0.000166,132,82,1,83,1,1,0,0,4,0,Normal,0
8e-06,unas,-,INT,2,0,200,0,125000.0,100000000.0,0.0,0,0,0.008,0.0,0.0,0.0,0,0,0,0,0.0,0.0,0.0,100,0,0,0,2,2,0,0,0,0,Backdoor,1
0.957034,tcp,-,FIN,22,10,17758,808,32.391743,141696.11,6085.4683,8,2,45.573048,98.06111,3489.1177,141.43832,255,734311147,1589000293,255,0.122074,0.073707,0.048367,807,81,0,0,1,1,0,0,0,0,Fuzzers,1
1.697499,tcp,-,FIN,16,18,1540,1644,19.440365,6805.3057,7319.0024,4,4,113.142204,99.459,8407.238,263.53186,255,244521105,3238223501,255,0.00688,0.006676,0.000204,96,91,0,0,11,1,0,0,0,0,Normal,0
9e-06,unas,-,INT,2,0,200,0,111111.11,88888890.0,0.0,0,0,0.009,0.0,0.0,0.0,0,0,0,0,0.0,0.0,0.0,100,0,0,0,4,4,0,0,0,0,Analysis,1
0.170443,tcp,-,FIN,30,42,2302,34406,416.56155,104480.68,1576456.6,5,15,6.074643,4.145732,316.79257,268.98038,255,1469551992,1482907814,255,0.000586,0.000463,0.000123,77,819,0,0,5,1,0,0,0,0,Normal,0
0.987074,tcp,-,FIN,12,8,1040,704,19.24881,7731.943,4992.533,3,2,87.60691,135.45287,5374.701,234.90947,255,3710586299,2335064510,255,0.106837,0.0389,0.067937,87,88,0,0,1,1,0,0,0,0,Fuzzers,1
3.197673,tcp,-,FIN,38,40,2438,18508,24.08001,5939.319,45147.83,7,13,86.41213,81.97303,6493.0615,6317.4717,255,2089421982,294068856,255,0.000869,0.000721,0.000148,64,463,0,0,1,1,0,0,0,0,Normal,0
9e-06,sdrp,-,INT,2,0,200,0,111111.11,88888890.0,0.0,0,0,0.009,0.0,0.0,0.0,0,0,0,0,0.0,0.0,0.0,100,0,0,0,1,1,0,0,0,0,Backdoor,1
0.00124,udp,dns,CON,2,2,146,178,2419.3547,470967.75,574193.56,0,0,0.009,0.007,0.0,0.0,0,0,0,0,0.0,0.0,0.0,73,89,0,0,1,1,0,0,0,0,Normal,0
0.101146,udp,-,CON,4,4,520,304,69.206894,30846.5,18033.338,0,0,28.35,29.328335,40.082348,41.469456,0,0,0,0,0.0,0.0,0.0,130,76,0,0,1,1,0,0,0,0,Normal,0
8e-06,secure-vmtp,-,INT,2,0,200,0,125000.0,100000000.0,0.0,0,0,0.008,0.0,0.0,0.0,0,0,0,0,0.0,0.0,0.0,100,0,0,0,1,1,0,0,0,0,Backdoor,1
0.918765,tcp,-,FIN,42,42,2662,23162,90.33866,22630.379,196881.69,7,14,22.961824,22.395609,1386.335,37.088135,255,4146615484,1374842210,255,0.000623,0.000541,8.2e-05,63,551,0,0,1,1,0,0,0,0,Normal,0
9e-06,unas,-,INT,2,0,200,0,111111.11,88888890.0,0.0,0,0,0.009,0.0,0.0,0.0,0,0,0,0,0.0,0.0,0.0,100,0,0,0,2,2,0,0,0,0,Backdoor,1
1.1e-05,udp,-,INT,2,0,1688,0,90909.09,613818200.0,0.0,0,0,0.011,0.0,0.0,0.0,0,0,0,0,0.0,0.0,0.0,844,0,0,0,9,1,0,0,0,0,Normal,0
22.28198,tcp,http,FIN,8,10,1052,824,0.762948,330.67078,266.4036,2,2,3179.5386,2475.7146,264454.2,6992.8184,255,2691517217,543129871,255,0.000689,0.00054,0.000149,132,82,1,83,1,1,0,0,1,0,Normal,0
0.899021,tcp,-,FIN,10,8,574,354,18.909458,4600.5596,2758.5562,2,1,88.664665,109.578285,5237.846,184.44449,255,2004349413,2233131832,255,0.309315,0.131972,0.177343,57,44,0,0,1,1,0,0,0,0,Fuzzers,1
2.859252,tcp,-,FIN,16,18,1540,1644,11.54148,4040.2175,4345.1924,4,4,204.20914,177.88469,16980.668,392.60175,255,17039021,1184635984,255,0.013902,0.013096,0.000806,96,91,0,0,12,1,0,0,0,0,Normal,0
0.53023,tcp,-,FIN,12,8,1450,710,35.833508,20066.764,9384.606,3,2,45.67373,67.51486,2321.9482,88.835724,255,2667575994,2098846088,255,0.124597,0.057621,0.066976,121,89,0,0,1,1,0,0,0,0,Fuzzers,1
1.159,tcp,-,FIN,16,18,1540,1644,28.47282,9967.213,10719.586,4,4,77.19387,65.05853,6615.775,134.32083,255,1646976834,3432629164,255,0.084891,0.053004,0.031887,96,91,0,0,14,1,0,0,0,0,Normal,0
0.025886,tcp,-,FIN,16,18,1540,1644,1274.8204,446264.4,479950.56,4,4,1.703667,1.495765,114.29383,2.786866,255,3056684992,3061017155,255,0.000729,0.000455,0.000274,96,91,0,0,6,1,0,0,0,0,Normal,0
8e-06,unas,-,INT,2,0,200,0,125000.0,100000000.0,0.0,0,0,0.008,0.0,0.0,0.0,0,0,0,0,0.0,0.0,0.0,100,0,0,0,2,2,0,0,0,0,Analysis,1
0.00109,udp,dns,CON,2,2,132,164,2752.2935,484403.66,601834.8,0,0,0.005,0.007,0.0,0.0,0,0,0,0,0.0,0.0,0.0,66,82,0,0,2,1,0,0,0,0,Normal,0
34.455128,tcp,ftp,FIN,30,24,1610,1364,1.538233,361.51367,303.69934,10,16,1185.7156,1495.6804,187570.94,6498.8564,255,2135145430,2861698135,255,0.114631,0.05448,0.060151,54,57,0,0,2,2,2,2,0,0,Fuzzers,1
8e-06,vmtp,-,INT,2,0,200,0,125000.0,100000000.0,0.0,0,0,0.008,0.0,0.0,0.0,0,0,0,0,0.0,0.0,0.0,100,0,0,0,1,1,0,0,0,0,Backdoor,1
0.89836,tcp,ftp,FIN,14,12,810,682,27.828487,6705.5522,5574.6025,4,4,66.38115,75.4409,3435.4805,89.63852,255,574607446,2732394633,255,0.124201,0.068507,0.055694,58,57,0,0,1,1,1,1,0,0,Fuzzers,1
0.380537,tcp,-,FIN,10,6,534,268,39.41798,10112.025,4709.135,2,1,39.92878,52.241,2223.7302,82.5505,255,3984155503,1796040391,255,0.172934,0.119331,0.053603,53,45,0,0,2,1,0,0,0,0,Normal,0
1.673507,tcp,-,FIN,28,28,4160,3460,32.865116,19178.887,15952.13,11,11,61.981743,60.982742,3190.6042,82.48327,255,3178147768,1236558509,255,0.084224,0.02621,0.058014,149,124,0,0,1,1,0,0,0,0,Normal,0
0.746207,tcp,-,FIN,10,6,756,268,20.101662,7300.9233,2401.4785,2,1,76.346886,118.122,3999.0916,170.88797,255,1128722770,1391035851,255,0.235873,0.155588,0.080285,76,45,0,0,1,1,0,0,0,0,Fuzzers,1
0.720712,tcp,http,FIN,10,8,798,1064,23.587786,7980.9966,10334.225,2,2,80.07911,92.15957,4374.7935,139.95416,255,2110372036,2728827886,255,0.159962,0.07495,0.085012,80,133,1,141,3,3,0,0,9,0,Analysis,1
4e-06,udp,-,INT,2,0,104,0,250000.0,104000000.0,0.0,0,0,0.004,0.0,0.0,0.0,0,0,0,0,0.0,0.0,0.0,52,0,0,0,2,1,0,0,0,0,Fuzzers,1
1.73978,tcp,-,FIN,10,8,564,354,9.771351,2335.9275,1425.4677,2,1,186.95412,234.68842,12659.687,340.4944,255,3457125783,2990468017,255,0.202569,0.096958,0.105611,56,44,0,0,1,1,0,0,0,0,Reconnaissance,1
1.847537,tcp,-,FIN,60,16,68183,698,40.594585,290319.47,2836.2083,27,1,31.310509,114.37327,3071.8345,185.5494,255,1640050517,2193963871,255,0.267215,0.131929,0.135286,1136,44,1,0,4,2,0,0,4,0,Fuzzers,1
1.590828,tcp,-,FIN,16,18,1540,1644,20.743916,7261.6274,7809.77,4,4,106.03147,91.71758,7714.037,156.73111,255,541937823,3315620673,255,0.032433,0.031626,0.000807,96,91,0,0,9,1,0,0,0,0,Normal,0
8e-06,udp,-,INT,2,0,190,0,125000.0,95000000.0,0.0,0,0,0.008,0.0,0.0,0.0,0,0,0,0,0.0,0.0,0.0,95,0,0,0,2,1,0,0,0,0,Fuzzers,1
0.436945,tcp,http,FIN,10,8,826,1322,38.906498,13621.852,21183.445,2,2,48.549442,54.81057,2453.914,67.455414,255,1368466066,3949261590,255,0.105227,0.05286,0.052367,83,165,1,258,1,1,0,0,1,0,Analysis,1
45.03731,ospf,-,INT,42,0,18480,0,0.910356,3204.454,0.0,0,0,1098.471,0.0,1384.7267,0.0,0,0,0,0,0.0,0.0,0.0,440,0,0,0,1,1,0,0,0,0,Fuzzers,1
0.016252,tcp,-,FIN,16,18,1540,1644,2030.5193,710804.8,764459.75,4,4,1.0624,0.986938,75.41688,1.746542,255,3824171060,1680695475,255,0.000569,0.000456,0.000113,96,91,0,0,5,1,0,0,0,0,Normal,0
1.944026,tcp,-,FIN,78,80,4550,72810,80.76024,18485.35,295880.8,7,33,25.243038,24.916538,1430.4396,1421.4104,255,1902063887,1902333577,255,0.000659,0.000535,0.000124,58,910,0,0,1,1,0,0,0,0,Normal,0
4e-06,udp,-,INT,2,0,104,0,250000.0,104000000.0,0.0,0,0,0.004,0.0,0.0,0.0,0,0,0,0,0.0,0.0,0.0,52,0,0,0,4,1,0,0,0,0,Fuzzers,1
5e-06,udp,-,INT,2,0,200,0,200000.0,160000000.0,0.0,0,0,0.005,0.0,0.0,0.0,0,0,0,0,0.0,0.0,0.0,100,0,0,0,2,1,0,0,0,0,Fuzzers,1
6e-06,unas,-,INT,2,0,200,0,166666.66,133333330.0,0.0,0,0,0.006,0.0,0.0,0.0,0,0,0,0,0.0,0.0,0.0,100,0,0,0,3,3,0,0,0,0,Backdoor,1
1.1e-05,udp,-,INT,2,0,1298,0,90909.09,472000000.0,0.0,0,0,0.011,0.0,0.0,0.0,0,0,0,0,0.0,0.0,0.0,649,0,0,0,6,1,0,0,0,0,Normal,0
9e-06,udp,-,INT,2,0,168,0,111111.11,74666664.0,0.0,0,0,0.009,0.0,0.0,0.0,0,0,0,0,0.0,0.0,0.0,84,0,0,0,1,1,0,0,0,0,Reconnaissance,1
1.215385,tcp,-,FIN,16,18,1540,1644,27.151892,9504.808,10222.275,4,4,80.99847,75.89413,8659.73,194.75916,255,1129434566,1034034282,255,0.001278,0.001076,0.000202,96,91,0,0,13,1,0,0,0,0,Normal,0
0.958551,tcp,-,FIN,10,6,994,268,15.64862,7469.608,1869.4884,2,1,104.04889,172.1016,5490.865,291.96924,255,710197831,208365120,255,0.21396,0.098027,0.115933,99,45,0,0,2,1,0,0,0,0,Fuzzers,1
0.707596,tcp,-,FIN,16,18,1540,1644,46.63678,16325.7,17558.041,4,4,47.152534,41.557117,3504.6514,110.35122,255,209552680,2793786542,255,0.001247,0.00112,0.000127,96,91,0,0,15,1,0,0,0,0,Normal,0
0.035845,tcp,-,FIN,122,126,7816,15132,6890.78,1730115.8,3350425.5,30,32,0.31683,0.283024,20.442335,16.141474,255,4244163645,2095531042,255,0.000589,0.000464,0.000125,64,120,0,0,1,1,0,0,0,0,Normal,0
0.001038,udp,dns,CON,2,2,132,164,2890.1733,508670.53,631984.56,0,0,0.008,0.007,0.0,0.0,0,0,0,0,0.0,0.0,0.0,66,82,0,0,2,1,0,0,0,0,Normal,0
20.919142,tcp,-,FIN,78,80,4550,72810,7.505088,1717.8525,27496.348,7,33,282.68668,264.7912,67846.98,66174.29,255,2764031337,614787435,255,0.000761,0.000627,0.000134,58,910,0,0,1,1,0,0,0,0,Normal,0
4e-06,qnx,-,INT,2,0,200,0,250000.0,200000000.0,0.0,0,0,0.004,0.0,0.0,0.0,0,0,0,0,0.0,0.0,0.0,100,0,0,0,2,2,0,0,0,0,Exploits,1
0.789855,tcp,-,FIN,12,8,1058,718,24.055048,9824.588,6370.7896,3,2,68.40455,97.84429,3658.7068,152.942,255,4234141314,3902800039,255,0.174343,0.104935,0.069408,88,90,0,0,1,1,0,0,0,0,Fuzzers,1
0.001081,udp,dns,CON,2,2,132,164,2775.2083,488436.66,606845.56,0,0,0.009,0.007,0.0,0.0,0,0,0,0,0.0,0.0,0.0,66,82,0,0,1,1,0,0,0,0,Normal,0
2.903183,tcp,-,FIN,16,18,1540,1644,11.366834,3979.0808,4279.441,4,4,193.49113,191.85594,12787.037,323.47565,255,1624522638,1095246135,255,0.082091,0.025338,0.056753,96,91,0,0,12,1,0,0,0,0,Normal,0
1.862189,tcp,-,FIN,40,42,2558,23162,43.497196,10718.568,97137.29,7,14,47.740463,45.406025,0.0,2913.3938,255,3322299132,2649431196,255,0.000675,0.000537,0.000138,64,551,0,0,1,1,0,0,0,0,Normal,0
43.54157,tcp,http,FIN,360,746,19202,1087890,25.378048,3518.293,199612.83,2,370,121.28484,58.44425,46460.844,32274.723,255,1416915617,1418311566,255,0.000813,0.000621,0.000192,53,1458,1,524288,1,1,0,0,1,0,Normal,0
35.776756,tcp,-,FIN,24,26,2024,4416,1.369604,433.8012,949.6669,6,6,1555.496,1431.0438,177647.72,5195.154,255,2331514016,2331845005,255,0.000794,0.000651,0.000143,84,170,0,0,2,1,0,0,0,0,Normal,0
2.300005,tcp,-,FIN,28,42,2198,34406,29.999935,7373.897,116824.09,5,15,88.44888,53.97105,5693.0938,4692.842,255,2101938913,1001633803,255,0.088977,0.087182,0.001795,79,819,0,0,5,1,0,0,0,0,Normal,0
0.490007,tcp,-,FIN,10,6,588,268,30.611807,8652.9375,3657.0906,2,1,52.144554,90.0348,2905.7607,141.56642,255,3604947066,1573132274,255,0.132104,0.039829,0.092275,59,45,0,0,2,1,0,0,0,0,Fuzzers,1
0.897025,tcp,-,FIN,10,8,564,354,18.951534,4530.5317,2764.6943,2,1,97.42267,117.74129,6506.103,160.25873,255,1275577232,2671861376,255,0.150498,0.072835,0.077663,56,44,0,0,1,1,0,0,0,0,Reconnaissance,1
2.067415,tcp,-,FIN,16,18,1540,1644,15.961962,5587.6543,6009.437,4,4,147.64499,128.33182,10268.587,236.84816,255,2032006076,3190817166,255,0.014971,0.014105,0.000866,96,91,0,0,15,1,0,0,0,0,Normal,0
9e-06,udp,-,INT,2,0,104,0,111111.11,46222220.0,0.0,0,0,0.009,0.0,0.0,0.0,0,0,0,0,0.0,0.0,0.0,52,0,0,0,2,1,0,0,0,0,Fuzzers,1
5.535771,tcp,http,FIN,8,10,1052,824,3.070936,1330.98,1072.2987,2,2,789.54675,615.02313,64496.125,1696.7252,255,4121584103,1973107493,255,0.000701,0.000559,0.000142,132,82,1,83,8,1,0,0,1,0,Normal,0
5e-06,srp,-,INT,2,0,200,0,200000.0,160000000.0,0.0,0,0,0.005,0.0,0.0,0.0,0,0,0,0,0.0,0.0,0.0,100,0,0,0,2,2,0,0,0,0,Backdoor,1
0.790022,tcp,-,FIN,12,10,1058,844,26.581537,9822.511,7695.9883,3,2,68.65919,78.708,4328.9116,112.15174,255,3504917812,2718459960,255,0.126028,0.081646,0.044382,88,84,0,0,1,1,0,0,0,0,Fuzzers,1
5e-06,pri-enc,-,INT,2,0,200,0,200000.0,160000000.0,0.0,0,0,0.005,0.0,0.0,0.0,0,0,0,0,0.0,0.0,0.0,100,0,0,0,1,1,0,0,0,0,Backdoor,1
0.909381,tcp,-,FIN,16,18,1540,1644,36.28842,12703.146,13662.041,4,4,60.604603,53.463882,5199.5957,98.83248,255,1024519605,3337430924,255,0.000979,0.000489,0.00049,96,91,0,0,5,1,0,0,0,0,Normal,0
9e-06,unas,-,INT,2,0,200,0,111111.11,88888890.0,0.0,0,0,0.009,0.0,0.0,0.0,0,0,0,0,0.0,0.0,0.0,100,0,0,0,3,3,0,0,0,0,Analysis,1
0.46021,udp,-,CON,4,4,568,304,15.210448,7405.315,3963.408,0,0,148.34132,87.627,209.77925,123.91056,0,0,0,0,0.0,0.0,0.0,142,76,0,0,1,1,0,0,0,0,Normal,0
1.23469,tcp,-,FIN,16,18,1540,1644,26.727358,9356.195,10062.445,4,4,88.16957,72.561356,5915.0483,134.82585,255,3587327189,1034044776,255,0.00197,0.001146,0.000824,96,91,0,0,13,1,0,0,0,0,Normal,0
8e-06,fc,-,INT,2,0,200,0,125000.0,100000000.0,0.0,0,0,0.008,0.0,0.0,0.0,0,0,0,0,0.0,0.0,0.0,100,0,0,0,2,2,0,0,0,0,Backdoor,1
0.015255,tcp,-,FIN,16,18,1540,1644,2163.225,757259.9,814421.5,4,4,0.995667,0.868588,66.2835,1.609834,255,3224169838,1080690827,255,0.001167,0.000483,0.000684,96,91,0,0,6,1,0,0,0,0,Normal,0
1.5336,tcp,-,FIN,16,18,1540,1644,21.517998,7532.603,8101.1997,4,4,102.219,83.498116,6832.2812,176.5148,255,3934807505,3468629805,255,0.114983,0.114124,0.000859,96,91,0,0,5,1,0,0,0,0,Normal,0
0.02548,tcp,-,FIN,16,18,1540,1644,1295.1334,453375.2,487598.12,4,4,1.676467,1.564,104.576744,2.689029,255,1889556423,4040306795,255,0.000567,0.000452,0.000115,96,91,0,0,3,1,0,0,0,0,Normal,0
0.637109,tcp,-,FIN,10,8,534,354,26.683033,6039.783,3892.5837,2,1,68.26778,81.13771,4286.8286,119.42272,255,1787309226,1767180493,255,0.143337,0.069136,0.074201,53,44,0,0,1,1,0,0,0,0,Normal,0
0.14874,tcp,-,FIN,16,18,1540,1644,221.86366,77665.73,83528.305,4,4,9.895267,9.224562,631.4239,16.94429,255,3379136060,3398615052,255,0.001932,0.001138,0.000794,96,91,0,0,9,1,0,0,0,0,Normal,0
8e-06,unas,-,INT,2,0,200,0,125000.0,100000000.0,0.0,0,0,0.008,0.0,0.0,0.0,0,0,0,0,0.0,0.0,0.0,100,0,0,0,2,2,0,0,0,0,Analysis,1
8e-06,unas,-,INT,2,0,200,0,125000.0,100000000.0,0.0,0,0,0.008,0.0,0.0,0.0,0,0,0,0,0.0,0.0,0.0,100,0,0,0,3,3,0,0,0,0,Analysis,1
0.653005,tcp,-,FIN,30,42,2302,34406,108.72811,27270.848,411476.2,5,15,22.504965,15.914805,1594.618,1394.5216,255,2894942233,2946201246,255,0.000603,0.000489,0.000114,77,819,0,0,10,1,0,0,0,0,Normal,0
39.666687,arp,-,CON,2,2,56,92,0.07563,5.647056,9.277307,0,0,39666.52,39666.574,0.0,12.596281,0,0,0,0,0.0,0.0,0.0,28,46,0,0,1,1,0,0,0,0,Normal,0
3e-06,unas,-,INT,2,0,200,0,333333.3,266666660.0,0.0,0,0,0.003,0.0,0.0,0.0,0,0,0,0,0.0,0.0,0.0,100,0,0,0,4,4,0,0,0,0,Analysis,1
4.131323,tcp,-,FIN,38,40,2438,18508,18.638098,4597.0747,34944.74,7,13,114.750275,105.91826,6947.511,6673.821,255,4156551050,993918373,255,0.000625,0.000507,0.000118,64,463,0,0,1,1,0,0,0,0,Normal,0
7e-06,udp,-,INT,2,0,212,0,142857.14,121142856.0,0.0,0,0,0.007,0.0,0.0,0.0,0,0,0,0,0.0,0.0,0.0,106,0,0,0,1,1,0,0,0,0,Shellcode,1
0.311889,tcp,-,FIN,10,6,756,268,48.094036,17467.754,5745.634,2,1,31.177778,50.2894,1768.0573,68.37844,255,3774215976,3850678265,255,0.1377,0.060434,0.077266,76,45,0,0,2,1,0,0,0,0,Fuzzers,1
1.1e-05,udp,-,INT,2,0,2126,0,90909.09,773090900.0,0.0,0,0,0.011,0.0,0.0,0.0,0,0,0,0,0.0,0.0,0.0,1063,0,0,0,9,1,0,0,0,0,Normal,0
8e-06,unas,-,INT,2,0,200,0,125000.0,100000000.0,0.0,0,0,0.008,0.0,0.0,0.0,0,0,0,0,0.0,0.0,0.0,100,0,0,0,5,5,0,0,0,0,Backdoor,1
1.1e-05,udp,-,INT,2,0,1660,0,90909.09,603636350.0,0.0,0,0,0.011,0.0,0.0,0.0,0,0,0,0,0.0,0.0,0.0,830,0,0,0,7,1,0,0,0,0,Normal,0
6e-06,unas,-,INT,2,0,200,0,166666.66,133333330.0,0.0,0,0,0.006,0.0,0.0,0.0,0,0,0,0,0.0,0.0,0.0,100,0,0,0,2,2,0,0,0,0,Backdoor,1
1e-05,udp,-,INT,2,0,1504,0,100000.0,601600000.0,0.0,0,0,0.01,0.0,0.0,0.0,0,0,0,0,0.0,0.0,0.0,752,0,0,0,4,1,0,0,0,0,Fuzzers,1
6.088446,tcp,-,FIN,22,24,1920,4312,7.391048,2408.4963,5430.614,6,6,289.9087,264.69485,18275.781,17445.094,255,1782063626,1782265902,255,0.000589,0.000458,0.000131,87,180,0,0,2,1,0,0,0,0,Normal,0
1.482555,tcp,-,FIN,10,8,564,354,11.466691,2741.2136,1672.7878,2,1,164.628,197.21185,9286.284,322.3371,255,3943856654,1046347990,255,0.211791,0.102063,0.109728,56,44,0,0,1,1,0,0,0,0,Reconnaissance,1
5e-06,unas,-,INT,2,0,200,0,200000.0,160000000.0,0.0,0,0,0.005,0.0,0.0,0.0,0,0,0,0,0.0,0.0,0.0,100,0,0,0,4,4,0,0,0,0,Analysis,1
8e-06,unas,-,INT,2,0,200,0,125000.0,100000000.0,0.0,0,0,0.008,0.0,0.0,0.0,0,0,0,0,0.0,0.0,0.0,100,0,0,0,2,2,0,0,0,0,Analysis,1
9e-06,unas,-,INT,2,0,200,0,111111.11,88888890.0,0.0,0,0,0.009,0.0,0.0,0.0,0,0,0,0,0.0,0.0,0.0,100,0,0,0,4,4,0,0,0,0,Analysis,1
14.920791,tcp,http,FIN,8,10,1052,824,1.13935,493.80762,397.83414,2,2,2131.3877,1657.802,176732.38,4654.5776,255,2776552352,628143848,255,0.000727,0.000569,0.000158,132,82,1,83,8,1,0,0,4,0,Normal,0
0.628406,tcp,-,FIN,12,8,996,718,30.235231,11623.06,8007.562,3,2,57.12782,72.547714,2878.9866,105.799065,255,3006836214,3349658404,255,0.208197,0.09724,0.110957,83,90,0,0,2,1,0,0,0,0,Fuzzers,1
15.867305,tcp,-,FIN,22,24,1920,4312,2.83602,924.1645,2083.7817,6,6,755.54535,755.55524,91723.31,91728.64,255,339482946,2489407082,255,0.000762,0.000633,0.000129,87,180,0,0,1,1,0,0,0,0,Normal,0
0.074975,tcp,-,FIN,16,18,1540,1644,440.14673,154078.03,165708.58,4,4,4.976867,4.380824,385.3335,12.823102,255,1649555465,3813197049,255,0.000621,0.0005,0.000121,96,91,0,0,4,1,0,0,0,0,Normal,0
1.636493,tcp,-,FIN,16,18,1540,1644,20.165073,7058.9976,7591.844,4,4,109.025734,95.408936,8362.361,195.02858,255,2394104518,1238045957,255,0.015487,0.014537,0.00095,96,91,0,0,13,1,0,0,0,0,Normal,0
40.294174,tcp,-,FIN,66,66,3910,51808,3.25109,764.577,10130.298,7,26,639.5847,619.90076,104643.234,3208.9658,255,2858998131,709749084,255,0.000764,0.000611,0.000153,59,785,0,0,1,1,0,0,0,0,Normal,0
0.008028,tcp,ftp-data,FIN,14,6,8928,320,2366.7166,8262083.0,266068.78,4,1,0.617538,1.4848,35.04293,2.662175,255,1914586676,4075898413,255,0.000607,0.000483,0.000124,638,53,0,0,1,1,0,0,0,0,Normal,0
0.668636,tcp,-,FIN,10,8,756,354,25.424894,8147.9307,3709.0435,2,1,64.46756,87.48043,4287.67,128.21669,255,104800993,2191416921,255,0.126088,0.056269,0.069819,76,44,0,0,2,1,0,0,0,0,Fuzzers,1
1.2e-05,udp,-,INT,2,0,1774,0,83333.33,591333300.0,0.0,0,0,0.012,0.0,0.0,0.0,0,0,0,0,0.0,0.0,0.0,887,0,0,0,5,1,0,0,0,0,Normal,0
1e-05,udp,-,INT,2,0,104,0,100000.0,41600000.0,0.0,0,0,0.01,0.0,0.0,0.0,0,0,0,0,0.0,0.0,0.0,52,0,0,0,1,1,0,0,0,0,Fuzzers,1
43.72161,tcp,http,FIN,362,746,19306,1087890,25.319286,3522.8345,198790.84,2,370,121.111664,58.685978,45017.51,31360.086,255,4046493277,4043598327,255,0.00073,0.000566,0.000164,53,1458,1,524288,1,1,0,0,1,0,Normal,0
6e-06,udp,-,INT,2,0,104,0,166666.66,69333330.0,0.0,0,0,0.006,0.0,0.0,0.0,0,0,0,0,0.0,0.0,0.0,52,0,0,0,2,1,0,0,0,0,Fuzzers,1
0.445172,tcp,-,FIN,12,8,3044,744,42.68013,50155.895,11698.849,3,2,39.135002,53.993,2020.8822,77.45387,255,2702528926,653691149,255,0.118288,0.067212,0.051076,254,93,0,0,2,1,0,0,0,0,Fuzzers,1
1.1e-05,udp,-,INT,2,0,742,0,90909.09,269818180.0,0.0,0,0,0.011,0.0,0.0,0.0,0,0,0,0,0.0,0.0,0.0,371,0,0,0,8,1,0,0,0,0,Normal,0
0.788643,tcp,http,FIN,60,14,68195,612,92.564064,680246.94,5771.94,27,1,13.126118,55.42523,1366.1119,67.38284,255,334597377,633720344,255,0.10582,0.068111,0.037709,1137,44,1,0,1,1,0,0,1,0,Fuzzers,1
0.193383,tcp,http,FIN,10,6,864,268,77.566284,32184.836,9266.585,2,1,19.142555,37.2878,1024.1589,61.7256,255,542287546,1908671016,255,0.053563,0.006935,0.046628,86,45,1,0,2,1,0,0,1,0,Reconnaissance,1
0.87289,tcp,-,FIN,12,8,1232,702,21.766775,10356.402,5636.449,3,2,74.51137,112.02643,4253.4,141.17368,255,3833275218,524431222,255,0.154315,0.088697,0.065618,103,88,0,0,1,1,0,0,0,0,Fuzzers,1
3.79923,tcp,-,FIN,16,18,1540,1644,8.68597,3040.616,3270.1362,4,4,253.25967,222.0137,16230.159,533.6296,255,3204878133,1346643548,255,0.025877,0.024994,0.000883,96,91,0,0,6,1,0,0,0,0,Normal,0
59.469406,ospf,-,REQ,80,0,8640,0,1.328414,1147.7499,0.0,0,0,794.2588,0.0,978.9228,0.0,0,0,0,0,0.0,0.0,0.0,108,0,0,0,1,1,0,0,0,0,Exploits,1
2.560419,tcp,-,FIN,40,42,2558,23162,31.635447,7795.5986,70647.81,7,14,65.64338,62.437122,0.0,3615.5874,255,52002396,3072553764,255,0.0006,0.000492,0.000108,64,551,0,0,1,1,0,0,0,0,Normal,0
9e-06,udp,-,INT,2,0,400,0,111111.11,177777780.0,0.0,0,0,0.009,0.0,0.0,0.0,0,0,0,0,0.0,0.0,0.0,200,0,0,0,6,1,0,0,0,0,Fuzzers,1
1.177258,tcp,-,FIN,58,14,68099,612,60.309635,454785.6,3866.612,26,1,19.987455,85.488235,1942.9907,104.77019,255,1650051389,2367563635,255,0.132272,0.065909,0.066363,1174,44,1,0,1,1,0,0,1,0,Fuzzers,1
0.79576,tcp,-,FIN,12,8,539,444,23.876547,4976.375,3910.727,2,2,72.34182,106.19343,4539.2656,173.62613,255,2844366189,2087764447,255,0.096011,0.034645,0.061366,45,56,0,0,1,1,0,0,0,0,Backdoor,1
1.1e-05,udp,-,INT,2,0,2120,0,90909.09,770909060.0,0.0,0,0,0.011,0.0,0.0,0.0,0,0,0,0,0.0,0.0,0.0,1060,0,0,0,7,2,0,0,0,0,Normal,0
8e-06,unas,-,INT,2,0,200,0,125000.0,100000000.0,0.0,0,0,0.008,0.0,0.0,0.0,0,0,0,0,0.0,0.0,0.0,100,0,0,0,2,2,0,0,0,0,Analysis,1
0.0193,tcp,-,FIN,16,18,1540,1644,1709.8445,598549.2,643730.56,4,4,1.264467,1.108765,77.55153,2.249342,255,2649200663,505545388,255,0.00056,0.000446,0.000114,96,91,0,0,4,1,0,0,0,0,Normal,0
9e-06,unas,-,INT,2,0,200,0,111111.11,88888890.0,0.0,0,0,0.009,0.0,0.0,0.0,0,0,0,0,0.0,0.0,0.0,100,0,0,0,2,2,0,0,0,0,Backdoor,1
7e-06,narp,-,INT,2,0,200,0,142857.14,114285710.0,0.0,0,0,0.007,0.0,0.0,0.0,0,0,0,0,0.0,0.0,0.0,100,0,0,0,3,3,0,0,0,0,Backdoor,1
1.029348,tcp,-,FIN,60,14,68185,612,70.91868,521098.78,4422.217,27,1,17.446577,71.79846,1645.1989,96.78259,255,1322243840,1462727033,255,0.148203,0.079567,0.068636,1136,44,1,0,1,1,0,0,1,0,Fuzzers,1
8e-06,udp,-,INT,2,0,104,0,125000.0,52000000.0,0.0,0,0,0.008,0.0,0.0,0.0,0,0,0,0,0.0,0.0,0.0,52,0,0,0,1,1,0,0,0,0,Fuzzers,1
0.576755,tcp,-,FIN,10,8,534,354,29.475254,6671.8105,4299.9194,2,1,64.083885,72.27157,4194.545,116.49323,255,3772251972,4281731981,255,0.113311,0.050849,0.062462,53,44,0,0,1,1,0,0,0,0,Normal,0
0.958877,tcp,http,FIN,24,58,2690,71178,84.473816,21508.494,583607.7,6,27,41.690304,15.751719,2138.1548,1458.7144,255,3196819802,862162377,255,0.08892,0.030047,0.058873,112,1227,1,109,1,1,0,0,1,0,Normal,0
0.129762,tcp,-,FIN,16,18,1540,1644,254.31175,89024.52,95744.52,4,4,9.246071,8.078312,14.938982,13.953883,255,3379133800,3393811025,255,0.00092,0.000509,0.000411,96,91,0,0,9,1,0,0,0,0,Normal,0
0.001054,udp,dns,CON,2,2,130,162,2846.2998,493358.62,614800.75,0,0,0.009,0.001,0.0,0.0,0,0,0,0,0.0,0.0,0.0,65,81,0,0,1,1,0,0,0,0,Normal,0
1e-05,udp,-,INT,2,0,104,0,100000.0,41600000.0,0.0,0,0,0.01,0.0,0.0,0.0,0,0,0,0,0.0,0.0,0.0,52,0,0,0,1,1,0,0,0,0,Fuzzers,1
0.623236,tcp,-,FIN,12,8,998,728,30.486044,11745.149,8176.6777,3,2,55.325,80.25843,3087.7139,119.38818,255,697024066,3034009581,255,0.100437,0.061418,0.039019,83,91,0,0,1,1,0,0,0,0,Fuzzers,1
8e-06,iatp,-,INT,2,0,200,0,125000.0,100000000.0,0.0,0,0,0.008,0.0,0.0,0.0,0,0,0,0,0.0,0.0,0.0,100,0,0,0,1,1,0,0,0,0,Exploits,1
0.454346,tcp,-,FIN,30,42,2302,34406,156.26857,39194.797,591390.7,5,15,16.213535,11.347275,1223.171,683.72375,255,2374818304,1027668118,255,0.000549,0.00045,9.9e-05,77,819,0,0,11,1,0,0,0,0,Normal,0
1.401886,tcp,-,FIN,22,10,17764,830,22.113068,96766.78,4262.8286,8,2,66.71019,144.69656,5070.5186,281.645,255,4875823,2593408204,255,0.19517,0.099612,0.095558,807,83,0,0,1,1,0,0,0,0,Fuzzers,1
0.288316,tcp,-,FIN,10,6,588,268,52.026245,14706.086,6215.4023,2,1,28.406,46.446198,1380.0718,59.424744,255,3964683716,4234972661,255,0.069809,0.056076,0.013733,59,45,0,0,2,1,0,0,0,0,Fuzzers,1
1.46706,tcp,-,FIN,14,12,774,642,17.040886,3920.7668,3211.866,4,3,111.025925,129.08836,6853.1943,202.84953,255,54636716,3146275191,255,0.153818,0.04708,0.106738,55,54,0,0,2,1,0,0,0,0,Fuzzers,1
1.1e-05,udp,-,INT,2,0,2704,0,90909.09,983272700.0,0.0,0,0,0.011,0.0,0.0,0.0,0,0,0,0,0.0,0.0,0.0,1352,0,0,0,2,1,0,0,0,0,Fuzzers,1
0.731929,tcp,-,FIN,12,8,1058,760,25.958801,10602.121,7268.4644,3,2,63.28282,92.87143,3103.3184,114.446495,255,3459657722,437160704,255,0.15135,0.081819,0.069531,88,95,0,0,1,1,0,0,0,0,Fuzzers,1
1e-05,udp,-,INT,2,0,1140,0,100000.0,456000000.0,0.0,0,0,0.01,0.0,0.0,0.0,0,0,0,0,0.0,0.0,0.0,570,0,0,0,9,1,0,0,0,0,Normal,0
9e-06,udp,-,INT,2,0,104,0,111111.11,46222220.0,0.0,0,0,0.009,0.0,0.0,0.0,0,0,0,0,0.0,0.0,0.0,52,0,0,0,3,1,0,0,0,0,Fuzzers,1
13.401156,tcp,-,FIN,80,80,4654,72810,11.864648,2743.6438,42921.668,7,33,169.63094,169.62721,10508.219,10663.519,255,77030508,2226926890,255,0.00074,0.000597,0.000143,58,910,0,0,1,1,0,0,0,0,Normal,0
1.002244,tcp,-,FIN,16,18,1540,1644,32.926113,11526.136,12396.183,4,4,64.207535,61.87525,4820.2344,103.62138,255,3587325262,1143838247,255,0.013034,0.012235,0.000799,96,91,0,0,13,1,0,0,0,0,Normal,0
1.707228,tcp,smtp,FIN,96,30,105316,2266,73.21811,488365.94,10266.936,45,8,17.965,57.290863,1575.6888,64.96151,255,779058566,1603235773,255,0.116673,0.045791,0.070882,1097,76,0,0,1,1,0,0,0,0,Exploits,1
14.552946,tcp,http,FIN,8,10,1052,824,1.168148,506.28925,407.88992,2,2,2078.8352,1616.9307,173441.14,4566.067,255,806970133,808061253,255,0.000697,0.000555,0.000142,132,82,1,83,5,1,0,0,1,0,Normal,0
8e-06,udp,-,INT,2,0,104,0,125000.0,52000000.0,0.0,0,0,0.008,0.0,0.0,0.0,0,0,0,0,0.0,0.0,0.0,52,0,0,0,4,1,0,0,0,0,Fuzzers,1
21.012264,tcp,-,FIN,26,28,4152,2976,2.522336,1520.255,1092.6952,7,7,840.4748,808.14325,106659.39,3209.6572,255,3724036563,1577541697,255,0.000686,0.000533,0.000153,160,106,0,0,1,1,0,0,0,0,Normal,0
0.001195,udp,dns,CON,2,2,130,162,2510.4602,435146.44,542259.4,0,0,0.023,0.011,0.0,0.0,0,0,0,0,0.0,0.0,0.0,65,81,0,0,2,1,0,0,0,0,Normal,0
0.018822,tcp,-,FIN,16,18,1540,1644,1753.2675,613749.9,660078.6,4,4,1.2346,1.080529,75.601776,2.134873,255,199618606,2349538878,255,0.000563,0.00045,0.000113,96,91,0,0,6,1,0,0,0,0,Normal,0
0.001108,udp,dns,CON,2,2,132,164,2707.581,476534.28,592057.75,0,0,0.009,0.007,0.0,0.0,0,0,0,0,0.0,0.0,0.0,66,82,0,0,2,1,0,0,0,0,Normal,0
1.787641,tcp,-,FIN,16,18,1540,1644,18.460081,6462.1475,6949.941,4,4,119.15267,105.12594,7763.7065,223.19287,255,2509910882,3296683240,255,0.000616,0.000498,0.000118,96,91,0,0,13,1,0,0,0,0,Normal,0
2.594216,tcp,smtp,FIN,22,20,4027,1726,15.804389,11854.0625,5057.4043,8,8,123.534096,131.737,6372.4033,168.00098,255,1454384064,2855865497,255,0.166015,0.090534,0.075481,183,86,0,0,1,1,0,0,0,0,Exploits,1
1.012849,tcp,http,FIN,14,18,1684,10168,30.606735,12353.273,75857.31,3,5,77.88461,59.551823,8770.349,7684.2373,255,1807100219,3957706501,255,0.000586,0.000464,0.000122,120,565,1,3924,2,2,0,0,4,0,Normal,0
0.020925,tcp,-,FIN,16,18,1540,1644,1577.0609,552066.9,593739.56,4,4,1.374333,1.204353,87.28111,2.270592,255,1314588883,3465561290,255,0.000562,0.000447,0.000115,96,91,0,0,6,1,0,0,0,0,Normal,0
5e-06,udp,-,INT,2,0,1064,0,200000.0,851200000.0,0.0,0,0,0.005,0.0,0.0,0.0,0,0,0,0,0.0,0.0,0.0,532,0,0,0,1,1,0,0,0,0,Fuzzers,1
9e-06,unas,-,INT,2,0,200,0,111111.11,88888890.0,0.0,0,0,0.009,0.0,0.0,0.0,0,0,0,0,0.0,0.0,0.0,100,0,0,0,4,4,0,0,0,0,Analysis,1
0.824289,tcp,-,FIN,16,18,1540,1644,40.0345,14014.502,15072.383,4,4,54.93,50.325,5772.6147,190.80473,255,2356555434,1116257429,255,0.021125,0.019088,0.002037,96,91,0,0,4,1,0,0,0,0,Normal,0
2.067167,tcp,-,FIN,16,18,1540,1644,15.963877,5588.324,6010.1577,4,4,158.9504,113.46653,9542.779,216.24329,255,3934811877,3366023157,255,0.139054,0.138235,0.000819,96,91,0,0,6,1,0,0,0,0,Normal,0
1.1e-05,udp,-,INT,2,0,2070,0,90909.09,752727300.0,0.0,0,0,0.011,0.0,0.0,0.0,0,0,0,0,0.0,0.0,0.0,1035,0,0,0,7,1,0,0,0,0,Normal,0
0.454934,tcp,-,FIN,10,6,756,268,32.971817,11975.363,3939.033,2,1,42.56322,75.017,2146.0337,97.726555,255,1540620482,3063014070,255,0.110679,0.079844,0.030835,76,45,0,0,2,1,0,0,0,0,Fuzzers,1
9e-06,xtp,-,INT,2,0,200,0,111111.11,88888890.0,0.0,0,0,0.009,0.0,0.0,0.0,0,0,0,0,0.0,0.0,0.0,100,0,0,0,1,1,0,0,0,0,Backdoor,1
0.612391,tcp,-,FIN,16,18,1540,1644,53.887142,18863.766,20287.691,4,4,40.80047,35.073883,2956.2744,60.19972,255,2044519985,3175234168,255,0.016991,0.016132,0.000859,96,91,0,0,1,1,0,0,0,0,Normal,0
8e-06,unas,-,INT,2,0,200,0,125000.0,100000000.0,0.0,0,0,0.008,0.0,0.0,0.0,0,0,0,0,0.0,0.0,0.0,100,0,0,0,6,6,0,0,0,0,Analysis,1
37.955116,tcp,http,FIN,360,746,19202,1087890,29.113335,4036.1357,228993.0,2,370,105.72373,50.945732,36460.9,25323.104,255,2871518349,2872607034,255,0.000676,0.000536,0.00014,53,1458,1,524288,1,1,0,0,1,0,Normal,0
7e-06,gmtp,-,INT,2,0,200,0,142857.14,114285710.0,0.0,0,0,0.007,0.0,0.0,0.0,0,0,0,0,0.0,0.0,0.0,100,0,0,0,2,2,0,0,0,0,Exploits,1
1.283182,tcp,http,FIN,96,18,118098,784,88.06233,728613.7,4619.7656,45,1,13.246379,71.733116,1470.778,110.73036,255,3910375151,2891028557,255,0.270383,0.063715,0.206668,1230,44,1,0,1,1,0,0,1,0,Exploits,1
10.566844,tcp,-,FIN,122,126,7816,15132,23.375002,5868.924,11365.361,30,32,90.311584,85.21192,15366.383,14864.406,255,4518757,2155185345,255,0.000726,0.000561,0.000165,64,120,0,0,1,1,0,0,0,0,Normal,0
0.601407,tcp,-,FIN,10,6,534,268,24.941513,6398.329,2979.6794,2,1,66.823,103.3498,3482.6978,176.09846,255,987099989,3052189963,255,0.125465,0.084055,0.04141,53,45,0,0,2,1,0,0,0,0,Fuzzers,1
2.137134,tcp,http,FIN,14,18,1684,10168,14.505407,5854.5693,35950.95,3,5,164.36884,125.68606,11469.427,10033.439,255,3242420675,896102310,255,0.000587,0.000469,0.000118,120,565,1,3924,1,1,0,0,1,0,Normal,0
0.001052,udp,dns,CON,2,2,130,162,2851.7112,494296.6,615969.6,0,0,0.008,0.007,0.0,0.0,0,0,0,0,0.0,0.0,0.0,65,81,0,0,2,1,0,0,0,0,Normal,0
1.1e-05,udp,-,INT,2,0,1934,0,90909.09,703272700.0,0.0,0,0,0.011,0.0,0.0,0.0,0,0,0,0,0.0,0.0,0.0,967,0,0,0,13,1,0,0,0,0,Fuzzers,1
0.02198,tcp,-,FIN,16,18,1540,1644,1501.3649,525568.7,565241.1,4,4,1.443267,1.265,88.52874,2.442985,255,1434586070,1438645387,255,0.000585,0.000472,0.000113,96,91,0,0,6,1,0,0,0,0,Normal,0
0.233622,sctp,-,CON,2,2,152,82,12.841256,2602.4946,1403.9774,0,0,0.002,0.001,0.0,0.0,0,0,0,0,0.0,0.0,0.0,76,41,0,0,1,1,0,0,0,0,Exploits,1
0.019278,tcp,-,FIN,16,18,1540,1644,1711.7959,599232.3,644465.25,4,4,1.262733,1.106941,80.21339,2.105411,255,199620184,205194688,255,0.000601,0.000457,0.000144,96,91,0,0,6,1,0,0,0,0,Normal,0
4e-06,udp,-,INT,2,0,392,0,250000.0,392000000.0,0.0,0,0,0.004,0.0,0.0,0.0,0,0,0,0,0.0,0.0,0.0,196,0,0,0,1,1,0,0,0,0,Shellcode,1
1.299671,tcp,-,FIN,14,10,774,556,17.696787,4425.7354,3083.8572,4,3,97.01654,135.65456,5165.3145,201.77803,255,1661016012,3606019108,255,0.151965,0.078771,0.073194,55,56,0,0,2,1,0,0,0,0,Fuzzers,1
24.754965,tcp,http,FIN,8,10,1052,824,0.686731,297.63727,239.79028,2,2,3536.2566,2750.4902,295369.5,7773.1387,255,3279010064,3275980102,255,0.000697,0.000547,0.00015,132,82,1,83,8,1,0,0,1,0,Normal,0
8e-06,unas,-,INT,2,0,200,0,125000.0,100000000.0,0.0,0,0,0.008,0.0,0.0,0.0,0,0,0,0,0.0,0.0,0.0,100,0,0,0,3,3,0,0,0,0,Analysis,1
41.07386,tcp,-,FIN,22,24,1920,4312,1.095587,357.01538,804.9889,6,6,1955.8821,1785.7904,208854.08,199572.88,255,1429418192,1429757600,255,0.000835,0.000664,0.000171,87,180,0,0,3,2,0,0,0,0,Normal,0
0.93688,tcp,ftp,FIN,14,12,726,682,26.684315,5763.812,5345.402,4,4,72.067696,78.17782,3958.0288,94.34643,255,1856616011,2512395395,255,0.107761,0.075448,0.032313,52,57,0,0,1,1,1,1,0,0,Fuzzers,1
4.331957,tcp,smtp,FIN,52,42,37230,3380,21.468357,67433.73,6094.2437,18,8,84.9336,104.53195,5487.787,188.18362,255,3186615312,1109062558,255,0.046983,0.046146,0.000837,716,80,0,0,1,1,0,0,0,0,Normal,0
12.144221,tcp,http,FIN,14,18,1684,10168,2.552654,1030.2843,6326.6304,3,5,934.1431,758.9775,74854.49,67427.15,255,2826614792,2823455891,255,0.000724,0.000578,0.000146,120,565,1,3924,1,1,0,0,1,0,Normal,0
2.097541,ospf,-,INT,42,0,2688,0,19.546698,10007.909,0.0,0,0,51.159534,0.0,55.640575,0.0,0,0,0,0,0.0,0.0,0.0,64,0,0,0,1,1,0,0,0,0,Analysis,1
1e-05,udp,-,INT,2,0,1096,0,100000.0,438400000.0,0.0,0,0,0.01,0.0,0.0,0.0,0,0,0,0,0.0,0.0,0.0,548,0,0,0,10,1,0,0,0,0,Normal,0
18.520458,tcp,-,FIN,24,24,2024,4312,2.537734,837.99225,1785.269,6,6,805.2231,805.2083,82364.984,82370.39,255,3534096717,3534441124,255,0.000801,0.000656,0.000145,84,180,0,0,1,1,0,0,0,0,Normal,0
1.1e-05,udp,-,INT,2,0,1702,0,90909.09,618909060.0,0.0,0,0,0.011,0.0,0.0,0.0,0,0,0,0,0.0,0.0,0.0,851,0,0,0,9,1,0,0,0,0,Normal,0
0.323492,tcp,-,FIN,10,6,534,268,46.369,11895.194,5539.55,2,1,33.564777,47.6512,1832.4563,72.20737,255,276316008,1254780853,255,0.126734,0.085227,0.041507,53,45,0,0,1,1,0,0,0,0,Fuzzers,1
0.020875,tcp,-,FIN,16,18,1540,1644,1580.8384,553389.25,595161.7,4,4,1.370933,1.277625,86.21942,2.477135,255,3464168944,1319659195,255,0.000567,0.00043,0.000137,96,91,0,0,6,1,0,0,0,0,Normal,0
9e-06,ifmp,-,INT,2,0,200,0,111111.11,88888890.0,0.0,0,0,0.009,0.0,0.0,0.0,0,0,0,0,0.0,0.0,0.0,100,0,0,0,1,1,0,0,0,0,Exploits,1
2.806037,tcp,-,FIN,16,18,1540,1644,11.760358,4116.8384,4427.5967,4,4,187.0468,164.99141,13168.483,274.23743,255,1624521726,1078442625,255,0.002992,0.001182,0.00181,96,91,0,0,12,1,0,0,0,0,Normal,0
0.801351,tcp,-,FIN,12,8,1066,734,23.709959,9763.512,6419.1597,3,2,71.60591,102.662,3995.6973,163.37239,255,3207298096,3757167157,255,0.124429,0.082712,0.041717,89,92,0,0,1,1,0,0,0,0,Fuzzers,1
59.478535,ospf,-,INT,80,0,21760,0,1.32821,2890.1855,0.0,0,0,752.8929,0.0,1035.9235,0.0,0,0,0,0,0.0,0.0,0.0,272,0,0,0,1,1,0,0,0,0,Analysis,1
0.02099,tcp,-,FIN,16,18,1540,1644,1572.1772,550357.3,591900.94,4,4,1.379333,1.208353,83.90523,2.632287,255,2469200392,2473087376,255,0.000564,0.000445,0.000119,96,91,0,0,3,1,0,0,0,0,Normal,0
0.866551,tcp,-,FIN,12,8,980,726,21.926004,8299.569,5871.553,3,2,78.726,115.373,3966.8323,164.06519,255,2016554241,330338851,255,0.13022,0.058933,0.071287,82,91,0,0,1,1,0,0,0,0,Fuzzers,1
19.310287,tcp,smtp,FIN,52,42,37230,3380,4.816086,15127.6875,1367.147,18,8,378.62573,482.74356,64366.824,2239.4363,255,3192355923,3193401012,255,0.000679,0.000535,0.000144,716,80,0,0,1,1,0,0,0,0,Normal,0
0.596136,sctp,-,CON,4,2,536,440,8.387348,5394.742,2952.3467,0,0,198.712,0.008,281.0092,0.0,0,0,0,0,0.0,0.0,0.0,134,220,0,0,1,1,0,0,0,0,Fuzzers,1
0.39839,tcp,-,FIN,10,6,756,268,37.651546,13675.042,4498.105,2,1,41.815445,68.83,2102.1091,93.625175,255,7252903,3097997164,255,0.092212,0.054231,0.037981,76,45,0,0,1,1,0,0,0,0,Fuzzers,1
0.991343,tcp,ftp,FIN,14,12,798,682,25.218313,5979.7666,5051.733,4,4,73.398,85.87082,4132.5986,105.343925,255,857032528,4156748721,255,0.09453,0.046761,0.047769,57,57,0,0,1,1,1,1,0,0,Fuzzers,1
6e-06,ttp,-,INT,2,0,200,0,166666.66,133333330.0,0.0,0,0,0.006,0.0,0.0,0.0,0,0,0,0,0.0,0.0,0.0,100,0,0,0,2,2,0,0,0,0,Backdoor,1
5e-06,larp,-,INT,2,0,200,0,200000.0,160000000.0,0.0,0,0,0.005,0.0,0.0,0.0,0,0,0,0,0.0,0.0,0.0,100,0,0,0,2,2,0,0,0,0,Backdoor,1
8e-06,udp,-,INT,2,0,226,0,125000.0,113000000.0,0.0,0,0,0.008,0.0,0.0,0.0,0,0,0,0,0.0,0.0,0.0,113,0,0,0,2,1,0,0,0,0,Fuzzers,1
0.387852,tcp,-,FIN,10,6,534,268,38.674545,9921.31,4620.319,2,1,38.119667,68.279205,2226.1829,105.44086,255,527350728,2602577308,255,0.115979,0.046445,0.069534,53,45,0,0,2,1,0,0,0,0,Normal,0
0.636482,tcp,http,FIN,10,12,970,7516,32.993862,10972.816,86601.03,2,4,70.72022,52.491276,3381.7986,3871.0933,255,590122379,3887700438,255,0.175311,0.056002,0.119309,97,626,1,3183,1,1,0,0,1,0,Exploits,1
0.450526,tcp,-,FIN,16,18,1540,1644,73.24772,25641.139,27576.654,4,4,30.014399,28.093687,1982.912,60.75046,255,3419851482,3308114606,255,0.001251,0.001026,0.000225,96,91,0,0,14,1,0,0,0,0,Normal,0
5e-06,aes-sp3-d,-,INT,2,0,200,0,200000.0,160000000.0,0.0,0,0,0.005,0.0,0.0,0.0,0,0,0,0,0.0,0.0,0.0,100,0,0,0,2,2,0,0,0,0,Backdoor,1
0.001894,udp,-,CON,4,4,528,304,3695.8818,1672650.5,963041.2,0,0,0.488333,0.266667,0.684951,0.35468,0,0,0,0,0.0,0.0,0.0,132,76,0,0,1,1,0,0,0,0,Normal,0
0.699608,tcp,-,FIN,12,8,1058,722,27.158066,11091.926,7226.904,3,2,60.44482,87.15029,3113.5696,122.30214,255,3754129339,3623222524,255,0.146573,0.08955,0.057023,88,90,0,0,1,1,0,0,0,0,Fuzzers,1
0.775459,tcp,-,FIN,60,14,68195,612,94.137794,691812.2,5870.072,27,1,12.993475,54.81477,1320.4052,75.30392,255,2937891900,2595541789,255,0.12372,0.062862,0.060858,1137,44,1,0,1,1,0,0,1,0,Fuzzers,1
2.172803,tcp,-,FIN,16,18,1540,1644,15.187756,5316.635,5717.96,4,4,144.81827,124.98,9194.616,266.47418,255,866973697,1638839731,255,0.048989,0.048142,0.000847,96,91,0,0,21,1,0,0,0,0,Normal,0
1.722098,tcp,-,FIN,16,18,1540,1644,19.162674,6708.0967,7214.456,4,4,110.20433,101.271645,7048.0063,171.74203,255,3149070717,978463753,255,0.000614,0.000474,0.00014,96,91,0,0,4,1,0,0,0,0,Normal,0
0.671311,tcp,-,FIN,12,8,996,722,28.302828,10880.203,7531.5312,3,2,61.028275,80.57043,2935.113,103.34845,255,2113996929,2308821933,255,0.18494,0.106366,0.078574,83,90,0,0,1,1,0,0,0,0,Fuzzers,1
0.900617,tcp,-,FIN,60,14,68183,612,81.05554,595565.06,5054.313,27,1,15.264696,61.80369,1485.999,84.22186,255,2701284386,71673931,255,0.146661,0.064235,0.082426,1136,44,1,0,1,1,0,0,1,0,Fuzzers,1
0.001068,udp,dns,CON,2,2,132,164,2808.9888,494382.03,614232.25,0,0,0.009,0.007,0.0,0.0,0,0,0,0,0.0,0.0,0.0,66,82,0,0,1,1,0,0,0,0,Normal,0
0.273914,tcp,ftp-data,FIN,14,6,8928,320,69.36484,242148.98,7798.068,4,1,24.901274,51.5174,1679.698,102.72807,255,1444523536,40955410,255,0.02092,0.01611,0.00481,638,53,0,0,1,1,0,0,0,0,Normal,0
0.000965,udp,dns,CON,2,2,146,178,3108.8083,605181.3,737823.8,0,0,0.001,0.008,0.0,0.0,0,0,0,0,0.0,0.0,0.0,73,89,0,0,2,1,0,0,0,0,Normal,0
0.858313,tcp,-,FIN,10,8,534,354,19.806293,4483.213,2889.3887,2,1,95.28989,113.03786,5709.0347,191.35455,255,2341446682,3452723070,255,0.161266,0.067039,0.094227,53,44,0,0,1,1,0,0,0,0,Fuzzers,1
0.448878,tcp,-,FIN,10,6,2050,268,33.416653,32881.99,3992.176,2,1,46.24511,77.960396,2392.0986,111.8311,255,2342700507,299731118,255,0.158828,0.059075,0.099753,205,45,0,0,1,1,0,0,0,0,Fuzzers,1
8e-06,unas,-,INT,2,0,200,0,125000.0,100000000.0,0.0,0,0,0.008,0.0,0.0,0.0,0,0,0,0,0.0,0.0,0.0,100,0,0,0,2,2,0,0,0,0,Analysis,1
1.943837,tcp,-,FIN,16,18,1540,1644,16.976732,5942.885,6391.4824,4,4,138.82265,129.51193,10746.065,283.8605,255,2369068870,1199936404,255,0.001843,0.001157,0.000686,96,91,0,0,4,1,0,0,0,0,Normal,0
0.509272,tcp,-,FIN,16,18,1540,1644,64.79838,22683.361,24395.61,4,4,33.9302,26.707233,2457.638,97.26588,255,649425201,3341421424,255,0.056994,0.055248,0.001746,96,91,0,0,14,1,0,0,0,0,Normal,0
0.025846,tcp,-,FIN,16,18,1540,1644,1276.7933,446955.03,480693.3,4,4,1.703467,1.492823,111.895164,2.840667,255,907103069,3060487998,255,0.0006,0.000465,0.000135,96,91,0,0,6,1,0,0,0,0,Normal,0
0.001074,udp,dns,CON,2,2,132,164,2793.296,491620.1,610800.75,0,0,0.01,0.007,0.0,0.0,0,0,0,0,0.0,0.0,0.0,66,82,0,0,2,1,0,0,0,0,Normal,0
0.746223,tcp,http,FIN,10,14,802,7394,30.821886,7740.314,73608.02,2,4,82.81333,54.131077,5571.993,3899.8774,255,3268073197,933825549,255,0.083138,0.042518,0.04062,80,528,1,3165,1,1,0,0,1,0,Exploits,1
6e-06,udp,-,INT,2,0,104,0,166666.66,69333330.0,0.0,0,0,0.006,0.0,0.0,0.0,0,0,0,0,0.0,0.0,0.0,52,0,0,0,1,1,0,0,0,0,Fuzzers,1
3e-06,unas,-,INT,2,0,200,0,333333.3,266666660.0,0.0,0,0,0.003,0.0,0.0,0.0,0,0,0,0,0.0,0.0,0.0,100,0,0,0,4,4,0,0,0,0,Backdoor,1
0.680096,tcp,-,FIN,10,8,2516,354,24.996471,26643.299,3646.5442,2,1,73.161,88.87029,4519.9165,141.27512,255,3184202005,3303166524,255,0.141621,0.057996,0.083625,252,44,0,0,1,1,0,0,0,0,Fuzzers,1
0.412271,tcp,-,FIN,16,18,1540,1644,80.04444,28020.404,30135.518,4,4,29.424856,24.217766,2105.6533,52.425076,255,3419848773,1177134657,255,0.000924,0.000568,0.000356,96,91,0,0,14,1,0,0,0,0,Normal,0
0.004836,tcp,http,FIN,8,10,1052,824,3515.3018,1523573.2,1227460.8,2,2,0.641,0.477778,35.8154,0.947098,255,2816681269,668086204,255,0.000658,0.000532,0.000126,132,82,1,83,1,1,0,0,1,0,Normal,0
1.250357,tcp,-,FIN,16,18,1540,1644,26.392462,9238.961,9936.362,4,4,83.331406,73.48877,8644.142,200.32231,255,3279016326,3180318609,255,0.001898,0.001036,0.000862,96,91,0,0,13,1,0,0,0,0,Normal,0
1.576438,tcp,-,FIN,26,42,2094,34406,42.50088,10220.51,170445.02,5,15,65.66921,36.224632,4571.0244,2467.907,255,2269907988,3146435119,255,0.092037,0.091227,0.00081,81,819,0,0,14,1,0,0,0,0,Normal,0
8e-06,unas,-,INT,2,0,200,0,125000.0,100000000.0,0.0,0,0,0.008,0.0,0.0,0.0,0,0,0,0,0.0,0.0,0.0,100,0,0,0,2,2,0,0,0,0,Analysis,1
2.525565,tcp,http,FIN,8,10,1052,824,6.731167,2917.3672,2350.3652,2,2,360.6373,280.55643,25723.088,743.3253,255,3954099231,1805740042,255,0.00068,0.000553,0.000127,132,82,1,83,5,1,0,0,1,0,Normal,0
8e-06,unas,-,INT,2,0,200,0,125000.0,100000000.0,0.0,0,0,0.008,0.0,0.0,0.0,0,0,0,0,0.0,0.0,0.0,100,0,0,0,4,4,0,0,0,0,Backdoor,1
5e-06,udp,-,INT,2,0,140,0,200000.0,112000000.0,0.0,0,0,0.005,0.0,0.0,0.0,0,0,0,0,0.0,0.0,0.0,70,0,0,0,3,1,0,0,0,0,Fuzzers,1
1.761901,tcp,-,FIN,78,80,4550,72810,89.1083,20396.152,326465.56,7,33,22.877754,22.294975,1333.5193,1316.8046,255,607096610,607370769,255,0.000734,0.000593,0.000141,58,910,0,0,1,1,0,0,0,0,Normal,0
9e-06,unas,-,INT,2,0,200,0,111111.11,88888890.0,0.0,0,0,0.009,0.0,0.0,0.0,0,0,0,0,0.0,0.0,0.0,100,0,0,0,4,4,0,0,0,0,Analysis,1
0.866346,tcp,-,FIN,12,10,1038,840,24.239738,8790.945,6981.0444,3,2,77.00173,92.110664,5319.9473,130.26932,255,287180409,698669837,255,0.083002,0.037347,0.045655,87,84,0,0,1,1,0,0,0,0,Fuzzers,1
5.347891,tcp,http,FIN,8,10,1052,824,3.178823,1377.7394,1109.9703,2,2,763.8677,594.147,63368.69,1673.5741,255,4181583093,2033076447,255,0.000725,0.000564,0.000161,132,82,1,83,7,1,0,0,1,0,Normal,0
3e-06,unas,-,INT,2,0,200,0,333333.3,266666660.0,0.0,0,0,0.003,0.0,0.0,0.0,0,0,0,0,0.0,0.0,0.0,100,0,0,0,3,3,0,0,0,0,Backdoor,1
5e-06,udp,-,INT,2,0,104,0,200000.0,83200000.0,0.0,0,0,0.005,0.0,0.0,0.0,0,0,0,0,0.0,0.0,0.0,52,0,0,0,3,1,0,0,0,0,Fuzzers,1
6e-06,udp,-,INT,2,0,248,0,166666.66,165333330.0,0.0,0,0,0.006,0.0,0.0,0.0,0,0,0,0,0.0,0.0,0.0,124,0,0,0,1,1,0,0,0,0,Fuzzers,1
0.048775,tcp,-,FIN,30,42,2302,34406,1455.6638,365105.1,5508888.0,5,15,1.671172,1.178146,92.643234,75.538315,255,3464166311,1318089039,255,0.000591,0.000468,0.000123,77,819,0,0,6,1,0,0,0,0,Normal,0
0.004016,tcp,http,FIN,8,10,1052,824,4233.068,1834661.4,1478087.8,2,2,0.523286,0.393222,34.439426,0.741761,255,2345001564,200572435,255,0.000597,0.000474,0.000123,132,82,1,83,1,1,0,0,1,0,Normal,0
3e-06,udp,-,INT,2,0,104,0,333333.3,138666660.0,0.0,0,0,0.003,0.0,0.0,0.0,0,0,0,0,0.0,0.0,0.0,52,0,0,0,3,1,0,0,0,0,Fuzzers,1
24.43287,tcp,http,FIN,354,746,18890,1087890,44.98039,6167.7563,355728.0,2,370,69.21413,32.79504,12501.322,8611.426,255,3037387409,3038533146,255,0.000727,0.000577,0.00015,53,1458,1,524288,1,1,0,0,1,0,Normal,0
0.973793,tcp,-,FIN,12,10,1058,838,21.565157,7968.8394,6202.55,3,2,88.44454,92.98334,5410.9575,137.81862,255,395887435,1583359538,255,0.266343,0.136933,0.12941,88,84,0,0,1,1,0,0,0,0,Fuzzers,1
0.661595,tcp,-,FIN,10,8,756,354,25.695478,8234.6455,3748.5168,2,1,67.591225,82.85514,4827.6255,114.67469,255,797963415,1724142680,255,0.123495,0.081606,0.041889,76,44,0,0,2,1,0,0,0,0,Fuzzers,1
2.788087,tcp,ftp,FIN,52,54,2934,3740,37.660233,8257.992,10533.388,11,15,56.892204,52.59511,5407.715,145.89201,255,2766615759,2767676127,255,0.000682,0.000542,0.00014,56,69,0,0,1,1,1,1,0,0,Normal,0
0.835806,tcp,-,FIN,14,12,774,642,29.911247,6881.9795,5637.672,4,3,64.29277,68.49637,4277.2383,114.38343,255,354817761,2146442419,255,0.124291,0.068292,0.055999,55,54,0,0,1,1,0,0,0,0,Fuzzers,1
2.484152,tcp,-,FIN,30,42,2302,34406,28.58118,7168.643,108164.07,5,15,88.67586,60.556805,7663.351,5771.636,255,4181585157,947635201,255,0.00304,0.001322,0.001718,77,819,0,0,15,1,0,0,0,0,Normal,0
0.256276,tcp,-,FIN,10,6,588,268,58.530643,16544.662,6992.461,2,1,27.199444,42.764603,1403.0331,65.000496,255,1775588184,2438654337,255,0.091014,0.042444,0.04857,59,45,0,0,2,1,0,0,0,0,Fuzzers,1
0.505999,tcp,http,FIN,12,26,860,26136,73.12267,12474.332,397328.8,2,10,45.99991,17.784882,3178.403,2219.546,255,1381170896,3232491580,255,0.12007,0.054775,0.065295,72,1005,1,12289,1,1,0,0,1,0,Exploits,1
5.814544,tcp,-,FIN,38,40,2438,18508,13.242655,3266.2922,24828.773,7,13,161.50636,149.07617,10737.069,10305.228,255,2412356533,161207247,255,0.000702,0.000569,0.000133,64,463,0,0,1,1,0,0,0,0,Normal,0
21.396406,tcp,-,FIN,64,66,3806,51808,6.02905,1400.9829,19077.596,7,26,339.62,329.16595,48531.42,47793.195,255,3341580529,1192315177,255,0.000758,0.00061,0.000148,59,785,0,0,1,1,0,0,0,0,Normal,0
21.134895,tcp,-,FIN,66,66,3910,51808,6.19828,1457.6841,19313.652,7,26,330.22797,325.14163,66366.66,2058.051,255,3779836109,1634816964,255,0.000818,0.000688,0.00013,59,785,0,0,1,1,0,0,0,0,Normal,0
34.247707,tcp,http,FIN,14,18,1684,10168,0.90517,365.33832,2243.4202,3,5,2634.4104,2014.5378,242370.31,211958.16,255,949420386,3095931284,255,0.000691,0.000555,0.000136,120,565,1,3924,2,1,0,0,1,0,Normal,0
8e-06,unas,-,INT,2,0,200,0,125000.0,100000000.0,0.0,0,0,0.008,0.0,0.0,0.0,0,0,0,0,0.0,0.0,0.0,100,0,0,0,5,5,0,0,0,0,Analysis,1
0.02366,tcp,-,FIN,16,18,1540,1644,1394.759,488250.2,525105.6,4,4,1.5578,1.364823,91.629684,2.656685,255,2739972998,598573862,255,0.000578,0.000455,0.000123,96,91,0,0,2,1,0,0,0,0,Normal,0
2.093085,tcp,smtp,FIN,62,28,56329,2212,42.520966,211825.12,8152.559,28,8,34.312866,75.092445,3253.2788,106.11346,255,1824722662,860716719,255,0.13114,0.052852,0.078288,909,79,0,0,1,1,0,0,0,0,Normal,0
5e-06,udp,-,INT,2,0,168,0,200000.0,134400000.0,0.0,0,0,0.005,0.0,0.0,0.0,0,0,0,0,0.0,0.0,0.0,84,0,0,0,1,1,0,0,0,0,Reconnaissance,1
3.294676,tcp,-,FIN,16,18,1540,1644,10.016159,3506.2627,3770.9321,4,4,235.31229,193.38913,19242.355,439.3899,255,819488343,3386431913,255,0.007885,0.007056,0.000829,96,91,0,0,10,1,0,0,0,0,Normal,0
2.018232,tcp,http,FIN,14,18,1684,10168,15.359978,6199.4854,38068.96,3,5,155.22223,118.69,11661.073,10208.087,255,2804164474,669872177,255,0.000613,0.000499,0.000114,120,565,1,3924,1,1,0,0,1,0,Normal,0
8e-06,udp,-,INT,2,0,200,0,125000.0,100000000.0,0.0,0,0,0.008,0.0,0.0,0.0,0,0,0,0,0.0,0.0,0.0,100,0,0,0,2,1,0,0,0,0,Fuzzers,1
0.53784,tcp,-,FIN,10,8,534,354,31.607912,7154.544,4611.0366,2,1,59.669445,68.35186,3893.396,104.83567,255,1082242371,490886647,255,0.114569,0.059368,0.055201,53,44,0,0,2,1,0,0,0,0,Normal,0
0.895223,tcp,-,FIN,12,6,4658,268,18.989681,38158.09,2001.7358,3,1,77.63609,161.8676,0.0,272.76703,255,153707417,4109549575,255,0.140369,0.08588,0.054489,388,45,0,0,1,1,0,0,0,0,Fuzzers,1
1.4e-05,udp,-,INT,2,0,168,0,71428.57,48000000.0,0.0,0,0,0.014,0.0,0.0,0.0,0,0,0,0,0.0,0.0,0.0,84,0,0,0,1,1,0,0,0,0,Reconnaissance,1
3e-06,udp,-,INT,2,0,200,0,333333.3,266666660.0,0.0,0,0,0.003,0.0,0.0,0.0,0,0,0,0,0.0,0.0,0.0,100,0,0,0,2,1,0,0,0,0,Fuzzers,1
2.2e-05,icmp,-,ECO,2,0,168,0,45454.547,30545454.0,0.0,0,0,0.022,0.0,0.0,0.0,0,0,0,0,0.0,0.0,0.0,84,0,0,0,1,1,0,0,0,0,Normal,0
2e-06,cphb,-,INT,2,0,200,0,500000.0,400000000.0,0.0,0,0,0.002,0.0,0.0,0.0,0,0,0,0,0.0,0.0,0.0,100,0,0,0,2,2,0,0,0,0,Backdoor,1
8e-06,unas,-,INT,2,0,200,0,125000.0,100000000.0,0.0,0,0,0.008,0.0,0.0,0.0,0,0,0,0,0.0,0.0,0.0,100,0,0,0,3,3,0,0,0,0,Backdoor,1
2.802394,tcp,smtp,FIN,46,24,39024,1970,24.621805,108981.11,5389.6777,20,8,62.271156,117.735916,5154.4736,177.1319,255,2695973169,162499069,255,0.156326,0.09446,0.061866,848,82,0,0,1,1,0,0,0,0,Exploits,1
0.024026,tcp,-,FIN,16,18,1540,1644,1373.512,480812.44,517106.44,4,4,1.581,1.386177,107.58171,2.55235,255,3584169297,3590122378,255,0.00058,0.000457,0.000123,96,91,0,0,6,1,0,0,0,0,Normal,0
0.658425,tcp,-,FIN,20,8,17286,354,41.00695,199530.7,3766.5642,7,1,33.091053,77.51657,2366.2847,113.90522,255,1918197902,1768643115,255,0.210426,0.115806,0.09462,864,44,0,0,2,2,0,0,0,0,Fuzzers,1
2e-06,rsvp,-,INT,2,0,200,0,500000.0,400000000.0,0.0,0,0,0.002,0.0,0.0,0.0,0,0,0,0,0.0,0.0,0.0,100,0,0,0,1,1,0,0,0,0,Backdoor,1
1e-05,sctp,-,INT,2,0,152,0,100000.0,60800000.0,0.0,0,0,0.01,0.0,0.0,0.0,0,0,0,0,0.0,0.0,0.0,76,0,0,0,1,1,0,0,0,0,Backdoor,1
2.492422,tcp,-,FIN,30,42,2302,34406,28.486347,7144.8574,107805.17,5,15,85.93493,58.13949,5369.7646,5070.15,255,1609424161,1010041231,255,0.10959,0.108699,0.000891,77,819,0,0,13,1,0,0,0,0,Normal,0
1.503188,tcp,-,FIN,16,18,1540,1644,21.953342,7685.0,8265.101,4,4,107.219574,85.587585,6360.843,155.51743,255,999489103,3122430554,255,0.049049,0.048193,0.000856,96,91,0,0,4,1,0,0,0,0,Normal,0
3.391665,tcp,-,FIN,16,18,1540,1644,9.729735,3405.9968,3663.0977,4,4,226.09021,199.47188,21000.248,499.43408,255,3891521630,3297912899,255,0.000753,0.000634,0.000119,96,91,0,0,3,1,0,0,0,0,Normal,0
9e-06,aris,-,INT,2,0,200,0,111111.11,88888890.0,0.0,0,0,0.009,0.0,0.0,0.0,0,0,0,0,0.0,0.0,0.0,100,0,0,0,1,1,0,0,0,0,Backdoor,1
27.368465,tcp,-,FIN,16,18,1272,2572,1.205767,348.7225,710.3065,4,4,1824.4072,1609.8678,203145.66,5814.8906,255,4058998633,4059351184,255,0.000839,0.000695,0.000144,80,143,0,0,2,1,0,0,0,0,Normal,0
4e-06,udp,-,INT,2,0,2994,0,250000.0,2994000100.0,0.0,0,0,0.004,0.0,0.0,0.0,0,0,0,0,0.0,0.0,0.0,1497,0,0,0,1,1,0,0,0,0,Fuzzers,1
1.214463,tcp,-,FIN,10,8,2516,354,13.997956,14920.175,2042.0548,2,1,131.18433,154.309,7670.476,221.6893,255,330402269,774154708,255,0.273631,0.134299,0.139332,252,44,0,0,1,1,0,0,0,0,Fuzzers,1
41.748917,tcp,http,FIN,366,746,19514,1087890,26.61147,3729.1506,208183.98,2,370,115.009995,56.038136,42074.227,29403.324,255,769429600,770616121,255,0.000676,0.000525,0.000151,53,1458,1,524288,1,1,0,0,1,0,Normal,0
8e-06,mobile,-,INT,2,0,200,0,125000.0,100000000.0,0.0,0,0,0.008,0.0,0.0,0.0,0,0,0,0,0.0,0.0,0.0,100,0,0,0,3,3,0,0,0,0,Backdoor,1
0.086185,udp,-,CON,4,4,528,304,81.22063,36758.137,21163.775,0,0,23.998335,24.348333,33.933113,34.426674,0,0,0,0,0.0,0.0,0.0,132,76,0,0,1,1,0,0,0,0,Normal,0
0.998611,tcp,-,FIN,16,18,1540,1644,33.045902,11568.068,12441.281,4,4,66.5542,62.379124,7288.7163,238.02539,255,206972914,999476168,255,0.000992,0.000542,0.00045,96,91,0,0,3,1,0,0,0,0,Normal,0
17.601128,tcp,ssh,FIN,106,114,9400,12298,12.442385,4232.456,5541.009,26,31,169.23843,158.5633,42654.375,0.0,255,1466967184,1467286662,255,0.000742,0.000589,0.000153,89,108,0,0,1,1,0,0,0,0,Normal,0
2.040015,tcp,-,FIN,40,42,2558,23162,39.70559,9784.242,88669.94,7,14,52.29964,49.743343,3353.2388,3272.741,255,121944384,2946799950,255,0.000654,0.000537,0.000117,64,551,0,0,1,1,0,0,0,0,Normal,0
0.607412,tcp,-,FIN,10,8,620,354,27.987595,7349.213,4082.896,2,1,64.77611,74.67614,4118.4775,133.88689,255,783932709,3100383339,255,0.151535,0.084676,0.066859,62,44,0,0,2,1,0,0,0,0,Fuzzers,1
8e-06,unas,-,INT,2,0,200,0,125000.0,100000000.0,0.0,0,0,0.008,0.0,0.0,0.0,0,0,0,0,0.0,0.0,0.0,100,0,0,0,4,4,0,0,0,0,Analysis,1
5.923979,tcp,-,FIN,40,44,2558,23266,14.010854,3369.3572,30706.389,7,14,151.8889,137.75237,10918.918,10391.02,255,1836916228,2532171919,255,0.000771,0.000624,0.000147,64,529,0,0,1,1,0,0,0,0,Normal,0
8e-06,l2tp,-,INT,2,0,200,0,125000.0,100000000.0,0.0,0,0,0.008,0.0,0.0,0.0,0,0,0,0,0.0,0.0,0.0,100,0,0,0,2,2,0,0,0,0,Exploits,1
9e-06,unas,-,INT,2,0,200,0,111111.11,88888890.0,0.0,0,0,0.009,0.0,0.0,0.0,0,0,0,0,0.0,0.0,0.0,100,0,0,0,3,3,0,0,0,0,Analysis,1
9e-06,unas,-,INT,2,0,200,0,111111.11,88888890.0,0.0,0,0,0.009,0.0,0.0,0.0,0,0,0,0,0.0,0.0,0.0,100,0,0,0,2,2,0,0,0,0,Analysis,1
6e-06,unas,-,INT,2,0,200,0,166666.66,133333330.0,0.0,0,0,0.006,0.0,0.0,0.0,0,0,0,0,0.0,0.0,0.0,100,0,0,0,5,5,0,0,0,0,Analysis,1
9e-06,cftp,-,INT,2,0,200,0,111111.11,88888890.0,0.0,0,0,0.009,0.0,0.0,0.0,0,0,0,0,0.0,0.0,0.0,100,0,0,0,1,1,0,0,0,0,Backdoor,1
0.625552,tcp,-,FIN,12,8,3022,742,30.373175,35437.5,8312.658,3,2,54.809,76.16329,2696.574,102.42278,255,2615710081,3332346369,255,0.167803,0.0924,0.075403,252,93,0,0,1,1,0,0,0,0,Fuzzers,1
1.578221,tcp,-,FIN,16,18,1540,1644,20.90962,7319.6343,7872.155,4,4,105.1394,91.58612,6787.0254,170.80232,255,1741937000,3315624988,255,0.022055,0.021251,0.000804,96,91,0,0,6,1,0,0,0,0,Normal,0
0.094549,tcp,-,FIN,16,18,1540,1644,349.02536,122180.03,131402.77,4,4,6.281466,5.534,482.71527,10.023128,255,3734940509,1620395827,255,0.000592,0.000465,0.000127,96,91,0,0,5,1,0,0,0,0,Normal,0
0.001169,udp,dns,CON,2,2,132,164,2566.296,451668.06,561163.4,0,0,0.009,0.007,0.0,0.0,0,0,0,0,0.0,0.0,0.0,66,82,0,0,1,1,0,0,0,0,Normal,0
0.268851,tcp,-,FIN,40,42,2558,23162,301.2821,74241.86,672818.75,7,14,6.885487,6.545853,414.85324,404.5598,255,1867100042,273145217,255,0.000585,0.000468,0.000117,64,551,0,0,1,1,0,0,0,0,Normal,0
9e-06,smp,-,INT,2,0,200,0,111111.11,88888890.0,0.0,0,0,0.009,0.0,0.0,0.0,0,0,0,0,0.0,0.0,0.0,100,0,0,0,1,1,0,0,0,0,DoS,1
0.783653,tcp,-,FIN,12,8,1066,720,24.245424,9984.011,6431.418,3,2,68.50291,92.52314,3628.3645,130.4405,255,3695247516,3625563512,255,0.248086,0.135983,0.112103,89,90,0,0,1,1,0,0,0,0,Fuzzers,1
0.775347,tcp,-,FIN,10,8,756,354,21.925667,7026.5312,3198.5679,2,1,86.04467,90.80814,4601.881,179.73547,255,305887697,2557191122,255,0.219801,0.139687,0.080114,76,44,0,0,1,1,0,0,0,0,Fuzzers,1
9e-06,udp,-,INT,2,0,168,0,111111.11,74666664.0,0.0,0,0,0.009,0.0,0.0,0.0,0,0,0,0,0.0,0.0,0.0,84,0,0,0,1,1,0,0,0,0,Reconnaissance,1
1.078167,sctp,-,CON,4,2,728,384,4.637501,4051.3206,1424.6403,0,0,359.389,0.003,508.23938,0.0,0,0,0,0,0.0,0.0,0.0,182,192,0,0,1,1,0,0,0,0,Exploits,1
0.96605,tcp,-,FIN,10,8,2516,354,17.597431,18756.793,2567.1548,2,1,107.22889,124.832855,6167.7695,221.88528,255,3181430379,3311984758,255,0.158303,0.092213,0.06609,252,44,0,0,1,1,0,0,0,0,Fuzzers,1
0.831242,tcp,-,FIN,12,8,1066,716,22.857363,9412.421,6034.3438,3,2,71.94055,101.78114,4003.7983,144.45557,255,1540785734,1564627645,255,0.208289,0.11877,0.089519,89,90,0,0,1,1,0,0,0,0,Fuzzers,1
55.96858,tcp,ftp,FIN,28,24,1560,1364,0.911226,215.1207,186.96205,16,10,2072.013,2429.7178,327619.1,10979.056,255,3730612194,2988658491,255,0.193921,0.085057,0.108864,56,57,0,0,1,1,2,2,0,0,Fuzzers,1
2.152099,tcp,-,FIN,14,8,8834,354,9.757916,30493.023,1152.3634,4,1,165.47476,299.50714,12473.876,524.04736,255,102117979,2408067341,255,0.118309,0.05554,0.062769,631,44,0,0,3,1,0,0,0,0,Fuzzers,1
28.248602,tcp,-,FIN,16,18,1272,2572,1.168199,337.85742,688.17566,4,4,1883.2172,1661.6412,164768.69,4604.1787,255,1334450054,3484396000,255,0.000816,0.000679,0.000137,80,143,0,0,1,1,0,0,0,0,Normal,0
9e-06,udp,-,INT,2,0,192,0,111111.11,85333330.0,0.0,0,0,0.009,0.0,0.0,0.0,0,0,0,0,0.0,0.0,0.0,96,0,0,0,2,1,0,0,0,0,Fuzzers,1
0.001077,udp,dns,CON,2,2,146,178,2785.5151,542246.94,661095.6,0,0,0.009,0.008,0.0,0.0,0,0,0,0,0.0,0.0,0.0,73,89,0,0,2,1,0,0,0,0,Normal,0
1.963886,tcp,-,FIN,16,18,1540,1644,16.80342,5882.2153,6326.233,4,4,127.72073,122.71375,8153.716,208.87051,255,2424875866,3137193770,255,0.000581,0.000462,0.000119,96,91,0,0,4,1,0,0,0,0,Normal,0
33.367344,tcp,-,FIN,64,68,3806,51912,3.925994,898.3634,12263.248,7,26,538.1777,505.55542,109240.8,106076.266,255,1836908937,3986850522,255,0.000821,0.000662,0.000159,59,763,0,0,1,1,0,0,0,0,Normal,0
0.882482,tcp,-,FIN,10,8,588,354,19.26385,4804.631,2810.2556,2,1,93.194885,111.10486,5140.09,222.12798,255,2728830942,2927734873,255,0.182917,0.104747,0.07817,59,44,0,0,1,1,0,0,0,0,Fuzzers,1
2.867197,tcp,-,FIN,30,42,2302,34406,24.76286,6210.944,93713.83,5,15,98.82376,71.6499,6275.267,6551.09,255,3266487154,3231421417,255,0.002006,0.001196,0.00081,77,819,0,0,12,1,0,0,0,0,Normal,0
3.634603,tcp,-,FIN,16,18,1540,1644,9.079396,3178.3389,3418.2551,4,4,242.28487,223.47894,18922.08,380.67645,255,3954103047,3414028952,255,0.099725,0.058937,0.040788,96,91,0,0,15,1,0,0,0,0,Normal,0
0.509218,tcp,-,FIN,10,6,1022,268,29.456932,14453.535,3519.1216,2,1,52.87,92.7374,2870.356,147.5372,255,2923605763,1673255109,255,0.075565,0.045523,0.030042,102,45,0,0,2,2,0,0,0,0,Fuzzers,1
0.00113,udp,dns,CON,2,2,146,178,2654.8672,516814.16,630088.5,0,0,0.007,0.007,0.0,0.0,0,0,0,0,0.0,0.0,0.0,73,89,0,0,1,1,0,0,0,0,Normal,0
0.486094,tcp,-,FIN,10,6,2050,268,30.858229,30364.498,3686.5298,2,1,50.382557,80.0358,3064.8477,119.30683,255,2638643233,1173583339,255,0.143489,0.085906,0.057583,205,45,0,0,1,1,0,0,0,0,Fuzzers,1
0.006295,tcp,ftp-data,FIN,14,6,8928,320,3018.2683,10536616.0,339316.9,4,1,0.484231,1.141,25.986113,1.693297,255,2022076359,2038656425,255,0.000584,0.000468,0.000116,638,53,0,0,1,1,0,0,0,0,Normal,0
1.515733,tcp,-,FIN,16,18,1540,1644,21.771645,7621.395,8196.694,4,4,101.02807,81.91782,6294.538,165.97623,255,3626498374,1638246764,255,0.216905,0.123127,0.093778,96,91,0,0,6,1,0,0,0,0,Normal,0
1.763818,tcp,-,FIN,42,44,2662,23266,48.19091,11788.064,103130.82,7,14,44.087574,41.983616,2359.3525,59.621086,255,2714936860,2354529655,255,0.000617,0.000504,0.000113,63,529,0,0,1,1,0,0,0,0,Normal,0
37.552643,tcp,http,FIN,14,18,1684,10168,0.825508,333.1856,2045.9812,3,5,2888.6377,2208.9458,245353.16,214563.3,255,409422205,2555946620,255,0.00069,0.000551,0.000139,120,565,1,3924,2,1,0,0,1,0,Normal,0
0.173726,tcp,-,FIN,10,6,756,268,86.34286,31359.727,10315.094,2,1,18.138666,29.2998,967.36505,45.876854,255,3527443702,55655545,255,0.043267,0.027222,0.016045,76,45,0,0,2,1,0,0,0,0,Fuzzers,1
1.212774,tcp,-,FIN,12,10,1098,800,17.315674,6642.6226,4749.442,3,2,110.25218,130.401,6736.306,208.94582,255,2577135837,3331266686,255,0.069763,0.039093,0.03067,92,80,0,0,1,1,0,0,0,0,Fuzzers,1
0.972221,tcp,-,FIN,16,18,1540,1644,33.942898,11882.072,12778.987,4,4,64.79373,55.92729,4278.7188,133.96461,255,3581588280,3258650850,255,0.022261,0.021454,0.000807,96,91,0,0,15,1,0,0,0,0,Normal,0
0.004427,udp,-,CON,4,4,568,304,1581.2063,769821.56,412017.2,0,0,1.174667,0.973333,1.652746,1.365895,0,0,0,0,0.0,0.0,0.0,142,76,0,0,1,1,0,0,0,0,Normal,0
1e-05,udp,-,INT,2,0,1462,0,100000.0,584800000.0,0.0,0,0,0.01,0.0,0.0,0.0,0,0,0,0,0.0,0.0,0.0,731,0,0,0,5,1,0,0,0,0,Normal,0
24.986576,tcp,-,FIN,16,18,1272,2572,1.320709,381.9651,778.01776,4,4,1665.7487,1469.7614,164807.3,4670.2095,255,2592353189,2592689023,255,0.000757,0.000624,0.000133,80,143,0,0,1,1,0,0,0,0,Normal,0
1.774723,tcp,-,FIN,30,42,2302,34406,40.00624,10034.241,151401.66,5,15,65.71693,45.475437,3991.4683,3487.5396,255,2614819564,1292849974,255,0.001352,0.001175,0.000177,77,819,0,0,15,1,0,0,0,0,Normal,0
24.222017,tcp,ftp,FIN,26,26,1322,1796,2.105522,420.11365,570.39014,7,9,968.8695,966.3855,100854.09,3147.876,255,1405968595,4232133182,255,0.157997,0.062372,0.095625,51,69,0,0,1,1,1,1,0,0,Exploits,1
1.230491,tcp,-,FIN,12,10,1234,804,17.066357,7359.6636,4707.064,3,2,110.368,128.7759,6612.693,228.6666,255,1417651991,4019953800,255,0.183823,0.071499,0.112324,103,80,0,0,1,1,0,0,0,0,Fuzzers,1
0.020122,tcp,-,FIN,16,18,1540,1644,1639.9961,574098.0,617433.7,4,4,1.319267,1.155235,79.91947,2.167663,255,2919974033,2930324325,255,0.000603,0.000478,0.000125,96,91,0,0,4,1,0,0,0,0,Normal,0
3.59494,tcp,-,FIN,30,42,2302,34406,19.749983,4953.6294,74742.836,5,15,123.95217,89.8211,9772.084,8788.059,255,544520216,1238688800,255,0.00222,0.002095,0.000125,77,819,0,0,15,2,0,0,0,0,Normal,0
1.042731,tcp,ftp,FIN,12,12,572,682,22.057463,4027.8843,4802.7725,4,3,6080.5356,6080.4575,656558.9,19873.908,255,3045863181,3886464486,255,0.27317,0.118822,0.154348,48,57,0,0,2,2,0,0,0,0,Fuzzers,1
2.151973,tcp,-,FIN,40,44,2558,23266,38.569256,9275.209,84528.94,7,14,55.170795,50.034904,3548.7224,3377.7507,255,2814106418,3754860334,255,0.001009,0.000469,0.00054,64,529,0,0,1,1,0,0,0,0,Normal,0
7e-06,udp,-,INT,2,0,144,0,142857.14,82285710.0,0.0,0,0,0.007,0.0,0.0,0.0,0,0,0,0,0.0,0.0,0.0,72,0,0,0,2,1,0,0,0,0,Fuzzers,1
0.00101,udp,dns,CON,2,2,132,164,2970.297,522772.28,649504.94,0,0,0.008,0.008,0.0,0.0,0,0,0,0,0.0,0.0,0.0,66,82,0,0,2,1,0,0,0,0,Normal,0
0.063337,tcp,-,FIN,16,18,1540,1644,521.02246,182389.45,196157.06,4,4,4.1974,3.696765,377.72897,8.679216,255,1649551469,1672011091,255,0.000608,0.000486,0.000122,96,91,0,0,4,1,0,0,0,0,Normal,0
44.66917,tcp,-,FIN,26,16,3154,1452,0.917859,543.1934,243.92662,11,6,1786.08,2972.9563,272290.6,10722.186,255,3795079028,3372517636,255,0.111647,0.074822,0.036825,121,91,0,0,2,2,0,0,0,0,Fuzzers,1
1.646978,tcp,-,FIN,16,18,1540,1644,20.036697,7014.0586,7543.5127,4,4,109.776,105.16814,7124.703,176.87149,255,889424750,1084444747,255,0.070397,0.069455,0.000942,96,91,0,0,5,1,0,0,0,0,Normal,0
1.006262,tcp,http,FIN,14,18,1684,10168,30.807089,12434.138,76353.875,3,5,77.380615,59.161354,8766.247,7674.8853,255,2107100319,4253391973,255,0.000644,0.000516,0.000128,120,565,1,3924,1,1,0,0,1,0,Normal,0
1.737904,tcp,-,FIN,38,40,2438,18508,44.306248,10928.106,83070.18,7,13,46.962162,44.54859,3731.9307,3638.339,255,2226614473,1675495832,255,0.000649,0.000506,0.000143,64,463,0,0,1,1,0,0,0,0,Normal,0
0.416952,tcp,-,FIN,10,6,534,268,35.975365,9228.88,4297.8564,2,1,45.08878,64.4812,2610.9084,99.86088,255,88408021,3711983528,255,0.220976,0.094537,0.126439,53,45,0,0,1,1,0,0,0,0,Normal,0
7e-06,swipe,-,INT,2,0,200,0,142857.14,114285710.0,0.0,0,0,0.007,0.0,0.0,0.0,0,0,0,0,0.0,0.0,0.0,100,0,0,0,3,3,0,0,0,0,Backdoor,1
2.909773,tcp,-,FIN,16,18,1540,1644,11.34109,3970.069,4269.7485,4,4,223.79877,190.08054,16631.637,346.79636,255,746970565,3228022182,255,0.108347,0.058565,0.049782,96,91,0,0,21,1,0,0,0,0,Normal,0
0.182997,tcp,http,FIN,10,6,880,268,81.96855,34623.52,9792.51,2,1,18.640778,35.0352,993.9991,59.116028,255,748246080,877878008,255,0.053469,0.007812,0.045657,88,45,1,0,1,1,0,0,1,0,Reconnaissance,1
0.602076,tcp,ftp,FIN,12,12,586,682,38.201157,7148.599,8317.887,3,4,54.734184,47.461452,2827.0051,70.68143,255,1597129556,1346567191,255,0.130196,0.056042,0.074154,49,57,0,0,1,1,0,0,0,0,Fuzzers,1
33.787666,tcp,http,FIN,14,18,1684,10168,0.917495,370.31265,2273.9658,3,5,2599.0237,1987.4767,225330.88,197173.11,255,1009427149,3155920751,255,0.000695,0.000555,0.00014,120,565,1,3924,2,1,0,0,1,0,Normal,0
0.011321,udp,dns,CON,2,2,146,178,264.99426,51585.55,62891.973,0,0,0.001,0.004,0.0,0.0,0,0,0,0,0.0,0.0,0.0,73,89,0,0,1,1,0,0,0,0,Normal,0
0.39683,tcp,-,FIN,10,6,1152,268,37.79956,20905.678,4515.7876,2,1,40.11189,70.427605,2034.316,94.57711,255,2013908636,1360975998,255,0.11223,0.044684,0.067546,115,45,0,0,1,1,0,0,0,0,Fuzzers,1
2.500454,tcp,-,FIN,16,18,1540,1644,13.197604,4619.961,4968.6978,4,4,166.6732,156.24863,11027.19,359.61475,255,3626501025,3297027919,255,0.001378,0.000474,0.000904,96,91,0,0,7,1,0,0,0,0,Normal,0
30.201363,udp,-,INT,4,0,388,0,0.099333,77.08261,0.0,0,0,10067.121,0.0,14237.047,0.0,0,0,0,0,0.0,0.0,0.0,97,0,0,0,2,1,0,0,0,0,Fuzzers,1
8e-06,udp,-,INT,2,0,168,0,125000.0,84000000.0,0.0,0,0,0.008,0.0,0.0,0.0,0,0,0,0,0.0,0.0,0.0,84,0,0,0,1,1,0,0,0,0,Reconnaissance,1
8e-06,udp,-,INT,2,0,216,0,125000.0,108000000.0,0.0,0,0,0.008,0.0,0.0,0.0,0,0,0,0,0.0,0.0,0.0,108,0,0,0,1,1,0,0,0,0,Fuzzers,1
0.939115,tcp,-,FIN,16,18,1540,1644,35.139465,12300.943,13229.477,4,4,62.532665,62.5698,4079.59,113.05276,255,1024523095,3331505519,255,0.0007,0.000567,0.000133,96,91,0,0,5,1,0,0,0,0,Normal,0
2.610178,tcp,-,FIN,30,42,2302,34406,27.20121,6822.5234,102941.64,5,15,89.99462,62.195442,6715.0293,5635.852,255,424521443,3220219866,255,0.072045,0.060164,0.011881,77,819,0,0,21,1,0,0,0,0,Normal,0
5e-06,unas,-,INT,2,0,200,0,200000.0,160000000.0,0.0,0,0,0.005,0.0,0.0,0.0,0,0,0,0,0.0,0.0,0.0,100,0,0,0,3,3,0,0,0,0,Analysis,1
6.732094,tcp,-,FIN,28,30,4256,3080,8.466905,4876.9375,3538.8694,7,7,249.32329,231.76486,13555.252,343.28552,255,1577035788,2725133900,255,0.011114,0.01091,0.000204,152,103,0,0,1,1,0,0,0,0,Normal,0
0.545979,tcp,http,FIN,60,14,68199,612,133.70477,982645.8,8337.316,27,1,9.253881,36.79877,1054.6709,57.09755,255,677529866,44880036,255,0.10361,0.053291,0.050319,1137,44,1,0,2,1,0,0,1,0,Fuzzers,1
8e-06,unas,-,INT,2,0,200,0,125000.0,100000000.0,0.0,0,0,0.008,0.0,0.0,0.0,0,0,0,0,0.0,0.0,0.0,100,0,0,0,2,2,0,0,0,0,Analysis,1
1.171131,udp,-,CON,4,4,568,304,5.977128,2910.0076,1557.4688,0,0,352.332,371.28833,498.2649,525.0767,0,0,0,0,0.0,0.0,0.0,142,76,0,0,1,1,0,0,0,0,Normal,0
0.01927,tcp,-,FIN,16,18,1540,1644,1712.5066,599481.06,644732.75,4,4,1.2612,1.175563,76.6006,2.124174,255,199619410,204665674,255,0.0006,0.000458,0.000142,96,91,0,0,6,1,0,0,0,0,Normal,0
0.049339,tcp,-,FIN,30,42,2302,34406,1439.0239,360931.5,5445915.0,5,15,1.688103,1.189585,93.01864,78.11039,255,2289199613,2293301316,255,0.000701,0.000563,0.000138,77,819,0,0,6,1,0,0,0,0,Normal,0
53.54965,tcp,-,FIN,24,18,2144,1524,0.765645,307.00482,215.12746,7,6,2328.1995,3146.653,342749.6,12217.134,255,495973080,2124431073,255,0.086223,0.056532,0.029691,89,85,0,0,2,2,0,0,0,0,Fuzzers,1
1.428834,tcp,-,FIN,16,18,1540,1644,23.095757,8084.914,8695.202,4,4,95.2314,83.230644,6740.9536,196.0093,255,3754814500,3279059237,255,0.019716,0.01391,0.005806,96,91,0,0,14,1,0,0,0,0,Normal,0
2.985014,tcp,-,FIN,16,18,1540,1644,11.055225,3869.9985,4162.1245,4,4,198.97887,172.16812,14019.292,324.64282,255,1492003500,1199044736,255,0.059042,0.058151,0.000891,96,91,0,0,6,1,0,0,0,0,Normal,0
0.001053,udp,dns,CON,2,2,146,178,2849.003,554605.9,676163.4,0,0,0.01,0.007,0.0,0.0,0,0,0,0,0.0,0.0,0.0,73,89,0,0,3,1,0,0,0,0,Normal,0
17.330788,ospf,-,INT,28,0,12832,0,1.557921,5711.916,0.0,0,0,641.88104,0.0,746.48883,0.0,0,0,0,0,0.0,0.0,0.0,458,0,0,0,1,1,0,0,0,0,Fuzzers,1
0.020928,tcp,-,FIN,16,18,1540,1644,1576.835,551987.8,593654.44,4,4,1.374067,1.203823,90.561,2.182193,255,3824174866,1679665934,255,0.00057,0.00046,0.00011,96,91,0,0,5,1,0,0,0,0,Normal,0
0.831875,tcp,http,FIN,10,6,1078,268,18.031555,9337.941,2154.1697,2,1,89.47344,143.9796,4622.476,230.55658,255,698806467,3605629772,255,0.170153,0.111968,0.058185,108,45,1,0,1,1,0,0,1,0,Exploits,1
36.74713,tcp,-,FIN,64,66,3806,51808,3.510478,815.7371,11108.133,7,26,583.28217,565.3295,110598.71,108896.71,255,3742293324,3742662704,255,0.000855,0.000696,0.000159,59,785,0,0,1,1,0,0,0,0,Normal,0
8e-06,iatp,-,INT,2,0,200,0,125000.0,100000000.0,0.0,0,0,0.008,0.0,0.0,0.0,0,0,0,0,0.0,0.0,0.0,100,0,0,0,2,2,0,0,0,0,Backdoor,1
3e-06,udp,-,INT,2,0,344,0,333333.3,458666660.0,0.0,0,0,0.003,0.0,0.0,0.0,0,0,0,0,0.0,0.0,0.0,172,0,0,0,3,1,0,0,0,0,Fuzzers,1
7.224219,ospf,-,REQ,22,0,2376,0,2.906889,2511.5518,0.0,0,0,370.97598,0.0,394.10214,0.0,0,0,0,0,0.0,0.0,0.0,108,0,0,0,1,1,0,0,0,0,Exploits,1
0.023514,tcp,-,FIN,16,18,1540,1644,1403.4192,491281.78,528366.06,4,4,1.544867,1.356118,97.40714,2.761592,255,3532492127,1392139691,255,0.000571,0.000457,0.000114,96,91,0,0,5,1,0,0,0,0,Normal,0
0.689922,tcp,-,FIN,10,6,756,268,21.741589,7896.545,2597.3953,2,1,76.55222,125.2106,3881.4773,184.59381,255,2839971326,2919991790,255,0.106862,0.06386,0.043002,76,45,0,0,1,1,0,0,0,0,Fuzzers,1
0.018967,tcp,-,FIN,16,18,1540,1644,1739.8639,609057.8,655032.4,4,4,1.233667,1.087471,75.51861,2.183521,255,1567103349,3716346844,255,0.000593,0.000477,0.000116,96,91,0,0,12,1,0,0,0,0,Normal,0
4.273767,tcp,-,FIN,30,42,2302,34406,16.61298,4166.816,62871.0,5,15,147.35934,104.11163,13164.751,11841.914,255,3204874631,1090440589,255,0.005311,0.005189,0.000122,77,819,0,0,1,1,0,0,0,0,Normal,0
0.018524,tcp,-,FIN,16,18,1540,1644,1781.4727,623623.4,670697.44,4,4,1.211267,1.062647,86.03501,1.696396,255,3069198419,3071379660,255,0.000575,0.000456,0.000119,96,91,0,0,7,1,0,0,0,0,Normal,0
0.117827,tcp,-,FIN,16,18,1540,1644,280.07162,98042.05,105442.73,4,4,8.3945,6.872471,630.65466,16.387829,255,2126975001,3089209572,255,0.00116,0.000989,0.000171,96,91,0,0,2,1,0,0,0,0,Normal,0
6.411868,tcp,http,FIN,8,10,1052,824,2.651333,1149.1191,925.78326,2,2,915.8158,712.3647,75375.734,1985.4034,255,1432002375,3578480733,255,0.00075,0.000582,0.000168,132,82,1,83,8,1,0,0,1,0,Normal,0
0.048004,tcp,-,FIN,30,42,2302,34406,1479.0433,370969.06,5597366.5,5,15,1.703,1.188475,94.913605,76.02422,255,2816683434,2816424764,255,0.000584,0.000462,0.000122,77,819,0,0,6,1,0,0,0,0,Normal,0
0.363788,tcp,-,FIN,10,6,574,268,41.232803,11369.259,4925.946,2,1,37.163,60.278397,1955.9895,86.577866,255,1641630646,4009103135,255,0.109998,0.062388,0.04761,57,45,0,0,2,1,0,0,0,0,Fuzzers,1
0.299277,tcp,-,FIN,10,6,756,268,50.12079,18203.871,5987.7637,2,1,33.142666,47.305397,1708.3722,78.868996,255,516082141,1607326080,255,0.114318,0.062741,0.051577,76,45,0,0,2,1,0,0,0,0,Fuzzers,1
0.062793,tcp,-,FIN,16,18,1540,1644,525.53625,183969.55,197856.44,4,4,4.1636,3.895125,324.146,7.120292,255,1589550844,3772388158,255,0.000922,0.000465,0.000457,96,91,0,0,5,1,0,0,0,0,Normal,0
3e-06,unas,-,INT,2,0,200,0,333333.3,266666660.0,0.0,0,0,0.003,0.0,0.0,0.0,0,0,0,0,0.0,0.0,0.0,100,0,0,0,3,3,0,0,0,0,Analysis,1
1.236218,tcp,-,FIN,16,18,1540,1644,26.69432,9344.63,10050.008,4,4,82.33853,72.688705,4833.8403,145.31009,255,958411278,3390229113,255,0.000991,0.000505,0.000486,96,91,0,0,13,1,0,0,0,0,Normal,0
0.000991,udp,dns,CON,2,2,132,164,3027.2454,532795.2,661957.6,0,0,0.009,0.009,0.0,0.0,0,0,0,0,0.0,0.0,0.0,66,82,0,0,1,1,0,0,0,0,Normal,0
0.630595,tcp,-,FIN,10,8,756,354,26.958666,8639.459,3932.7935,2,1,69.959,80.66929,4512.801,117.974396,255,3061714792,696449209,255,0.117978,0.065902,0.052076,76,44,0,0,1,1,0,0,0,0,Fuzzers,1
0.029078,tcp,-,FIN,16,18,1540,1644,1134.8787,397276.3,427264.6,4,4,1.891667,1.677471,119.45612,3.414985,255,229430750,1043871902,255,0.00099,0.000556,0.000434,96,91,0,0,11,1,0,0,0,0,Normal,0
1.407269,tcp,ftp,FIN,14,12,810,682,17.764906,4280.6313,3558.6658,4,4,108.22884,120.24982,5755.661,153.01758,255,1726233151,1389133376,255,0.13292,0.084513,0.048407,58,57,0,0,1,1,1,1,0,0,Fuzzers,1
8e-06,udp,-,INT,2,0,2048,0,125000.0,1024000000.0,0.0,0,0,0.008,0.0,0.0,0.0,0,0,0,0,0.0,0.0,0.0,1024,0,0,0,1,1,0,0,0,0,Fuzzers,1
0.834822,tcp,-,FIN,16,18,1540,1644,39.529385,13837.681,14882.215,4,4,55.633064,49.07359,4456.049,137.62997,255,689552743,2932415705,255,0.00069,0.00057,0.00012,96,91,0,0,10,1,0,0,0,0,Normal,0
54.354286,tcp,-,FIN,20,14,3740,622,0.607128,522.93945,85.07149,5,1,2860.703,4177.622,383065.1,14076.29,255,3698702806,4021744346,255,0.120139,0.045196,0.074943,187,44,0,0,2,2,0,0,0,0,Fuzzers,1
0.001715,udp,-,CON,4,4,528,304,4081.6326,1847230.2,1063556.9,0,0,0.449667,0.202,0.628854,0.279313,0,0,0,0,0.0,0.0,0.0,132,76,0,0,1,1,0,0,0,0,Normal,0
23.359533,tcp,ssh,FIN,62,58,5928,8010,5.09428,1997.6427,2695.9443,14,17,382.94318,417.1191,79445.516,82780.87,255,314453311,314842321,255,0.000871,0.00073,0.000141,96,138,0,0,1,1,0,0,0,0,Normal,0
3e-06,unas,-,INT,2,0,200,0,333333.3,266666660.0,0.0,0,0,0.003,0.0,0.0,0.0,0,0,0,0,0.0,0.0,0.0,100,0,0,0,3,3,0,0,0,0,Analysis,1
0.911787,tcp,-,FIN,10,6,756,268,16.451212,5975.08,1965.3713,2,1,101.18389,162.8314,5379.2017,267.43878,255,3013869941,1765607937,255,0.179094,0.097622,0.081472,76,45,0,0,1,1,0,0,0,0,Fuzzers,1
2.361051,tcp,ftp,FIN,14,12,1716,682,10.588504,5400.9844,2121.089,4,4,179.811,200.42326,11656.257,326.7352,255,2951703761,1287422711,255,0.236338,0.156392,0.079946,123,57,0,0,1,1,0,0,0,0,Fuzzers,1
1.607125,tcp,-,FIN,16,18,1540,1644,20.533562,7187.9907,7730.5747,4,4,123.54061,99.92834,6624.118,203.5165,255,1609425075,1076042529,255,0.175997,0.108197,0.0678,96,91,0,0,13,1,0,0,0,0,Normal,0
0.672293,tcp,http,FIN,12,8,896,1066,28.261486,9781.449,11102.302,2,2,61.117546,84.26343,3773.6116,127.46553,255,4151329657,1775276183,255,0.082911,0.053438,0.029473,75,133,1,131,2,1,0,0,1,0,Analysis,1
1.413361,tcp,-,FIN,16,18,1540,1644,23.3486,8173.4253,8790.395,4,4,94.20174,78.949585,5242.708,128.16153,255,926974719,3223240281,255,0.072045,0.071217,0.000828,96,91,0,0,9,1,0,0,0,0,Normal,0
0.91646,tcp,-,FIN,12,8,1494,720,20.731947,11959.061,5499.422,3,2,80.932,118.285,4144.004,160.25574,255,280856140,445694188,255,0.172636,0.088456,0.08418,125,90,0,0,2,1,0,0,0,0,Fuzzers,1
0.468508,tcp,-,FIN,10,8,756,354,36.2854,11628.403,5293.3994,2,1,50.501446,59.885715,3394.537,119.79223,255,1348883413,3611733592,255,0.103565,0.049307,0.054258,76,44,0,0,2,1,0,0,0,0,Fuzzers,1
44.66917,tcp,-,FIN,26,16,3154,1452,0.917859,543.1934,243.92662,11,6,1786.08,2972.9563,272290.6,10722.186,255,3795079028,3372517636,255,0.111647,0.074822,0.036825,121,91,0,0,2,2,0,0,0,0,Fuzzers,1
0.735505,tcp,-,FIN,12,8,1140,756,25.832592,11366.341,7200.495,3,2,66.8641,94.10443,4007.6646,127.47075,255,283273760,1612419625,255,0.114266,0.075917,0.038349,95,95,0,0,1,1,0,0,0,0,Fuzzers,1
1.356066,tcp,-,FIN,16,18,1540,1644,24.335098,8518.76,9161.796,4,4,90.38347,84.716934,6233.745,146.88538,255,2016917053,1177995309,255,0.000763,0.000592,0.000171,96,91,0,0,15,1,0,0,0,0,Normal,0
3.222392,tcp,-,FIN,28,42,2198,34406,21.412664,5263.171,83384.016,5,15,123.92507,78.58268,8963.311,7755.8364,255,2882423948,1194071611,255,0.000643,0.000498,0.000145,79,819,0,0,3,1,0,0,0,0,Normal,0
3.618151,tcp,-,FIN,16,18,1540,1644,9.120681,3192.791,3433.798,4,4,241.18379,207.18782,16783.268,531.0916,255,661945043,1391045362,255,0.28976,0.095954,0.193806,96,91,0,0,10,1,0,0,0,0,Normal,0
0.67547,tcp,ftp,FIN,12,12,2616,682,34.050365,28400.965,7414.0967,3,4,61.406364,52.081364,3035.1868,64.822975,255,2162593193,2671705107,255,0.162189,0.101743,0.060446,218,57,0,0,2,1,0,0,0,0,Fuzzers,1
18.962536,tcp,-,FIN,80,80,4654,72810,8.384954,1938.9812,30333.496,7,33,243.10475,240.02383,30325.062,922.21094,255,412001409,412346505,255,0.000792,0.000644,0.000148,58,910,0,0,1,1,0,0,0,0,Normal,0
9e-06,udp,-,INT,2,0,104,0,111111.11,46222220.0,0.0,0,0,0.009,0.0,0.0,0.0,0,0,0,0,0.0,0.0,0.0,52,0,0,0,1,1,0,0,0,0,Fuzzers,1
0.001139,udp,dns,CON,2,2,132,164,2633.8892,463564.5,575943.75,0,0,0.009,0.007,0.0,0.0,0,0,0,0,0.0,0.0,0.0,66,82,0,0,2,1,0,0,0,0,Normal,0
3e-06,crtp,-,INT,2,0,200,0,333333.3,266666660.0,0.0,0,0,0.003,0.0,0.0,0.0,0,0,0,0,0.0,0.0,0.0,100,0,0,0,2,2,0,0,0,0,Backdoor,1
0.003853,tcp,http,FIN,8,10,1052,824,4412.1465,1912276.1,1540617.8,2,2,0.502286,0.372889,32.53238,0.663467,255,3532487071,1388143878,255,0.000607,0.000493,0.000114,132,82,1,83,1,1,0,0,1,0,Normal,0
0.043076,tcp,-,FIN,16,18,1540,1644,766.0878,268177.16,288420.47,4,4,2.8496,2.441,167.24507,4.886773,255,857037623,3186579632,255,0.001739,0.001575,0.000164,96,91,0,0,4,1,0,0,0,0,Normal,0
8e-06,snp,-,INT,2,0,200,0,125000.0,100000000.0,0.0,0,0,0.008,0.0,0.0,0.0,0,0,0,0,0.0,0.0,0.0,100,0,0,0,2,2,0,0,0,0,Exploits,1
14.854001,tcp,http,FIN,14,18,1684,10168,2.08698,842.332,5172.4785,3,5,1142.5891,873.7311,67015.62,58603.08,255,1264526197,1265635941,255,0.000716,0.00057,0.000146,120,565,1,3924,1,1,0,0,1,0,Normal,0
1e-05,udp,-,INT,2,0,1326,0,100000.0,530400000.0,0.0,0,0,0.01,0.0,0.0,0.0,0,0,0,0,0.0,0.0,0.0,663,0,0,0,6,1,0,0,0,0,Normal,0
30.693087,ospf,-,INT,20,0,1280,0,0.619032,316.94434,0.0,0,0,1615.4257,0.0,1884.1481,0.0,0,0,0,0,0.0,0.0,0.0,64,0,0,0,1,1,0,0,0,0,Exploits,1
2.07484,tcp,-,FIN,12,10,994,790,10.121262,3516.4155,2741.416,3,2,186.25082,220.7691,14647.425,351.03366,255,795076503,2355181118,255,0.139307,0.087911,0.051396,83,79,0,0,2,2,0,0,0,0,Fuzzers,1
0.859491,tcp,-,FIN,16,18,1540,1644,38.394817,13440.514,14455.067,4,4,61.36886,48.51675,4654.354,102.04321,255,3581584453,1208647399,255,0.084999,0.083222,0.001777,96,91,0,0,15,1,0,0,0,0,Normal,0
31.581547,tcp,-,FIN,66,66,3910,51808,4.147992,975.50635,12925.016,7,26,493.4565,485.85968,75342.89,2321.6157,255,3359836463,1214802154,255,0.000786,0.000654,0.000132,59,785,0,0,1,1,0,0,0,0,Normal,0
1.244199,tcp,-,FIN,16,18,1540,1644,26.523088,9284.688,9985.541,4,4,81.53713,77.69144,5482.8906,166.8339,255,1204525001,3158697168,255,0.00134,0.00113,0.00021,96,91,0,0,15,1,0,0,0,0,Normal,0
0.488658,tcp,-,FIN,8,8,364,566,30.696316,5222.4663,8120.198,1,2,69.80828,51.34,3701.2822,89.38188,255,2574012048,2485086150,255,0.198823,0.093909,0.104914,46,71,0,0,1,1,0,0,0,0,Backdoor,1
1.465243,tcp,-,FIN,28,30,4656,3080,38.901398,24514.705,16259.419,7,7,54.25659,50.50655,3569.7651,96.5025,255,354583985,1826382452,255,0.000696,0.000549,0.000147,166,103,0,0,1,1,0,0,0,0,Normal,0
1e-06,unas,-,INT,2,0,200,0,1000000.0,800000000.0,0.0,0,0,0.001,0.0,0.0,0.0,0,0,0,0,0.0,0.0,0.0,100,0,0,0,2,2,0,0,0,0,Backdoor,1
43.239883,tcp,http,FIN,354,746,18890,1087890,25.41635,3485.1157,201005.53,2,370,123.189735,58.03938,45176.76,31149.188,255,2076912432,4227751753,255,0.000698,0.000552,0.000146,53,1458,1,524288,1,1,0,0,1,0,Normal,0
0.069478,tcp,-,FIN,16,18,1540,1644,474.97052,166268.47,178819.2,4,4,4.611333,4.051647,299.4166,7.480312,255,3619133540,1489046987,255,0.000941,0.000599,0.000342,96,91,0,0,17,1,0,0,0,0,Normal,0
0.168777,tcp,-,FIN,16,18,1540,1644,195.52426,68445.34,73611.92,4,4,11.23,9.897706,816.98615,24.206194,255,1529552485,1538220004,255,0.000694,0.00051,0.000184,96,91,0,0,4,1,0,0,0,0,Normal,0
1.971267,tcp,-,FIN,16,18,1540,1644,16.740503,5860.1904,6302.5454,4,4,131.3946,121.94962,9282.818,211.34447,255,1217040747,1650849120,255,0.020888,0.02007,0.000818,96,91,0,0,10,1,0,0,0,0,Normal,0
9e-06,ddx,-,INT,2,0,200,0,111111.11,88888890.0,0.0,0,0,0.009,0.0,0.0,0.0,0,0,0,0,0.0,0.0,0.0,100,0,0,0,1,1,0,0,0,0,DoS,1
1.310356,tcp,-,FIN,28,42,2198,34406,52.657444,12943.047,205055.72,5,15,50.38527,31.938194,3068.446,2340.77,255,1274463287,999620985,255,0.001007,0.000889,0.000118,79,819,0,0,4,1,0,0,0,0,Normal,0
2.102393,tcp,-,FIN,16,18,1540,1644,15.6964,5494.6914,5909.4565,4,4,150.13899,117.838646,8580.4795,219.81964,255,1359496174,1095235892,255,0.155948,0.099132,0.056816,96,91,0,0,11,1,0,0,0,0,Normal,0
2.461457,tcp,-,FIN,16,18,1540,1644,13.406694,4693.1553,5047.417,4,4,164.07314,151.51256,11213.255,265.16394,255,4102291505,3382821377,255,0.038106,0.037235,0.000871,96,91,0,0,13,1,0,0,0,0,Normal,0
18.180914,tcp,http,FIN,8,10,1052,824,0.935047,405.26016,326.49625,2,2,2586.3962,2020.04,212696.12,5643.3667,255,974454604,975611767,255,0.000695,0.000546,0.000149,132,82,1,83,7,1,0,0,1,0,Normal,0
8e-06,udp,-,INT,2,0,104,0,125000.0,52000000.0,0.0,0,0,0.008,0.0,0.0,0.0,0,0,0,0,0.0,0.0,0.0,52,0,0,0,1,1,0,0,0,0,Fuzzers,1
0.137088,tcp,-,FIN,16,18,1540,1644,240.72128,84267.04,90627.914,4,4,9.766714,7.999059,656.1521,16.430443,255,2126975972,3090208056,255,0.00123,0.001104,0.000126,96,91,0,0,3,1,0,0,0,0,Normal,0
35.40239,tcp,http,FIN,14,18,1684,10168,0.875647,353.4225,2170.249,3,5,2723.233,2082.4624,215378.05,188555.89,255,1849426533,4000110177,255,0.000665,0.000529,0.000136,120,565,1,3924,1,1,0,0,1,0,Normal,0
4e-06,udp,-,INT,2,0,2960,0,250000.0,2960000000.0,0.0,0,0,0.004,0.0,0.0,0.0,0,0,0,0,0.0,0.0,0.0,1480,0,0,0,1,1,0,0,0,0,Fuzzers,1
1e-06,unas,-,INT,2,0,200,0,1000000.0,800000000.0,0.0,0,0,0.001,0.0,0.0,0.0,0,0,0,0,0.0,0.0,0.0,100,0,0,0,1,1,0,0,0,0,Analysis,1
0.698918,tcp,-,FIN,10,6,534,268,21.461746,5505.6533,2563.9631,2,1,75.101555,127.19,4945.0703,227.15768,255,1202831469,3960841167,255,0.107892,0.062959,0.044933,53,45,0,0,3,3,0,0,0,0,Fuzzers,1
9e-06,unas,-,INT,2,0,200,0,111111.11,88888890.0,0.0,0,0,0.009,0.0,0.0,0.0,0,0,0,0,0.0,0.0,0.0,100,0,0,0,2,2,0,0,0,0,Backdoor,1
17.582338,tcp,-,FIN,22,24,1920,4312,2.559387,834.01874,1880.5234,6,6,837.1969,764.4211,72203.086,69105.84,255,2921580514,772334661,255,0.000791,0.000644,0.000147,87,180,0,0,1,1,0,0,0,0,Normal,0
0.340802,tcp,http,FIN,10,8,804,2714,49.882336,16995.205,55750.844,2,2,37.86689,45.631,1822.861,66.711716,255,1258158764,2960110442,255,0.0768,0.020716,0.056084,80,339,1,955,1,1,0,0,1,0,Normal,0
8e-06,unas,-,INT,2,0,200,0,125000.0,100000000.0,0.0,0,0,0.008,0.0,0.0,0.0,0,0,0,0,0.0,0.0,0.0,100,0,0,0,1,1,0,0,0,0,Backdoor,1
9e-06,udp,-,INT,2,0,104,0,111111.11,46222220.0,0.0,0,0,0.009,0.0,0.0,0.0,0,0,0,0,0.0,0.0,0.0,52,0,0,0,1,1,0,0,0,0,Fuzzers,1
1.28436,tcp,-,FIN,16,18,1540,1644,25.69373,8994.362,9673.3,4,4,85.59907,77.1456,7436.2725,166.1907,255,3279013463,1029239670,255,0.128005,0.127175,0.00083,96,91,0,0,13,1,0,0,0,0,Normal,0
0.013994,tcp,-,FIN,16,18,1540,1644,2358.1536,825496.6,887809.06,4,4,0.912333,0.796588,65.48193,1.492987,255,3365004187,1225695713,255,0.000564,0.000448,0.000116,96,91,0,0,6,1,0,0,0,0,Normal,0
0.604784,tcp,http,FIN,12,10,1382,2936,34.72314,16759.703,34961.242,3,3,54.980366,63.346222,2926.7283,89.620964,255,2902454834,3685233259,255,0.077099,0.033955,0.043144,115,294,1,158,1,1,0,0,1,0,Exploits,1
0.31597,tcp,-,FIN,10,6,518,268,47.472862,11823.907,5671.4243,2,1,33.498444,48.070602,1866.5071,74.11746,255,1481164948,3341150864,255,0.145343,0.075614,0.069729,52,45,0,0,2,1,0,0,0,0,Fuzzers,1
0.001084,udp,dns,CON,2,2,132,164,2767.5276,487084.88,605166.06,0,0,0.009,0.007,0.0,0.0,0,0,0,0,0.0,0.0,0.0,66,82,0,0,3,1,0,0,0,0,Normal,0
0.001098,udp,dns,CON,2,2,132,164,2732.2405,480874.3,597449.94,0,0,0.01,0.008,0.0,0.0,0,0,0,0,0.0,0.0,0.0,66,82,0,0,3,2,0,0,0,0,Normal,0
0.798038,tcp,http,FIN,60,14,68199,612,91.47434,672278.75,5703.989,27,1,13.133508,56.319153,1336.4265,80.19143,255,880172358,4227835320,255,0.114423,0.065886,0.048537,1137,44,1,0,2,1,0,0,1,0,Fuzzers,1
10.362406,tcp,-,FIN,80,80,4654,72810,15.343927,3548.2107,55508.344,7,33,132.84703,131.15933,24069.783,745.2126,255,1251999392,3397821513,255,0.000958,0.00081,0.000148,58,910,0,0,1,1,0,0,0,0,Normal,0
0.180874,tcp,ssh,FIN,110,114,9608,12298,1232.9025,421110.8,539204.06,26,31,1.703434,1.610152,138.59145,134.62979,255,3172483341,3172766105,255,0.000659,0.000536,0.000123,87,108,0,0,1,1,0,0,0,0,Normal,0
1.577751,tcp,-,FIN,16,18,1540,1644,20.915848,7321.8145,7874.4995,4,4,105.16227,89.97406,6642.205,224.71667,255,4121587172,3240024928,255,0.13899,0.138165,0.000825,96,91,0,0,11,1,0,0,0,0,Normal,0
1.368905,tcp,-,FIN,10,8,564,354,12.418685,2968.7964,1811.6671,2,1,145.85834,177.27542,8971.69,247.6246,255,2338676894,3965773273,255,0.227948,0.127974,0.099974,56,44,0,0,1,1,0,0,0,0,Reconnaissance,1
3e-06,unas,-,INT,2,0,200,0,333333.3,266666660.0,0.0,0,0,0.003,0.0,0.0,0.0,0,0,0,0,0.0,0.0,0.0,100,0,0,0,3,3,0,0,0,0,Backdoor,1
0.499826,tcp,-,FIN,10,6,756,268,30.010443,10899.793,3585.2476,2,1,53.614223,73.4842,2734.3079,108.387245,255,1165474513,1917875735,255,0.186694,0.132398,0.054296,76,45,0,0,2,1,0,0,0,0,Fuzzers,1
1.673073,tcp,-,FIN,16,18,1540,1644,19.724184,6904.6597,7425.8564,4,4,111.4654,95.55737,7577.2124,163.49265,255,2857393380,1076037696,255,0.211952,0.144152,0.0678,96,91,0,0,8,1,0,0,0,0,Normal,0
2.287224,tcp,-,FIN,14,14,798,764,11.804703,2591.788,2483.3596,4,4,175.9403,170.0317,11092.908,394.881,255,396472622,3911729490,255,0.165539,0.07608,0.089459,57,55,0,0,1,1,0,0,0,0,Fuzzers,1
1.955616,tcp,-,FIN,16,18,1540,1644,16.874477,5907.0903,6352.9854,4,4,130.351,120.024,8892.108,298.96277,255,737038426,3366037334,255,0.036993,0.035231,0.001762,96,91,0,0,5,1,0,0,0,0,Normal,0
1.1e-05,udp,-,INT,2,0,2974,0,90909.09,1081454600.0,0.0,0,0,0.011,0.0,0.0,0.0,0,0,0,0,0.0,0.0,0.0,1487,0,0,0,1,1,0,0,0,0,Fuzzers,1
5e-06,wb-expak,-,INT,2,0,200,0,200000.0,160000000.0,0.0,0,0,0.005,0.0,0.0,0.0,0,0,0,0,0.0,0.0,0.0,100,0,0,0,2,2,0,0,0,0,Backdoor,1
0.61917,tcp,-,FIN,10,6,534,268,24.22598,6214.7715,2894.197,2,1,68.79667,96.456795,3656.445,169.31914,255,1805418362,2913557979,255,0.194768,0.120488,0.07428,53,45,0,0,1,1,0,0,0,0,Fuzzers,1
0.051153,tcp,-,FIN,16,18,1540,1644,645.1235,225832.31,242879.2,4,4,3.630214,2.973294,220.08443,6.339149,255,1356921147,3087941131,255,0.000725,0.000607,0.000118,96,91,0,0,5,1,0,0,0,0,Normal,0
3e-06,unas,-,INT,2,0,200,0,333333.3,266666660.0,0.0,0,0,0.003,0.0,0.0,0.0,0,0,0,0,0.0,0.0,0.0,100,0,0,0,2,2,0,0,0,0,Backdoor,1
1.967046,tcp,-,FIN,16,18,1540,1644,16.776424,5872.7656,6316.07,4,4,131.116,115.680885,8524.199,203.26474,255,2691520617,3177587150,255,0.000601,0.000468,0.000133,96,91,0,0,9,1,0,0,0,0,Normal,0
2.284897,tcp,-,FIN,16,18,1540,1644,14.442664,5055.8076,5437.444,4,4,152.30588,142.71419,9442.024,273.93845,255,184519875,1292682476,255,0.222294,0.001467,0.220827,96,91,0,0,21,1,0,0,0,0,Normal,0
8e-06,srp,-,INT,2,0,200,0,125000.0,100000000.0,0.0,0,0,0.008,0.0,0.0,0.0,0,0,0,0,0.0,0.0,0.0,100,0,0,0,1,1,0,0,0,0,Exploits,1
0.408685,tcp,-,FIN,10,6,622,268,36.703083,10961.988,4384.795,2,1,45.349777,69.774796,2311.6584,111.11302,255,2612881276,148322925,255,0.138773,0.05981,0.078963,62,45,0,0,2,1,0,0,0,0,Fuzzers,1
0.699538,tcp,-,FIN,16,18,1540,1644,47.173992,16513.756,17760.293,4,4,46.614998,39.709312,2861.3555,86.94203,255,589421886,1158257264,255,0.064362,0.064186,0.000176,96,91,0,0,15,1,0,0,0,0,Normal,0
0.488439,tcp,-,FIN,10,6,756,268,30.71008,11153.9,3668.8308,2,1,50.586887,76.2504,2609.005,111.943436,255,2333346078,2781725681,255,0.165976,0.107183,0.058793,76,45,0,0,2,1,0,0,0,0,Fuzzers,1
9e-06,unas,-,INT,2,0,200,0,111111.11,88888890.0,0.0,0,0,0.009,0.0,0.0,0.0,0,0,0,0,0.0,0.0,0.0,100,0,0,0,3,3,0,0,0,0,Backdoor,1
8e-06,udp,-,INT,2,0,104,0,125000.0,52000000.0,0.0,0,0,0.008,0.0,0.0,0.0,0,0,0,0,0.0,0.0,0.0,52,0,0,0,3,1,0,0,0,0,Fuzzers,1
9e-06,udp,-,INT,2,0,216,0,111111.11,96000000.0,0.0,0,0,0.009,0.0,0.0,0.0,0,0,0,0,0.0,0.0,0.0,108,0,0,0,2,1,0,0,0,0,Fuzzers,1
5e-06,udp,-,INT,2,0,104,0,200000.0,83200000.0,0.0,0,0,0.005,0.0,0.0,0.0,0,0,0,0,0.0,0.0,0.0,52,0,0,0,1,1,0,0,0,0,Fuzzers,1
11.087223,tcp,http,FIN,12,18,1580,10168,2.615623,1045.5278,6929.7783,3,5,1007.89514,652.15735,65450.516,40766.383,255,377039570,378054925,255,0.000709,0.000544,0.000165,132,565,1,3924,1,1,0,0,1,0,Normal,0
0.049217,tcp,ftp-data,FIN,14,8,8928,424,426.68182,1347664.4,60304.367,4,1,3.785923,6.937571,402.8683,16.830973,255,1409553417,3882454626,255,0.000645,0.000518,0.000127,638,53,0,0,1,1,0,0,0,0,Normal,0
13.359051,tcp,smtp,FIN,52,42,37230,3380,6.961572,21866.822,1976.1884,18,8,272.62628,325.81635,48638.7,1648.5072,255,3084872545,940631757,255,0.000727,0.000577,0.00015,716,80,0,0,1,1,0,0,0,0,Normal,0
2.243036,tcp,-,FIN,16,18,1540,1644,14.712202,5150.1626,5538.9214,4,4,149.50867,128.63683,10252.525,310.74213,255,2882426806,1391058561,255,0.250003,0.056209,0.193794,96,91,0,0,10,1,0,0,0,0,Normal,0
12.960367,tcp,-,FIN,122,126,7816,15132,19.058102,4785.05,9266.404,30,32,111.7231,103.67861,27556.05,26474.982,255,1779485579,3925918853,255,0.000674,0.000534,0.00014,64,120,0,0,1,1,0,0,0,0,Normal,0
0.001014,udp,dns,CON,2,2,146,178,2958.5798,575936.9,702169.6,0,0,0.009,0.002,0.0,0.0,0,0,0,0,0.0,0.0,0.0,73,89,0,0,2,1,0,0,0,0,Normal,0
0.91289,tcp,-,FIN,14,8,1152,710,23.003866,9376.814,5450.821,3,2,69.00754,113.54171,3964.3628,163.0913,255,3442914286,3853059886,255,0.185926,0.118093,0.067833,82,89,0,0,1,1,0,0,0,0,Fuzzers,1
1.183736,tcp,-,FIN,60,14,68187,612,61.66916,453148.34,3845.4521,27,1,19.722881,86.23738,2054.4182,131.06108,255,559472635,336655302,255,0.094983,0.062644,0.032339,1136,44,1,0,2,1,0,0,1,0,Fuzzers,1
33.82956,tcp,-,FIN,28,30,4256,3080,1.684917,970.5122,704.2362,7,7,1252.9346,1166.5173,141085.45,4158.5986,255,361938669,365040092,255,0.000711,0.000546,0.000165,152,103,0,0,1,1,0,0,0,0,Normal,0
7e-06,udp,-,INT,2,0,104,0,142857.14,59428572.0,0.0,0,0,0.007,0.0,0.0,0.0,0,0,0,0,0.0,0.0,0.0,52,0,0,0,1,1,0,0,0,0,Fuzzers,1
8e-06,unas,-,INT,2,0,200,0,125000.0,100000000.0,0.0,0,0,0.008,0.0,0.0,0.0,0,0,0,0,0.0,0.0,0.0,100,0,0,0,6,6,0,0,0,0,Backdoor,1
0.450815,tcp,-,FIN,16,18,1540,1644,73.20076,25624.703,27558.977,4,4,30.0272,28.146,1990.6368,62.68043,255,3419852333,3309012710,255,0.000598,0.000476,0.000122,96,91,0,0,14,1,0,0,0,0,Normal,0
30.370993,arp,-,CON,3,3,138,84,0.164631,24.23365,14.750917,0,0,15185.494,15185.481,15185.421,15185.411,0,0,0,0,0.0,0.0,0.0,46,28,0,0,1,1,0,0,0,0,Normal,0
0.775962,tcp,-,FIN,10,8,2516,354,21.908289,23351.658,3196.0327,2,1,86.218,95.58029,5130.8184,167.31293,255,1920325839,2355328017,255,0.235589,0.091048,0.144541,252,44,0,0,1,1,0,0,0,0,Fuzzers,1
5e-06,iplt,-,INT,2,0,200,0,200000.0,160000000.0,0.0,0,0,0.005,0.0,0.0,0.0,0,0,0,0,0.0,0.0,0.0,100,0,0,0,1,1,0,0,0,0,Backdoor,1
0.026517,tcp,-,FIN,16,18,1540,1644,1244.4846,435645.06,468529.62,4,4,1.746067,1.530941,111.39653,2.673901,255,2069554908,4221150144,255,0.000608,0.000485,0.000123,96,91,0,0,2,1,0,0,0,0,Normal,0
27.244581,tcp,-,FIN,24,26,2024,4416,1.798523,569.65454,1247.0737,6,6,1184.5322,1089.7561,140503.94,4120.3477,255,2704030513,2704402239,255,0.000799,0.000664,0.000135,84,170,0,0,2,1,0,0,0,0,Normal,0
0.004034,tcp,http,FIN,8,10,1052,824,4214.1797,1826475.0,1471492.4,2,2,0.525429,0.388333,33.45113,0.688493,255,2142067552,4288462895,255,0.00066,0.000535,0.000125,132,82,1,83,3,1,0,0,1,0,Normal,0
0.698918,tcp,-,FIN,10,6,534,268,21.461746,5505.6533,2563.9631,2,1,75.101555,127.19,4945.0703,227.15768,255,1202831469,3960841167,255,0.107892,0.062959,0.044933,53,45,0,0,3,3,0,0,0,0,Fuzzers,1
0.001329,udp,dns,CON,2,2,132,164,2257.3364,397291.2,493604.22,0,0,0.0,0.004,0.0,0.0,0,0,0,0,0.0,0.0,0.0,66,82,0,0,1,1,0,0,0,0,Normal,0
1.740988,tcp,-,FIN,16,18,1540,1644,18.954754,6635.313,7136.1777,4,4,116.022064,108.7805,7001.725,202.07727,255,3842426074,1850918707,255,0.000614,0.000494,0.00012,96,91,0,0,21,1,0,0,0,0,Normal,0
3e-06,unas,-,INT,2,0,200,0,333333.3,266666660.0,0.0,0,0,0.003,0.0,0.0,0.0,0,0,0,0,0.0,0.0,0.0,100,0,0,0,3,3,0,0,0,0,Backdoor,1
0.10533,tcp,ftp-data,FIN,8,12,424,8824,180.38545,28178.107,614373.9,1,4,14.996286,10.4878,1238.2445,651.05426,255,2642426103,3260041977,255,0.000582,0.00045,0.000132,53,735,0,0,1,1,0,0,0,0,Normal,0
0.0,arp,-,INT,1,0,46,0,0.0,0.0,0.0,0,0,0.0,0.0,0.0,0.0,0,0,0,0,0.0,0.0,0.0,46,0,0,0,1,1,0,0,0,1,Normal,0
28.607513,tcp,-,FIN,64,66,3806,51808,4.509305,1047.8367,14268.699,7,26,461.40662,440.10608,62322.215,60918.48,255,3972353137,1827292254,255,0.000762,0.000606,0.000156,59,785,0,0,1,1,0,0,0,0,Normal,0
0.433802,tcp,-,FIN,10,6,610,268,34.577988,10124.435,4130.917,2,1,44.88078,73.4166,2593.7017,113.3093,255,2125476672,3650897063,255,0.128594,0.066714,0.06188,61,45,0,0,1,1,0,0,0,0,Fuzzers,1
0.502511,tcp,-,FIN,10,6,588,268,29.850092,8437.626,3566.0908,2,1,48.143112,90.7116,2407.2234,119.20473,255,2639416098,1073346114,255,0.132949,0.048944,0.084005,59,45,0,0,1,1,0,0,0,0,Fuzzers,1
0.0,arp,-,INT,1,0,46,0,0.0,0.0,0.0,0,0,60000.547,0.0,0.0,0.0,0,0,0,0,0.0,0.0,0.0,46,0,0,0,1,1,0,0,0,1,Normal,0
50.004356,ospf,-,REQ,6,0,384,0,0.099991,51.195538,0.0,0,0,10000.87,0.0,3.162432,0.0,0,0,0,0,0.0,0.0,0.0,64,0,0,0,1,2,0,0,0,0,Normal,0
4.630582,tcp,ssh,FIN,62,58,5928,8010,25.698713,10077.352,13600.019,14,17,75.91119,85.73887,7167.975,7609.985,255,137032520,2282709946,255,0.000709,0.000555,0.000154,96,138,0,0,1,1,0,0,0,0,Normal,0
0.052618,tcp,-,FIN,16,18,1540,1644,627.1618,219544.64,236116.92,4,4,3.4848,2.997177,214.55016,6.245452,255,3502306841,3090688602,255,0.001797,0.001663,0.000134,96,91,0,0,5,1,0,0,0,0,Normal,0
0.728814,tcp,-,FIN,10,6,596,268,20.581383,5894.508,2458.7893,2,1,75.01556,125.579796,4063.4458,178.63846,255,2680919740,1870019197,255,0.192208,0.100906,0.091302,60,45,0,0,2,2,0,0,0,0,Fuzzers,1
0.638562,tcp,http,FIN,10,6,2514,268,23.490278,28351.201,2806.3054,2,1,68.02711,114.4518,3717.115,179.39621,255,2990529560,3247393422,255,0.133062,0.066294,0.066768,251,45,1,0,1,1,0,0,1,0,Exploits,1
1.510575,tcp,-,FIN,40,42,2558,23162,53.621964,13213.511,119747.77,7,14,38.724716,36.814537,0.0,2275.2883,255,3426613770,238488252,255,0.001321,0.001175,0.000146,64,551,0,0,1,1,0,0,0,0,Normal,0
0.020847,tcp,-,FIN,16,18,1540,1644,1582.9615,554132.5,595961.06,4,4,1.369,1.275125,84.841576,2.528458,255,1314587346,1319147087,255,0.000557,0.000442,0.000115,96,91,0,0,6,1,0,0,0,0,Normal,0
9e-06,udp,-,INT,2,0,104,0,111111.11,46222220.0,0.0,0,0,0.009,0.0,0.0,0.0,0,0,0,0,0.0,0.0,0.0,52,0,0,0,2,1,0,0,0,0,Fuzzers,1
3e-06,udp,-,INT,2,0,104,0,333333.3,138666660.0,0.0,0,0,0.003,0.0,0.0,0.0,0,0,0,0,0.0,0.0,0.0,52,0,0,0,2,1,0,0,0,0,Fuzzers,1
0.001087,udp,dns,CON,2,2,146,178,2759.8896,537258.5,655013.8,0,0,0.01,0.008,0.0,0.0,0,0,0,0,0.0,0.0,0.0,73,89,0,0,2,1,0,0,0,0,Normal,0
3.680405,tcp,-,FIN,16,18,1540,1644,8.966405,3138.7852,3375.7156,4,4,245.33894,215.55412,18217.947,401.57626,255,3444872265,1238040386,255,0.016818,0.015982,0.000836,96,91,0,0,17,1,0,0,0,0,Normal,0
0.000995,udp,dns,CON,2,2,130,162,3015.0754,522613.06,651256.25,0,0,0.006,0.001,0.0,0.0,0,0,0,0,0.0,0.0,0.0,65,81,0,0,1,1,0,0,0,0,Normal,0
0.547636,tcp,-,FIN,16,18,1540,1644,60.259007,21094.305,22686.604,4,4,36.488735,32.186527,2605.0159,87.87127,255,3134940031,1267099489,255,0.00058,0.000462,0.000118,96,91,0,0,11,1,0,0,0,0,Normal,0
1.33242,tcp,-,FIN,10,8,564,354,12.75874,3050.0894,1861.275,2,1,143.11978,167.381,8512.397,232.33762,255,2535014329,208041499,255,0.271755,0.16075,0.111005,56,44,0,0,1,1,0,0,0,0,Reconnaissance,1
9e-06,udp,-,INT,2,0,104,0,111111.11,46222220.0,0.0,0,0,0.009,0.0,0.0,0.0,0,0,0,0,0.0,0.0,0.0,52,0,0,0,2,1,0,0,0,0,Fuzzers,1
11.913296,tcp,http,FIN,8,10,1052,824,1.426977,618.4686,498.2668,2,2,1701.8352,1323.6395,141283.08,3742.6467,255,2424872114,2425927512,255,0.000676,0.000535,0.000141,132,82,1,83,5,1,0,0,1,0,Normal,0
8e-06,unas,-,INT,2,0,200,0,125000.0,100000000.0,0.0,0,0,0.008,0.0,0.0,0.0,0,0,0,0,0.0,0.0,0.0,100,0,0,0,3,3,0,0,0,0,Backdoor,1
9.111047,tcp,-,FIN,66,66,3910,51808,14.37815,3381.3896,44801.88,7,26,140.16492,140.16205,8255.528,239.185,255,3302417220,3302692089,255,0.000633,0.000513,0.00012,59,785,0,0,1,1,0,0,0,0,Normal,0
3.788973,tcp,-,FIN,42,42,2662,23162,21.905672,5487.5024,47740.64,7,14,92.38037,92.40017,6106.6567,169.79848,255,1955230,3286928932,255,0.000751,0.000563,0.000188,63,551,0,0,1,1,0,0,0,0,Normal,0
0.706089,tcp,-,FIN,10,6,756,268,21.24378,7715.741,2537.9236,2,1,73.00189,125.7042,3755.5513,186.39659,255,4242033405,3799459451,255,0.167788,0.077559,0.090229,76,45,0,0,1,1,0,0,0,0,Fuzzers,1
0.593125,tcp,-,FIN,16,18,1540,1644,55.637516,19476.502,20946.682,4,4,39.4888,32.761646,2946.8926,63.684124,255,724520778,3204020393,255,0.036984,0.036168,0.000816,96,91,0,0,9,1,0,0,0,0,Normal,0
1.284376,tcp,-,FIN,16,18,1540,1644,25.69341,8994.251,9673.18,4,4,91.71578,78.51469,6382.453,149.29091,255,1441943249,1134841074,255,0.02901,0.028141,0.000869,96,91,0,0,5,1,0,0,0,0,Normal,0
1.341779,tcp,-,FIN,12,8,3024,714,14.160305,16527.312,3726.396,3,2,121.89782,182.58528,7328.3276,300.95187,255,1071997701,1859734060,255,0.12612,0.063673,0.062447,252,89,0,0,1,1,0,0,0,0,Fuzzers,1
0.0242,tcp,-,FIN,16,18,1540,1644,1363.6364,477355.38,513388.44,4,4,1.592,1.391471,92.81045,2.642676,255,4034940229,1893292847,255,0.000671,0.00054,0.000131,96,91,0,0,3,1,0,0,0,0,Normal,0
0.603435,tcp,-,FIN,10,6,534,268,24.85769,6376.826,2969.6655,1,0,8329.111,13874.736,826841.75,30788.135,255,1006784406,1832017796,255,0.129243,0.059335,0.069908,53,45,0,0,2,2,0,0,0,0,Fuzzers,1
16.986988,tcp,-,FIN,64,66,3806,51808,7.594048,1764.6448,24029.688,7,26,273.97845,265.41165,24607.04,24732.434,255,2214099091,2214455967,255,0.000778,0.000635,0.000143,59,785,0,0,1,1,0,0,0,0,Normal,0
1.779602,tcp,-,FIN,28,42,2198,34406,38.772713,9530.221,150986.56,5,15,64.5003,43.391243,4077.7673,3225.373,255,2734809304,3214805862,255,0.000732,0.000558,0.000174,79,819,0,0,5,1,0,0,0,0,Normal,0
0.918788,tcp,-,FIN,14,12,774,642,27.209759,6260.4214,5128.495,4,3,68.207466,78.02582,4418.737,112.22111,255,3728054134,3252529180,255,0.125885,0.0605,0.065385,55,54,0,0,1,1,0,0,0,0,Fuzzers,1
1.624808,tcp,-,FIN,16,18,1540,1644,20.310093,7109.763,7646.442,4,4,108.28853,93.56488,7591.873,202.40605,255,3291531296,3477017992,255,0.035947,0.034204,0.001743,96,91,0,0,8,1,0,0,0,0,Normal,0
3e-06,udp,-,INT,2,0,104,0,333333.3,138666660.0,0.0,0,0,0.003,0.0,0.0,0.0,0,0,0,0,0.0,0.0,0.0,52,0,0,0,2,1,0,0,0,0,Fuzzers,1
0.497039,tcp,-,FIN,14,10,774,556,46.274036,11572.533,8063.754,4,3,36.30631,48.98311,1866.0753,59.284946,255,3157003630,2290211038,255,0.084071,0.056186,0.027885,55,56,0,0,2,1,0,0,0,0,Fuzzers,1
14.488957,tcp,http,FIN,8,10,1052,824,1.173307,508.5252,409.6913,2,2,2069.6848,1811.0509,170838.1,4726.429,255,3076551508,928082781,255,0.0007,0.000544,0.000156,132,82,1,83,8,1,0,0,1,0,Normal,0
0.507194,tcp,-,FIN,10,6,534,268,29.574484,7586.841,3533.165,1,0,9059.681,15111.121,901688.56,33607.64,255,918016830,3120398094,255,0.084614,0.028723,0.055891,53,45,0,0,3,2,0,0,0,0,Fuzzers,1
42.7512,tcp,-,FIN,24,24,2024,4312,1.099384,363.03073,773.40515,6,6,1943.2185,1858.7168,229170.64,6840.156,255,3202294573,1057291210,255,0.000881,0.000701,0.00018,84,180,0,0,1,1,0,0,0,0,Normal,0
0.339562,tcp,-,FIN,10,6,1282,268,44.174553,27187.965,5277.3867,2,1,37.72911,46.430397,1980.2594,79.71692,255,1955155167,1137748539,255,0.153139,0.08669,0.066449,128,45,0,0,1,1,0,0,0,0,Fuzzers,1
0.895857,tcp,smtp,FIN,20,20,3346,1932,43.533733,28388.46,16395.475,7,8,47.150368,43.926315,2245.281,51.494274,255,2359537163,847306770,255,0.046623,0.016781,0.029842,167,97,0,0,1,1,0,0,0,0,Normal,0
0.001666,udp,-,CON,4,4,520,304,4201.6807,1872749.1,1094837.9,0,0,0.419333,0.214,0.585956,0.295574,0,0,0,0,0.0,0.0,0.0,130,76,0,0,1,1,0,0,0,0,Normal,0
2.584773,tcp,http,FIN,10,12,820,7286,8.124504,2284.1465,20671.834,2,3,287.197,225.61536,20050.184,21370.752,255,560085933,3811633545,255,0.204552,0.10164,0.102912,82,607,1,3147,1,1,0,0,1,0,Exploits,1
0.001146,udp,dns,CON,2,2,146,178,2617.801,509598.6,621291.44,0,0,0.009,0.006,0.0,0.0,0,0,0,0,0.0,0.0,0.0,73,89,0,0,2,2,0,0,0,0,Normal,0
2.727392,tcp,-,FIN,16,18,1540,1644,12.099471,4235.5483,4555.2676,4,4,181.8052,160.4066,12668.373,300.43265,255,3774105414,3371795570,255,0.000598,0.000477,0.000121,96,91,0,0,12,1,0,0,0,0,Normal,0
1.964015,tcp,http,FIN,14,18,1684,10168,15.783993,6370.6235,39119.863,3,5,151.05238,115.47782,12150.712,10634.144,255,2684164359,625551302,255,0.001012,0.000889,0.000123,120,565,1,3924,2,1,0,0,1,0,Normal,0
0.001106,udp,dns,CON,2,2,132,164,2712.4773,477396.0,593128.4,0,0,0.034,0.008,0.0,0.0,0,0,0,0,0.0,0.0,0.0,66,82,0,0,2,1,0,0,0,0,Normal,0
7e-06,unas,-,INT,2,0,200,0,142857.14,114285710.0,0.0,0,0,0.007,0.0,0.0,0.0,0,0,0,0,0.0,0.0,0.0,100,0,0,0,4,4,0,0,0,0,Backdoor,1
3e-06,ipcv,-,INT,2,0,200,0,333333.3,266666660.0,0.0,0,0,0.003,0.0,0.0,0.0,0,0,0,0,0.0,0.0,0.0,100,0,0,0,2,2,0,0,0,0,Backdoor,1
9e-06,udp,-,INT,2,0,104,0,111111.11,46222220.0,0.0,0,0,0.009,0.0,0.0,0.0,0,0,0,0,0.0,0.0,0.0,52,0,0,0,2,1,0,0,0,0,Fuzzers,1
5e-06,smp,-,INT,2,0,200,0,200000.0,160000000.0,0.0,0,0,0.005,0.0,0.0,0.0,0,0,0,0,0.0,0.0,0.0,100,0,0,0,1,1,0,0,0,0,Backdoor,1
0.304853,tcp,-,FIN,12,6,4142,268,55.764584,99641.47,5878.243,3,1,25.948818,53.6688,1471.6492,80.40485,255,137150292,2604092885,255,0.097761,0.036508,0.061253,345,45,0,0,1,1,0,0,0,0,Normal,0
10.556132,tcp,ssh,FIN,108,114,9504,12298,20.935698,7135.947,9238.99,26,31,99.58152,94.245514,19271.8,0.0,255,4237386958,2092322886,255,0.000766,0.000625,0.000141,88,108,0,0,1,1,0,0,0,0,Normal,0
0.451235,tcp,-,FIN,10,6,756,268,33.242104,12073.531,3971.3232,2,1,47.045444,74.2916,2529.9998,118.36021,255,3670199525,3746122109,255,0.160483,0.079768,0.080715,76,45,0,0,1,1,0,0,0,0,Fuzzers,1
0.000991,udp,dns,CON,2,2,146,178,3027.2454,589303.75,718466.2,0,0,0.01,0.005,0.0,0.0,0,0,0,0,0.0,0.0,0.0,73,89,0,0,1,1,0,0,0,0,Normal,0
0.930821,tcp,-,FIN,14,12,774,642,26.85801,6179.491,5062.1978,4,3,71.53077,77.197365,4562.79,114.93973,255,296635686,95730418,255,0.128582,0.081641,0.046941,55,54,0,0,3,1,0,0,0,0,Fuzzers,1
25.852339,tcp,http,FIN,8,10,1052,824,0.657581,285.00323,229.61172,2,2,3693.1296,2872.421,306210.0,8103.472,255,589420708,590571429,255,0.000687,0.000544,0.000143,132,82,1,83,8,1,0,0,1,0,Normal,0
2.618074,tcp,-,FIN,16,18,1540,1644,12.604686,4412.404,4745.473,4,4,186.97043,160.99294,11639.854,327.08603,255,2329908132,3289231831,255,0.043003,0.042186,0.000817,96,91,0,0,21,1,0,0,0,0,Normal,0
0.118535,tcp,-,FIN,16,18,1540,1644,278.3988,97456.45,104812.93,4,4,7.879333,6.920529,611.253,16.389017,255,2126974036,3083915855,255,0.001005,0.000885,0.00012,96,91,0,0,2,1,0,0,0,0,Normal,0
1.216604,tcp,-,FIN,16,18,1540,1644,27.124685,9495.283,10212.033,4,4,81.0862,74.59,5833.0967,185.42252,255,3266486069,1342445366,255,0.024008,0.023162,0.000846,96,91,0,0,14,1,0,0,0,0,Normal,0
0.865115,tcp,-,FIN,38,40,2438,18508,89.00551,21953.15,166877.23,7,13,24.022165,22.169743,1406.1467,1358.9363,255,1062067481,3218335727,255,0.000635,0.000491,0.000144,64,463,0,0,1,1,0,0,0,0,Normal,0
1.152917,tcp,-,FIN,16,18,1540,1644,28.623049,10019.802,10776.145,4,4,82.32864,67.16112,5502.124,144.57838,255,469437034,3492647817,255,0.012023,0.011177,0.000846,96,91,0,0,15,1,0,0,0,0,Normal,0
1e-06,unas,-,INT,2,0,200,0,1000000.0,800000000.0,0.0,0,0,0.001,0.0,0.0,0.0,0,0,0,0,0.0,0.0,0.0,100,0,0,0,1,1,0,0,0,0,Backdoor,1
0.004601,udp,-,CON,4,4,568,312,1521.4084,740708.56,406868.1,0,0,1.186333,1.021,1.669245,1.434719,0,0,0,0,0.0,0.0,0.0,142,78,0,0,1,1,0,0,0,0,Normal,0
1.329375,tcp,ftp,FIN,22,22,1182,1626,32.346027,6794.17,9345.745,7,9,63.303574,62.44776,3570.2385,3289.5427,255,2186181625,859813610,255,0.032471,0.017267,0.015204,54,74,0,0,1,1,1,1,0,0,Exploits,1
5.063952,tcp,http,FIN,8,10,1052,824,3.357062,1454.9901,1172.207,2,2,723.2404,562.5983,57620.395,1536.4751,255,2329905111,185629738,255,0.000701,0.000563,0.000138,132,82,1,83,6,1,0,0,1,0,Normal,0
1.012849,tcp,http,FIN,14,18,1684,10168,30.606735,12353.273,75857.31,3,5,77.88461,59.551823,8770.349,7684.2373,255,1807100219,3957706501,255,0.000586,0.000464,0.000122,120,565,1,3924,2,2,0,0,4,0,Normal,0
8e-06,unas,-,INT,2,0,200,0,125000.0,100000000.0,0.0,0,0,0.008,0.0,0.0,0.0,0,0,0,0,0.0,0.0,0.0,100,0,0,0,2,2,0,0,0,0,Backdoor,1
8e-06,udp,-,INT,2,0,104,0,125000.0,52000000.0,0.0,0,0,0.008,0.0,0.0,0.0,0,0,0,0,0.0,0.0,0.0,52,0,0,0,2,1,0,0,0,0,Fuzzers,1
0.526311,tcp,-,FIN,16,18,1540,1644,62.700573,21949.0,23605.816,4,4,35.06533,30.714413,2163.357,62.680073,255,629550806,2861943413,255,0.004297,0.004165,0.000132,96,91,0,0,10,1,0,0,0,0,Normal,0
0.779948,tcp,ftp,FIN,12,12,824,682,29.489145,7754.3633,6420.941,3,4,70.904366,66.36155,3913.224,101.354324,255,2816770927,1132583297,255,0.100787,0.049215,0.051572,69,57,0,0,1,1,0,0,0,0,Fuzzers,1
1.650427,tcp,-,FIN,16,18,1540,1644,19.994825,6999.401,7527.749,4,4,109.98447,100.99538,7202.2397,164.1797,255,2016917920,3344435324,255,0.035391,0.0345,0.000891,96,91,0,0,8,1,0,0,0,0,Normal,0
9e-06,unas,-,INT,2,0,200,0,111111.11,88888890.0,0.0,0,0,0.009,0.0,0.0,0.0,0,0,0,0,0.0,0.0,0.0,100,0,0,0,2,2,0,0,0,0,Analysis,1
9e-06,unas,-,INT,2,0,200,0,111111.11,88888890.0,0.0,0,0,0.009,0.0,0.0,0.0,0,0,0,0,0.0,0.0,0.0,100,0,0,0,1,1,0,0,0,0,Analysis,1
4e-06,udp,-,INT,2,0,104,0,250000.0,104000000.0,0.0,0,0,0.004,0.0,0.0,0.0,0,0,0,0,0.0,0.0,0.0,52,0,0,0,1,1,0,0,0,0,Fuzzers,1
41.07386,tcp,-,FIN,22,24,1920,4312,1.095587,357.01538,804.9889,6,6,1955.8821,1785.7904,208854.08,199572.88,255,1429418192,1429757600,255,0.000835,0.000664,0.000171,87,180,0,0,3,2,0,0,0,0,Normal,0
0.989341,tcp,smtp,FIN,36,22,24835,1772,57.61411,195249.16,13681.834,15,8,28.266886,46.337906,1718.26,51.57703,255,1717978351,3336318753,255,0.069729,0.015132,0.054597,690,81,0,0,1,1,0,0,0,0,Normal,0
0.020677,tcp,-,FIN,16,18,1540,1644,1595.9762,558688.4,600860.9,4,4,1.331067,1.261187,81.90476,2.358459,255,2142070598,4291507886,255,0.000635,0.000495,0.00014,96,91,0,0,6,1,0,0,0,0,Normal,0
0.728252,tcp,-,FIN,10,6,534,268,20.597265,5283.8853,2460.6868,2,1,80.916885,122.462204,5333.8022,231.8018,255,1735938977,4242381139,255,0.134571,0.079982,0.054589,53,45,0,0,2,1,0,0,0,0,Normal,0
0.748205,tcp,-,FIN,12,8,1058,776,25.39411,10371.489,7260.0425,3,2,64.07555,90.61729,3369.203,128.58331,255,735564604,2766179917,255,0.172638,0.113879,0.058759,88,97,0,0,2,1,0,0,0,0,Fuzzers,1
4e-06,udp,-,INT,2,0,104,0,250000.0,104000000.0,0.0,0,0,0.004,0.0,0.0,0.0,0,0,0,0,0.0,0.0,0.0,52,0,0,0,7,1,0,0,0,0,Fuzzers,1
0.001664,udp,-,CON,4,4,528,304,4206.731,1903846.1,1096153.9,0,0,0.439,0.195333,0.613061,0.269887,0,0,0,0,0.0,0.0,0.0,132,76,0,0,1,1,0,0,0,0,Normal,0
30.121977,ospf,-,INT,42,0,2184,0,1.361132,566.2311,0.0,0,0,734.68243,0.0,861.5938,0.0,0,0,0,0,0.0,0.0,0.0,52,0,0,0,1,1,0,0,0,0,Fuzzers,1
14.650163,tcp,http,FIN,8,10,1052,824,1.160397,502.92957,405.18323,2,2,2092.694,1831.1986,174350.77,4837.6714,255,746969257,748041783,255,0.000707,0.000562,0.000145,132,82,1,83,6,1,0,0,1,0,Normal,0
0.154073,tcp,-,FIN,30,42,2302,34406,460.82053,115581.58,1743952.5,5,15,5.4915,3.725732,357.17233,266.67987,255,3734938193,3756675004,255,0.00143,0.001313,0.000117,77,819,0,0,3,1,0,0,0,0,Normal,0
2.273639,tcp,-,FIN,16,18,1540,1644,14.514178,5080.842,5464.368,4,4,162.38065,132.61464,10850.082,290.95023,255,806973152,3155445869,255,0.019975,0.019189,0.000786,96,91,0,0,9,1,0,0,0,0,Normal,0
9.402727,tcp,-,FIN,66,66,3910,51808,13.932128,3276.4963,43412.086,7,26,146.91241,144.64896,12150.599,12054.232,255,3979129409,3979414137,255,0.000665,0.000535,0.00013,59,785,0,0,1,1,0,0,0,0,Normal,0
1e-05,udp,-,INT,2,0,664,0,100000.0,265600000.0,0.0,0,0,0.01,0.0,0.0,0.0,0,0,0,0,0.0,0.0,0.0,332,0,0,0,1,1,0,0,0,0,Fuzzers,1
0.666553,tcp,-,FIN,12,10,1106,806,31.505371,12170.074,8713.485,3,2,60.595726,68.237,3556.4136,128.47011,255,1138285093,61723448,255,0.075912,0.051846,0.024066,92,81,0,0,1,1,0,0,0,0,Fuzzers,1
16.039806,tcp,http,FIN,8,10,1052,824,1.059863,459.35718,370.07928,2,2,2291.2307,1782.1368,189836.34,4992.6484,255,4264041157,2115695349,255,0.000743,0.000571,0.000172,132,82,1,83,8,1,0,0,1,0,Normal,0
0.019356,tcp,-,FIN,16,18,1540,1644,1704.8978,596817.56,641868.2,4,4,1.2712,1.181875,80.3844,2.215837,255,499621856,2651952092,255,0.000556,0.000443,0.000113,96,91,0,0,2,1,0,0,0,0,Normal,0
0.78126,tcp,-,FIN,14,10,774,556,29.439623,7362.466,5130.1743,4,3,59.021,77.382,2951.6794,107.65841,255,2341789952,1977495320,255,0.149846,0.084818,0.065028,55,56,0,0,2,1,0,0,0,0,Fuzzers,1
2.013725,tcp,-,FIN,40,42,2558,23162,40.22396,9911.979,89827.555,7,14,51.624256,49.089657,3608.261,3514.3745,255,3302420313,181454329,255,0.001159,0.001046,0.000113,64,551,0,0,1,1,0,0,0,0,Normal,0
9e-06,udp,-,INT,2,0,352,0,111111.11,156444430.0,0.0,0,0,0.009,0.0,0.0,0.0,0,0,0,0,0.0,0.0,0.0,176,0,0,0,1,1,0,0,0,0,Shellcode,1
2.363331,tcp,-,FIN,30,42,2302,34406,30.042341,7535.127,113693.76,5,15,81.48262,56.502926,5472.838,5244.799,255,3291527861,1095232046,255,0.16005,0.103213,0.056837,77,819,0,0,8,1,0,0,0,0,Normal,0
4e-06,udp,-,INT,2,0,2624,0,250000.0,2624000000.0,0.0,0,0,0.004,0.0,0.0,0.0,0,0,0,0,0.0,0.0,0.0,1312,0,0,0,1,1,0,0,0,0,Fuzzers,1
1.345172,tcp,-,FIN,16,18,1540,1644,24.532179,8587.749,9235.993,4,4,89.6056,77.74144,4988.016,161.24965,255,3264875932,1095246234,255,0.206067,0.101308,0.104759,96,91,0,0,5,1,0,0,0,0,Normal,0
0.778108,tcp,-,FIN,10,6,1282,268,19.27753,11864.677,2303.0222,2,1,80.23278,140.7622,4111.3916,199.48726,255,784427628,3729564754,255,0.131929,0.074296,0.057633,128,45,0,0,2,2,0,0,0,0,Fuzzers,1
0.596136,sctp,-,CON,4,2,536,440,8.387348,5394.742,2952.3467,0,0,198.712,0.008,281.0092,0.0,0,0,0,0,0.0,0.0,0.0,134,220,0,0,1,1,0,0,0,0,Backdoor,1
1.170537,tcp,-,FIN,10,8,588,354,14.523249,3622.269,2118.6858,2,1,129.95,156.99185,8412.982,227.65686,255,463996449,1040907951,255,0.167197,0.071593,0.095604,59,44,0,0,1,1,0,0,0,0,Fuzzers,1
23.243399,tcp,-,FIN,16,18,1272,2572,1.419758,410.6112,836.3665,4,4,1549.4795,1367.2225,131594.5,3666.108,255,4212352763,2067293072,255,0.000733,0.000603,0.00013,80,143,0,0,1,1,0,0,0,0,Normal,0
20.419357,tcp,http,FIN,14,18,1684,10168,1.518167,612.7519,3762.704,3,5,1570.6948,1201.1069,114641.305,100333.01,255,3804871877,3805897626,255,0.000677,0.000533,0.000144,120,565,1,3924,3,1,0,0,1,0,Normal,0
0.679395,tcp,http,FIN,10,10,818,1206,27.966057,8678.31,12787.848,2,2,75.488335,69.029106,5272.5073,115.4658,255,3744970439,1693560598,255,0.112935,0.040634,0.072301,82,121,1,158,2,1,0,0,1,0,Analysis,1
3e-06,udp,-,INT,2,0,104,0,333333.3,138666660.0,0.0,0,0,0.003,0.0,0.0,0.0,0,0,0,0,0.0,0.0,0.0,52,0,0,0,3,1,0,0,0,0,Fuzzers,1
5e-06,ipv6-opts,-,INT,2,0,200,0,200000.0,160000000.0,0.0,0,0,0.005,0.0,0.0,0.0,0,0,0,0,0.0,0.0,0.0,100,0,0,0,2,2,0,0,0,0,Backdoor,1
0.507784,tcp,-,FIN,10,6,534,268,29.54012,7578.0254,3529.0596,2,1,54.00111,93.2816,3505.146,160.93098,255,1822354941,470095828,255,0.103305,0.041368,0.061937,53,45,0,0,1,1,0,0,0,0,Fuzzers,1
3.884824,tcp,-,FIN,16,18,1540,1644,8.494593,2973.6226,3198.0857,4,4,277.46365,228.4554,17620.588,519.94507,255,3444874925,1161543767,255,0.001213,0.001079,0.000134,96,91,0,0,9,1,0,0,0,0,Normal,0
1.055514,tcp,http,FIN,10,8,810,1248,16.105898,5525.2705,8276.536,2,2,131.93924,144.28128,7258.005,293.3237,255,182977066,205375427,255,0.149925,0.044812,0.105113,81,156,1,221,1,1,0,0,1,0,Analysis,1
6.473834,tcp,http,FIN,8,10,1052,824,2.625955,1138.12,916.9219,2,2,924.6801,719.2493,74191.99,1987.7229,255,3637388791,1493094831,255,0.000757,0.000587,0.00017,132,82,1,83,5,1,0,0,1,0,Normal,0
1.430607,tcp,-,FIN,16,18,1540,1644,23.067133,8074.8945,8684.426,4,4,102.16436,89.334,7790.522,194.13277,255,2424873227,1117698724,255,0.001968,0.001254,0.000714,96,91,0,0,6,1,0,0,0,0,Normal,0
7.676308,tcp,-,FIN,40,42,2558,23162,10.551947,2600.2083,23564.453,7,14,196.81728,187.19524,11679.041,11391.278,255,3779839660,1430683452,255,0.001439,0.001297,0.000142,64,551,0,0,1,1,0,0,0,0,Normal,0
8e-06,unas,-,INT,2,0,200,0,125000.0,100000000.0,0.0,0,0,0.008,0.0,0.0,0.0,0,0,0,0,0.0,0.0,0.0,100,0,0,0,6,6,0,0,0,0,Analysis,1
1.073097,tcp,-,FIN,16,18,1540,1644,30.752113,10765.104,11577.705,4,4,82.46277,63.05794,5926.093,136.31667,255,1204524099,1012206775,255,0.001283,0.001111,0.000172,96,91,0,0,15,1,0,0,0,0,Normal,0
0.023688,tcp,-,FIN,16,18,1540,1644,1393.1105,487673.1,524485.0,4,4,1.558,1.367,91.33466,2.683582,255,594587476,599102792,255,0.000565,0.000445,0.00012,96,91,0,0,4,1,0,0,0,0,Normal,0
1.442145,tcp,-,FIN,16,18,1540,1644,22.882582,8010.29,8614.945,4,4,89.19946,79.52382,6129.439,156.81412,255,2101941525,3221431113,255,0.15802,0.090239,0.067781,96,91,0,0,10,1,0,0,0,0,Normal,0
3e-06,idpr-cmtp,-,INT,2,0,200,0,333333.3,266666660.0,0.0,0,0,0.003,0.0,0.0,0.0,0,0,0,0,0.0,0.0,0.0,100,0,0,0,1,1,0,0,0,0,Backdoor,1
1.983308,tcp,-,FIN,16,18,1540,1644,16.638868,5824.6123,6264.2817,4,4,132.19926,104.776115,8570.665,266.86044,255,1757037806,73360356,255,0.203022,0.202113,0.000909,96,91,0,0,2,1,0,0,0,0,Normal,0
22.079296,tcp,-,FIN,66,66,3910,51808,5.93316,1395.3344,18487.545,7,26,356.11264,350.45453,0.0,2251.944,255,854451830,3000186966,255,0.000793,0.000648,0.000145,59,785,0,0,1,1,0,0,0,0,Normal,0
9e-06,pri-enc,-,INT,2,0,200,0,111111.11,88888890.0,0.0,0,0,0.009,0.0,0.0,0.0,0,0,0,0,0.0,0.0,0.0,100,0,0,0,2,2,0,0,0,0,Exploits,1
0.019456,tcp,-,FIN,16,18,1540,1644,1696.1349,593750.0,638569.1,4,4,1.275133,1.117235,81.75351,2.107392,255,2649203554,507061497,255,0.000572,0.000459,0.000113,96,91,0,0,2,1,0,0,0,0,Normal,0
5.479779,tcp,ftp,FIN,24,22,1288,1674,8.21201,1802.9926,2332.941,7,9,238.25127,254.20753,14989.043,537.5837,255,1177469269,645150204,255,0.182585,0.100178,0.082407,54,76,0,0,1,1,1,1,0,0,Exploits,1
0.274605,tcp,http,FIN,10,6,1228,268,54.623913,32220.826,6525.737,2,1,27.216333,44.842197,1456.626,63.563766,255,621256643,3708416778,255,0.100635,0.050384,0.050251,123,45,1,0,1,1,0,0,1,0,Normal,0
3.148105,tcp,-,FIN,16,18,1540,1644,10.482497,3669.5093,3946.5012,4,4,209.823,185.153,16710.686,465.1409,255,2807326679,3693884388,255,0.001049,0.000503,0.000546,96,91,0,0,10,1,0,0,0,0,Normal,0
56.709965,ospf,-,INT,66,0,7128,0,1.146183,990.3021,0.0,0,0,872.4609,0.0,1090.8136,0.0,0,0,0,0,0.0,0.0,0.0,108,0,0,0,1,1,0,0,0,0,Exploits,1
3e-06,gre,-,INT,2,0,200,0,333333.3,266666660.0,0.0,0,0,0.003,0.0,0.0,0.0,0,0,0,0,0.0,0.0,0.0,100,0,0,0,2,2,0,0,0,0,Backdoor,1
1.531111,tcp,-,FIN,16,18,1540,1644,21.552977,7544.848,8114.369,4,4,109.28607,98.8688,6838.8726,181.6821,255,2114465671,1321446812,255,0.048995,0.048077,0.000918,96,91,0,0,13,1,0,0,0,0,Normal,0
0.426554,tcp,http,FIN,10,12,878,9164,49.23175,14835.168,157560.36,2,4,47.303555,33.828457,2415.705,2302.065,255,4210905103,946881661,255,0.09072,0.054436,0.036284,88,764,1,4074,1,1,0,0,1,0,Exploits,1
40.088387,tcp,-,FIN,66,66,3910,51808,3.267779,768.5019,10182.301,7,26,616.7396,626.3667,112584.625,3540.8533,255,996911817,3142679372,255,0.001086,0.000898,0.000188,59,785,0,0,1,1,0,0,0,0,Normal,0
1.2e-05,udp,-,INT,2,0,2982,0,83333.33,993999940.0,0.0,0,0,0.012,0.0,0.0,0.0,0,0,0,0,0.0,0.0,0.0,1491,0,0,0,1,1,0,0,0,0,Fuzzers,1
1.715185,tcp,-,FIN,16,18,1540,1644,19.239906,6735.1333,7243.533,4,4,114.325264,96.561935,7995.954,199.70268,255,3291530427,1289645430,255,0.074499,0.073629,0.00087,96,91,0,0,9,1,0,0,0,0,Normal,0
0.735093,tcp,-,FIN,10,8,522,354,23.126326,5114.999,3373.723,2,1,78.51256,95.84457,5907.2944,139.8466,255,791360715,2657847107,255,0.114628,0.064172,0.050456,52,44,0,0,1,1,0,0,0,0,Fuzzers,1
0.022305,tcp,-,FIN,16,18,1540,1644,1479.4889,517910.78,557005.1,4,4,1.466333,1.284177,91.06662,2.50151,255,3352492213,3362200743,255,0.00058,0.00047,0.00011,96,91,0,0,12,1,0,0,0,0,Normal,0
0.001001,udp,dns,CON,2,2,146,178,2997.003,583416.56,711288.7,0,0,0.006,0.002,0.0,0.0,0,0,0,0,0.0,0.0,0.0,73,89,0,0,2,1,0,0,0,0,Normal,0
1.666677,tcp,-,FIN,16,18,1540,1644,19.799877,6931.157,7454.354,4,4,118.964,95.43444,8899.048,175.76347,255,4127324411,3221426937,255,0.207522,0.139722,0.0678,96,91,0,0,6,1,0,0,0,0,Normal,0
2e-06,udp,-,INT,2,0,2024,0,500000.0,4048000000.0,0.0,0,0,0.002,0.0,0.0,0.0,0,0,0,0,0.0,0.0,0.0,1012,0,0,0,4,1,0,0,0,0,Fuzzers,1
0.906294,tcp,-,FIN,12,10,1066,826,23.17129,8632.96,6567.4053,3,2,79.565,90.80356,5331.9697,135.02081,255,1592559903,1010084587,255,0.156634,0.089057,0.067577,89,83,0,0,1,1,0,0,0,0,Fuzzers,1
2.974059,tcp,-,FIN,30,42,2302,34406,23.873096,5987.776,90346.555,5,15,114.36846,71.89907,8585.671,6474.641,255,4102292416,3315631768,255,0.02701,0.026196,0.000814,77,819,0,0,13,1,0,0,0,0,Normal,0
0.942812,tcp,-,FIN,60,14,68185,612,77.42795,568927.8,4828.11,27,1,15.51639,64.81708,1584.2809,88.426506,255,3436920381,306350274,255,0.185524,0.100182,0.085342,1136,44,1,0,1,1,0,0,1,0,Fuzzers,1
3e-06,udp,-,INT,2,0,168,0,333333.3,224000000.0,0.0,0,0,0.003,0.0,0.0,0.0,0,0,0,0,0.0,0.0,0.0,84,0,0,0,1,1,0,0,0,0,Reconnaissance,1
2.054385,tcp,-,FIN,28,42,2198,34406,33.586697,8255.512,130791.45,5,15,76.07437,50.07934,4970.7456,3620.3137,255,3354102162,984242478,255,0.001995,0.001131,0.000864,79,819,0,0,6,1,0,0,0,0,Normal,0
3e-06,unas,-,INT,2,0,200,0,333333.3,266666660.0,0.0,0,0,0.003,0.0,0.0,0.0,0,0,0,0,0.0,0.0,0.0,100,0,0,0,3,3,0,0,0,0,Analysis,1
0.001746,udp,-,CON,4,4,528,304,4009.1638,1814433.0,1044673.5,0,0,0.451,0.218,0.630739,0.30194,0,0,0,0,0.0,0.0,0.0,132,76,0,0,1,1,0,0,0,0,Normal,0
1e-05,udp,-,INT,2,0,606,0,100000.0,242400000.0,0.0,0,0,0.01,0.0,0.0,0.0,0,0,0,0,0.0,0.0,0.0,303,0,0,0,8,1,0,0,0,0,Normal,0
0.019813,tcp,-,FIN,16,18,1540,1644,1665.5731,583051.56,627063.06,4,4,1.299533,1.139765,84.55612,1.902841,255,2069551614,4226401867,255,0.000548,0.000434,0.000114,96,91,0,0,11,2,0,0,0,0,Normal,0
0.024981,tcp,-,FIN,16,18,1540,1644,1321.004,462431.47,497338.0,4,4,1.6444,1.441647,98.83545,2.66495,255,4034941102,1893885540,255,0.000598,0.000472,0.000126,96,91,0,0,3,1,0,0,0,0,Normal,0
8e-06,sctp,-,INT,2,0,200,0,125000.0,100000000.0,0.0,0,0,0.008,0.0,0.0,0.0,0,0,0,0,0.0,0.0,0.0,100,0,0,0,2,2,0,0,0,0,Backdoor,1
0.712135,tcp,-,FIN,30,42,2302,34406,99.700195,25006.494,377310.47,5,15,24.545034,17.334341,1800.619,1592.6406,255,2779132409,681222714,255,0.001557,0.001424,0.000133,77,819,0,0,10,1,0,0,0,0,Normal,0
0.307031,tcp,-,FIN,10,8,538,452,55.369,12637.16,10318.176,2,2,31.763111,41.102,1734.4226,52.95451,255,164460045,1427244157,255,0.071316,0.019305,0.052011,54,57,0,0,1,1,0,0,0,0,Normal,0
0.232816,tcp,-,FIN,10,6,520,268,64.428566,16081.369,7697.0654,2,1,24.365,37.95,1388.9252,62.67182,255,3421550673,2671238035,255,0.103949,0.043058,0.060891,52,45,0,0,3,1,0,0,0,0,Fuzzers,1
16.495165,udp,-,INT,4,0,460,0,0.181871,167.32176,0.0,0,0,5498.3887,0.0,7775.884,0.0,0,0,0,0,0.0,0.0,0.0,115,0,0,0,1,1,0,0,0,0,Fuzzers,1
0.872159,tcp,-,FIN,16,18,1540,1644,37.837135,13245.291,14245.109,4,4,58.07173,51.238,3705.4229,90.75651,255,589426355,3264351741,255,0.00123,0.001107,0.000123,96,91,0,0,15,1,0,0,0,0,Normal,0
52.422104,tcp,-,FIN,20,12,2438,536,0.591354,353.5913,75.08283,6,1,2755.763,4763.7964,375314.4,14883.168,255,4084533035,829132970,255,0.072885,0.02034,0.052545,122,45,0,0,2,2,0,0,0,0,Fuzzers,1
1.678278,tcp,-,FIN,40,42,2558,23162,48.263756,11893.144,107781.91,7,14,43.02487,40.92183,0.0,3116.6362,255,2859001474,3413182893,255,0.000597,0.00048,0.000117,64,551,0,0,1,1,0,0,0,0,Normal,0
3e-06,gmtp,-,INT,2,0,200,0,333333.3,266666660.0,0.0,0,0,0.003,0.0,0.0,0.0,0,0,0,0,0.0,0.0,0.0,100,0,0,0,2,2,0,0,0,0,Backdoor,1
0.40397,tcp,-,FIN,10,6,588,268,37.13147,10495.829,4435.973,2,1,44.885555,54.203,2273.635,90.86283,255,3110862500,2385756241,255,0.163806,0.078453,0.085353,59,45,0,0,2,1,0,0,0,0,Fuzzers,1
3.840374,tcp,-,FIN,16,18,1540,1644,8.592913,3008.0403,3235.1016,4,4,256.003,238.32237,14877.657,532.8398,255,3599845989,3328217094,255,0.027986,0.027215,0.000771,96,91,0,0,8,1,0,0,0,0,Normal,0
0.519983,tcp,http,FIN,12,24,866,22896,67.30989,12215.784,337580.28,2,9,47.271183,20.692217,3325.2466,2548.419,255,4070831055,76491978,255,0.095227,0.026626,0.068601,72,954,1,10721,1,1,0,0,1,0,Normal,0
0.7111,tcp,-,FIN,16,18,1540,1644,46.406975,16245.254,17471.523,4,4,47.344334,46.4416,2601.033,94.97378,255,1274464156,3154419684,255,0.157955,0.014468,0.143487,96,91,0,0,14,1,0,0,0,0,Normal,0
1.998408,tcp,-,FIN,16,18,1540,1644,16.513145,5780.6016,6216.9487,4,4,133.19594,117.52682,9686.379,233.10744,255,2574104775,1083120881,255,0.001579,0.000449,0.00113,96,91,0,0,4,1,0,0,0,0,Normal,0
0.001034,udp,dns,CON,2,2,130,162,2901.354,502901.38,626692.5,0,0,0.008,0.007,0.0,0.0,0,0,0,0,0.0,0.0,0.0,65,81,0,0,3,1,0,0,0,0,Normal,0
0.47417,tcp,-,FIN,10,8,756,354,35.85212,11489.55,5230.192,2,1,51.15,60.162285,3390.038,118.8599,255,171669913,4132453426,255,0.129605,0.05303,0.076575,76,44,0,0,1,1,0,0,0,0,Fuzzers,1
0.041816,tcp,-,FIN,16,18,1540,1644,789.17163,276257.9,297111.16,4,4,2.966429,2.583563,173.42398,4.956041,255,3006619293,1038319069,255,0.000623,0.000476,0.000147,96,91,0,0,1,1,0,0,0,0,Normal,0
0.788997,tcp,ftp,FIN,12,12,2616,682,29.150934,24314.414,6347.2993,3,4,71.727,63.101,3577.605,78.87895,255,2517164747,2022984230,255,0.128235,0.071555,0.05668,218,57,0,0,1,1,0,0,0,0,Fuzzers,1
2.787549,tcp,-,FIN,40,42,2558,23162,29.057785,7160.412,64891.414,7,14,73.34805,67.97524,5290.677,5094.4263,255,1754453774,124091529,255,0.000715,0.000561,0.000154,64,551,0,0,1,1,0,0,0,0,Normal,0
0.168547,tcp,-,FIN,16,18,1540,1644,195.79108,68538.74,73712.375,4,4,11.215533,10.504687,804.5042,24.82941,255,1529553240,1539395260,255,0.000942,0.000471,0.000471,96,91,0,0,4,1,0,0,0,0,Normal,0
1.614292,tcp,-,FIN,16,18,1540,1644,20.442398,7156.078,7696.253,4,4,115.27993,96.5925,7408.7505,187.03925,255,974455927,3561026479,255,0.069608,0.068809,0.000799,96,91,0,0,8,1,0,0,0,0,Normal,0
0.329786,tcp,-,FIN,10,6,638,268,45.48404,13948.439,5433.8267,2,1,33.63289,58.1564,1684.0103,80.012596,255,3378067597,177214983,255,0.102721,0.038995,0.063726,64,45,0,0,3,1,0,0,0,0,Fuzzers,1
0.000953,udp,dns,CON,2,2,146,178,3147.9539,612801.7,747114.4,0,0,0.005,0.002,0.0,0.0,0,0,0,0,0.0,0.0,0.0,73,89,0,0,3,1,0,0,0,0,Normal,0
0.787657,tcp,-,FIN,10,6,2516,268,19.043821,23004.938,2275.1018,2,1,87.51744,140.4386,4331.683,222.62373,255,3782615380,1971836089,255,0.149801,0.084761,0.06504,252,45,0,0,1,1,0,0,0,0,Fuzzers,1
0.606569,tcp,-,FIN,10,6,756,268,24.729256,8981.666,2954.3218,2,1,61.123554,97.341,3168.7195,147.70033,255,2495775076,3931470955,255,0.167398,0.119863,0.047535,76,45,0,0,2,1,0,0,0,0,Fuzzers,1
1.213061,ospf,-,INT,28,0,3024,0,22.257744,19230.69,0.0,0,0,44.928185,0.0,48.961914,0.0,0,0,0,0,0.0,0.0,0.0,108,0,0,0,1,1,0,0,0,0,Exploits,1
2.754123,tcp,-,FIN,30,42,2302,34406,25.779531,6465.9424,97561.37,5,15,98.350494,66.71161,6036.9673,5953.9175,255,4121586253,1010637705,255,0.01973,0.018943,0.000787,77,819,0,0,1,1,0,0,0,0,Normal,0
0.267148,udp,-,CON,4,4,520,304,26.202705,11678.92,6827.6763,0,0,49.98933,68.37334,70.6864,96.692375,0,0,0,0,0.0,0.0,0.0,130,76,0,0,1,1,0,0,0,0,Normal,0
3e-06,unas,-,INT,2,0,200,0,333333.3,266666660.0,0.0,0,0,0.003,0.0,0.0,0.0,0,0,0,0,0.0,0.0,0.0,100,0,0,0,2,2,0,0,0,0,Backdoor,1
51.07135,tcp,-,FIN,20,14,1000,622,0.646155,148.81142,90.54,4,1,2683.9307,3924.4294,360224.8,13238.34,255,1227839999,82903077,255,0.143573,0.05376,0.089813,50,44,0,0,3,3,0,0,0,0,Fuzzers,1
28.652739,tcp,-,FIN,78,80,4550,72810,5.479406,1254.1908,20074.87,7,33,372.10855,362.6823,70000.63,69113.27,255,2524030270,374892018,255,0.000971,0.000831,0.00014,58,910,0,0,1,1,0,0,0,0,Normal,0
0.898092,tcp,-,FIN,16,18,1540,1644,36.744568,12862.825,13833.772,4,4,59.816532,52.797882,4314.9937,130.67108,255,3103793644,3396294283,255,0.000649,0.000519,0.00013,96,91,0,0,13,1,0,0,0,0,Normal,0
0.041901,tcp,ftp-data,FIN,6,8,320,1862,310.25513,50977.305,311209.75,1,2,8.317,5.919714,579.7264,14.177988,255,427102675,440566558,255,0.000575,0.000459,0.000116,53,233,0,0,1,1,0,0,0,0,Normal,0
9e-06,unas,-,INT,2,0,200,0,111111.11,88888890.0,0.0,0,0,0.009,0.0,0.0,0.0,0,0,0,0,0.0,0.0,0.0,100,0,0,0,4,4,0,0,0,0,Backdoor,1
31.56226,tcp,-,FIN,20,12,2216,536,0.982186,533.80206,124.7059,4,1,1659.7075,2863.0295,222837.7,8828.67,255,505094852,3433063302,255,0.144251,0.06893,0.075321,111,45,0,0,3,3,0,0,0,0,Fuzzers,1
0.453193,tcp,http,FIN,10,6,1036,268,33.09848,16469.805,3954.165,2,1,40.614,84.941795,2081.81,114.55071,255,3155305126,2746366477,255,0.109584,0.028476,0.081108,104,45,1,0,1,1,0,0,1,0,Exploits,1
1.200935,tcp,smtp,FIN,118,34,132720,2334,125.73537,876623.6,15094.905,56,8,10.264402,34.595573,1149.1337,53.243706,255,1940985146,674979259,255,0.06592,0.045141,0.020779,1125,69,0,0,1,1,0,0,0,0,Exploits,1
3e-06,udp,-,INT,2,0,168,0,333333.3,224000000.0,0.0,0,0,0.003,0.0,0.0,0.0,0,0,0,0,0.0,0.0,0.0,84,0,0,0,1,1,0,0,0,0,Reconnaissance,1
8e-06,unas,-,INT,2,0,200,0,125000.0,100000000.0,0.0,0,0,0.008,0.0,0.0,0.0,0,0,0,0,0.0,0.0,0.0,100,0,0,0,2,2,0,0,0,0,Analysis,1
0.789505,tcp,-,FIN,38,40,2438,18508,97.529465,24055.578,182858.88,7,13,21.32789,20.763578,0.0,1318.4331,255,2547453974,3877709424,255,0.00057,0.000485,8.5e-05,64,463,0,0,1,1,0,0,0,0,Normal,0
8e-06,udp,-,INT,2,0,168,0,125000.0,84000000.0,0.0,0,0,0.008,0.0,0.0,0.0,0,0,0,0,0.0,0.0,0.0,84,0,0,0,1,1,0,0,0,0,Reconnaissance,1
55.96858,tcp,ftp,FIN,28,24,1560,1364,0.911226,215.1207,186.96205,16,10,2072.013,2429.7178,327619.1,10979.056,255,3730612194,2988658491,255,0.193921,0.085057,0.108864,56,57,0,0,1,1,2,2,0,0,Fuzzers,1
0.47812,tcp,-,FIN,16,18,1540,1644,69.02033,24161.299,25985.107,4,4,31.851065,28.07447,2078.4722,66.84246,255,3134937646,3455704410,255,0.001012,0.00085,0.000162,96,91,0,0,11,1,0,0,0,0,Normal,0
0.00096,udp,dns,CON,2,2,132,164,3125.0,550000.0,683333.4,0,0,0.003,0.006,0.0,0.0,0,0,0,0,0.0,0.0,0.0,66,82,0,0,1,1,0,0,0,0,Normal,0
5e-06,unas,-,INT,2,0,200,0,200000.0,160000000.0,0.0,0,0,0.005,0.0,0.0,0.0,0,0,0,0,0.0,0.0,0.0,100,0,0,0,2,2,0,0,0,0,Analysis,1
9e-06,udp,-,INT,2,0,230,0,111111.11,102222216.0,0.0,0,0,0.009,0.0,0.0,0.0,0,0,0,0,0.0,0.0,0.0,115,0,0,0,2,1,0,0,0,0,Fuzzers,1
0.023481,tcp,-,FIN,16,18,1540,1644,1405.3916,491972.22,529108.6,4,4,1.545,1.352353,99.71849,2.917833,255,3532490302,1391084987,255,0.000595,0.000484,0.000111,96,91,0,0,5,1,0,0,0,0,Normal,0
5e-06,unas,-,INT,2,0,200,0,200000.0,160000000.0,0.0,0,0,0.005,0.0,0.0,0.0,0,0,0,0,0.0,0.0,0.0,100,0,0,0,3,3,0,0,0,0,Backdoor,1
3e-06,unas,-,INT,2,0,200,0,333333.3,266666660.0,0.0,0,0,0.003,0.0,0.0,0.0,0,0,0,0,0.0,0.0,0.0,100,0,0,0,3,3,0,0,0,0,Backdoor,1
1.524209,tcp,-,FIN,154,26,195010,1128,117.43796,1016889.4,5694.757,74,1,10.027691,56.39,1156.0203,80.307335,255,2134696166,2080475383,255,0.170341,0.087563,0.082778,1266,43,0,0,2,2,0,0,0,0,Exploits,1
1.39758,tcp,-,FIN,16,18,1540,1644,23.612244,8265.716,8889.652,4,4,93.10353,81.22176,6879.367,151.16008,255,3792362351,3244829674,255,0.073547,0.016806,0.056741,96,91,0,0,13,1,0,0,0,0,Normal,0
8e-06,ipcomp,-,INT,2,0,200,0,125000.0,100000000.0,0.0,0,0,0.008,0.0,0.0,0.0,0,0,0,0,0.0,0.0,0.0,100,0,0,0,2,2,0,0,0,0,Backdoor,1
0.0154,tcp,-,FIN,16,18,1540,1644,2142.8572,750129.9,806753.25,4,4,1.003267,0.878647,71.23169,1.494805,255,1314584643,3466076799,255,0.000573,0.000458,0.000115,96,91,0,0,6,1,0,0,0,0,Normal,0
30.474352,tcp,http,FIN,12,18,1580,10168,0.95162,380.38544,2521.2021,3,5,2770.3635,1792.5782,194630.67,153753.9,255,434453683,2580920955,255,0.000661,0.000523,0.000138,132,565,1,3924,3,1,0,0,1,0,Normal,0
8e-06,isis,-,INT,2,0,200,0,125000.0,100000000.0,0.0,0,0,0.008,0.0,0.0,0.0,0,0,0,0,0.0,0.0,0.0,100,0,0,0,2,2,0,0,0,0,Backdoor,1
9e-06,unas,-,INT,2,0,200,0,111111.11,88888890.0,0.0,0,0,0.009,0.0,0.0,0.0,0,0,0,0,0.0,0.0,0.0,100,0,0,0,2,2,0,0,0,0,Backdoor,1
0.018761,tcp,-,FIN,16,18,1540,1644,1758.9681,615745.44,662224.8,4,4,1.2272,1.144437,81.61411,2.193742,255,1889551886,1895421083,255,0.000565,0.000447,0.000118,96,91,0,0,3,1,0,0,0,0,Normal,0
36.649292,tcp,http,FIN,22,16,1736,2442,1.009569,361.91696,499.87323,4,4,1745.2043,2437.7827,244410.42,8852.264,255,2496862869,2820881350,255,0.139716,0.08189,0.057826,79,153,1,233,4,3,0,0,6,0,Analysis,1
0.36213,tcp,-,FIN,10,6,610,268,41.421593,12128.241,4948.4995,2,1,37.997555,62.9108,1894.9353,91.80312,255,1428272289,3177964949,255,0.103845,0.047573,0.056272,61,45,0,0,2,1,0,0,0,0,Fuzzers,1
1.626985,tcp,http,FIN,14,18,1684,10168,19.05365,7690.2983,47223.547,3,5,125.1177,95.67788,9549.458,8362.211,255,1974583035,4143042241,255,0.000579,0.000458,0.000121,120,565,1,3924,2,1,0,0,1,0,Normal,0
4e-06,udp,-,INT,2,0,264,0,250000.0,264000000.0,0.0,0,0,0.004,0.0,0.0,0.0,0,0,0,0,0.0,0.0,0.0,132,0,0,0,3,1,0,0,0,0,Fuzzers,1
0.78228,tcp,-,FIN,12,8,3022,694,24.287977,28337.678,6217.722,3,2,69.27373,105.81243,3742.6877,143.36644,255,31857355,4175431617,255,0.159566,0.041592,0.117974,252,87,0,0,1,1,0,0,0,0,Fuzzers,1
1.810582,tcp,-,FIN,12,10,1362,804,11.59848,5518.6675,3198.9712,3,2,156.49345,183.34988,9851.752,255.55879,255,1331641593,3630130446,255,0.291547,0.160425,0.131122,114,80,0,0,2,2,0,0,0,0,Fuzzers,1
0.843379,tcp,ftp,FIN,52,54,2934,3740,124.49918,27299.707,34821.83,11,15,16.530725,15.90266,1395.1682,52.70358,255,427101356,2577657944,255,0.00066,0.000534,0.000126,56,69,0,0,1,1,1,1,0,0,Normal,0
4e-06,udp,-,INT,2,0,1144,0,250000.0,1144000000.0,0.0,0,0,0.004,0.0,0.0,0.0,0,0,0,0,0.0,0.0,0.0,572,0,0,0,2,1,0,0,0,0,Fuzzers,1
0.713938,tcp,-,FIN,10,6,588,268,21.010227,5938.891,2510.022,2,1,74.00811,122.7634,3717.975,179.34904,255,2113269787,1397841009,255,0.172936,0.100112,0.072824,59,45,0,0,1,1,0,0,0,0,Fuzzers,1
3e-06,stp,-,INT,2,0,200,0,333333.3,266666660.0,0.0,0,0,0.003,0.0,0.0,0.0,0,0,0,0,0.0,0.0,0.0,100,0,0,0,1,1,0,0,0,0,Exploits,1
2.701071,tcp,-,FIN,16,18,1540,1644,12.217376,4276.822,4599.6567,4,4,192.90572,158.56964,12994.483,299.3109,255,1624523643,1220048073,255,0.007006,0.005378,0.001628,96,91,0,0,12,1,0,0,0,0,Normal,0
8e-06,udp,-,INT,2,0,104,0,125000.0,52000000.0,0.0,0,0,0.008,0.0,0.0,0.0,0,0,0,0,0.0,0.0,0.0,52,0,0,0,3,1,0,0,0,0,Fuzzers,1
1.555244,tcp,ftp-data,FIN,8,8,364,860,9.644789,1640.9001,3873.3472,1,2,222.01671,211.45857,15097.546,403.5865,255,3150293073,2747720505,255,0.156377,0.075025,0.081352,46,108,0,0,1,1,0,0,0,0,Exploits,1
0.162577,tcp,-,FIN,16,18,1540,1644,202.98074,71055.56,76419.17,4,4,11.587928,9.533647,768.3923,22.360064,255,3674940539,1544219433,255,0.000611,0.000496,0.000115,96,91,0,0,4,1,0,0,0,0,Normal,0
0.003744,tcp,http,FIN,8,10,1052,824,4540.598,1967948.6,1585470.0,2,2,0.485143,0.360444,31.227459,0.640623,255,1889550756,1890452579,255,0.000621,0.000497,0.000124,132,82,1,83,1,1,0,0,1,0,Normal,0
8e-06,ipcomp,-,INT,2,0,200,0,125000.0,100000000.0,0.0,0,0,0.008,0.0,0.0,0.0,0,0,0,0,0.0,0.0,0.0,100,0,0,0,2,2,0,0,0,0,Exploits,1
1e-05,udp,-,INT,2,0,1106,0,100000.0,442400000.0,0.0,0,0,0.01,0.0,0.0,0.0,0,0,0,0,0.0,0.0,0.0,553,0,0,0,2,1,0,0,0,0,Fuzzers,1
0.027426,tcp,-,FIN,16,18,1540,1644,1203.2378,421206.16,453000.78,4,4,1.935143,1.557059,106.012825,2.882861,255,2069553284,4219480197,255,0.001094,0.000952,0.000142,96,91,0,0,11,1,0,0,0,0,Normal,0
0.698918,tcp,-,FIN,10,6,534,268,21.461746,5505.6533,2563.9631,2,1,75.101555,127.19,4945.0703,227.15768,255,1202831469,3960841167,255,0.107892,0.062959,0.044933,53,45,0,0,3,3,0,0,0,0,Fuzzers,1
4e-06,unas,-,INT,2,0,200,0,250000.0,200000000.0,0.0,0,0,0.004,0.0,0.0,0.0,0,0,0,0,0.0,0.0,0.0,100,0,0,0,2,2,0,0,0,0,Backdoor,1
0.226868,tcp,http,FIN,10,6,830,268,66.117744,26341.309,7898.866,2,1,24.265778,35.893,1280.0466,57.087193,255,653585511,143028413,255,0.08449,0.0474,0.03709,83,45,1,0,1,1,0,0,1,0,Reconnaissance,1
0.94426,tcp,-,FIN,12,8,1070,754,20.121576,8311.2705,5591.68,3,2,80.36163,117.825,4069.9846,151.66884,255,1861269554,2871361338,255,0.222237,0.119477,0.10276,89,94,0,0,1,1,0,0,0,0,Fuzzers,1
9e-06,unas,-,INT,2,0,200,0,111111.11,88888890.0,0.0,0,0,0.009,0.0,0.0,0.0,0,0,0,0,0.0,0.0,0.0,100,0,0,0,3,3,0,0,0,0,Backdoor,1
8e-06,udp,-,INT,2,0,104,0,125000.0,52000000.0,0.0,0,0,0.008,0.0,0.0,0.0,0,0,0,0,0.0,0.0,0.0,52,0,0,0,1,1,0,0,0,0,Fuzzers,1
1.963335,tcp,-,FIN,16,18,1540,1644,16.808134,5883.8657,6328.0083,4,4,135.29158,114.95018,9044.322,208.30276,255,3149071669,983645421,255,0.010058,0.009181,0.000877,96,91,0,0,6,1,0,0,0,0,Normal,0
28.828426,tcp,http,FIN,8,10,1052,824,0.589696,255.58107,205.90787,2,2,4118.159,3203.0942,341647.75,9003.947,255,3103792285,3104939798,255,0.000709,0.00057,0.000139,132,82,1,83,8,1,0,0,1,0,Normal,0
0.631642,tcp,-,FIN,10,6,610,268,23.74763,6953.306,2837.0503,2,1,70.07389,107.886795,3384.4204,159.15833,255,1746133034,1458945778,255,0.143053,0.092207,0.050846,61,45,0,0,1,1,0,0,0,0,Fuzzers,1
7e-06,unas,-,INT,2,0,200,0,142857.14,114285710.0,0.0,0,0,0.007,0.0,0.0,0.0,0,0,0,0,0.0,0.0,0.0,100,0,0,0,1,1,0,0,0,0,Analysis,1
1.2e-05,udp,-,INT,2,0,1062,0,83333.33,354000000.0,0.0,0,0,0.012,0.0,0.0,0.0,0,0,0,0,0.0,0.0,0.0,531,0,0,0,8,1,0,0,0,0,Normal,0
5e-06,pnni,-,INT,2,0,200,0,200000.0,160000000.0,0.0,0,0,0.005,0.0,0.0,0.0,0,0,0,0,0.0,0.0,0.0,100,0,0,0,1,1,0,0,0,0,Exploits,1
1.537098,tcp,-,FIN,16,18,1540,1644,21.469027,7515.461,8082.7637,4,4,108.57407,86.58794,5992.5083,177.81912,255,4264044575,1255447861,255,0.111065,0.065102,0.045963,96,91,0,0,13,1,0,0,0,0,Normal,0
0.044805,tcp,-,FIN,30,42,2302,34406,1584.6445,397455.62,5997009.0,5,15,1.588643,1.080317,87.37791,69.61101,255,3224170872,3227561229,255,0.000642,0.000508,0.000134,77,819,0,0,6,1,0,0,0,0,Normal,0
0.020663,tcp,-,FIN,16,18,1540,1644,1597.0575,559066.94,601267.94,4,4,1.356133,1.188353,85.39726,2.24167,255,2142071420,4292058385,255,0.000573,0.000457,0.000116,96,91,0,0,6,1,0,0,0,0,Normal,0
5e-06,any,-,INT,2,0,200,0,200000.0,160000000.0,0.0,0,0,0.005,0.0,0.0,0.0,0,0,0,0,0.0,0.0,0.0,100,0,0,0,1,1,0,0,0,0,Backdoor,1
6e-06,uti,-,INT,2,0,200,0,166666.66,133333330.0,0.0,0,0,0.006,0.0,0.0,0.0,0,0,0,0,0.0,0.0,0.0,100,0,0,0,1,1,0,0,0,0,Exploits,1
4e-06,sctp,-,INT,2,0,640,0,250000.0,640000000.0,0.0,0,0,0.004,0.0,0.0,0.0,0,0,0,0,0.0,0.0,0.0,320,0,0,0,1,1,0,0,0,0,Analysis,1
0.401005,tcp,http,FIN,12,12,1282,5094,57.355892,23461.055,93165.92,3,4,36.454998,32.98891,1794.8792,2132.472,255,3583069915,2891606391,255,0.0732,0.020481,0.052719,107,425,1,561,1,1,0,0,1,0,Normal,0
8e-06,unas,-,INT,2,0,200,0,125000.0,100000000.0,0.0,0,0,0.008,0.0,0.0,0.0,0,0,0,0,0.0,0.0,0.0,100,0,0,0,1,1,0,0,0,0,Backdoor,1
25.87505,tcp,-,FIN,16,18,1272,2572,1.27536,368.84955,751.3029,4,4,1724.981,1617.1488,197817.34,5840.7935,255,61933328,62266513,255,0.000795,0.000648,0.000147,80,143,0,0,1,1,0,0,0,0,Normal,0
9e-06,unas,-,INT,2,0,200,0,111111.11,88888890.0,0.0,0,0,0.009,0.0,0.0,0.0,0,0,0,0,0.0,0.0,0.0,100,0,0,0,3,3,0,0,0,0,Backdoor,1
5e-06,udp,-,INT,2,0,2664,0,200000.0,2131200000.0,0.0,0,0,0.005,0.0,0.0,0.0,0,0,0,0,0.0,0.0,0.0,1332,0,0,0,2,1,0,0,0,0,Fuzzers,1
1e-05,udp,-,INT,2,0,544,0,100000.0,217600000.0,0.0,0,0,0.01,0.0,0.0,0.0,0,0,0,0,0.0,0.0,0.0,272,0,0,0,9,1,0,0,0,0,Normal,0
0.131219,tcp,http,FIN,8,10,1052,824,129.55441,56150.406,45237.35,2,2,9.905,11.865571,636.4736,20.914156,255,1757034102,1791238069,255,0.049996,0.048159,0.001837,132,82,1,83,1,1,0,0,1,0,Normal,0
31.971268,tcp,-,FIN,64,68,3806,51912,4.097429,937.59186,12798.742,7,26,507.47543,491.856,91203.52,89812.586,255,481933455,2627629142,255,0.000753,0.000616,0.000137,59,763,0,0,1,1,0,0,0,0,Normal,0
1e-06,udp,-,INT,2,0,1024,0,1000000.0,4096000000.0,0.0,0,0,0.001,0.0,0.0,0.0,0,0,0,0,0.0,0.0,0.0,512,0,0,0,2,1,0,0,0,0,Fuzzers,1
17.330788,ospf,-,INT,28,0,12832,0,1.557921,5711.916,0.0,0,0,641.88104,0.0,746.48883,0.0,0,0,0,0,0.0,0.0,0.0,458,0,0,0,1,1,0,0,0,0,Backdoor,1
0.001146,udp,dns,CON,2,2,146,178,2617.801,509598.6,621291.44,0,0,0.009,0.006,0.0,0.0,0,0,0,0,0.0,0.0,0.0,73,89,0,0,2,2,0,0,0,0,Normal,0
6e-06,unas,-,INT,2,0,200,0,166666.66,133333330.0,0.0,0,0,0.006,0.0,0.0,0.0,0,0,0,0,0.0,0.0,0.0,100,0,0,0,3,3,0,0,0,0,Backdoor,1
1.1e-05,udp,-,INT,2,0,1268,0,90909.09,461090900.0,0.0,0,0,0.011,0.0,0.0,0.0,0,0,0,0,0.0,0.0,0.0,634,0,0,0,5,1,0,0,0,0,Fuzzers,1
1.500933,tcp,-,FIN,16,18,1540,1644,21.986324,7696.546,8277.518,4,4,100.02673,88.2647,6554.5356,184.25758,255,4264045494,1292327527,255,0.000562,0.00043,0.000132,96,91,0,0,11,1,0,0,0,0,Normal,0
0.005086,udp,-,CON,4,4,568,312,1376.3271,670074.7,368069.22,0,0,1.342333,1.112333,1.889155,1.563177,0,0,0,0,0.0,0.0,0.0,142,78,0,0,1,1,0,0,0,0,Normal,0
8e-06,unas,-,INT,2,0,200,0,125000.0,100000000.0,0.0,0,0,0.008,0.0,0.0,0.0,0,0,0,0,0.0,0.0,0.0,100,0,0,0,4,4,0,0,0,0,Analysis,1
4e-05,swipe,-,INT,1,0,60,0,0.0,0.0,0.0,0,0,0.0,0.0,0.0,0.0,0,0,0,0,0.0,0.0,0.0,60,0,0,0,3,3,0,0,0,0,Exploits,1
0.60806,tcp,-,FIN,10,8,534,354,27.957767,6328.3228,4078.545,1,0,6926.6963,8655.616,686572.94,22704.686,255,1202831515,3960841167,255,0.107892,0.062959,0.044933,53,44,0,0,3,3,0,0,0,0,Fuzzers,1
2.930307,tcp,-,FIN,30,42,2302,34406,24.229544,6077.179,91695.516,5,15,101.03428,77.08837,6814.0913,6119.317,255,999488284,946307038,255,0.001618,0.000948,0.00067,77,819,0,0,13,1,0,0,0,0,Normal,0
9e-06,ax.25,-,INT,2,0,200,0,111111.11,88888890.0,0.0,0,0,0.009,0.0,0.0,0.0,0,0,0,0,0.0,0.0,0.0,100,0,0,0,2,2,0,0,0,0,Backdoor,1
3e-06,mfe-nsp,-,INT,2,0,200,0,333333.3,266666660.0,0.0,0,0,0.003,0.0,0.0,0.0,0,0,0,0,0.0,0.0,0.0,100,0,0,0,1,1,0,0,0,0,Backdoor,1
0.437619,tcp,http,FIN,10,8,828,1268,38.846577,13637.434,20291.623,2,2,48.624332,53.25543,2486.715,102.274025,255,1233158056,2041029664,255,0.086296,0.048047,0.038249,83,159,1,232,1,1,0,0,1,0,Analysis,1
14.394926,tcp,smtp,FIN,52,40,37358,3276,6.321672,20362.73,1775.6256,18,8,282.23138,378.79852,56320.535,2028.8208,255,1886969738,1888093169,255,0.000724,0.000576,0.000148,718,82,0,0,1,1,0,0,0,0,Normal,0
3.033173,tcp,-,FIN,16,18,1540,1644,10.879696,3808.5527,4096.0405,4,4,202.18713,189.5447,13313.084,369.99963,255,1492007107,1163400845,255,0.000581,0.000454,0.000127,96,91,0,0,2,1,0,0,0,0,Normal,0
0.306389,tcp,-,FIN,10,6,578,268,48.95737,13603.621,5848.774,2,1,34.04322,53.312,1673.0388,80.39327,255,2471968391,801439223,255,0.108374,0.039132,0.069242,58,45,0,0,2,1,0,0,0,0,Fuzzers,1
1.8127,tcp,smtp,FIN,42,22,31057,1758,34.754784,133802.61,7409.941,17,8,44.212196,83.97071,3123.158,109.727615,255,3240695101,508721749,255,0.102168,0.04849,0.053678,739,80,0,0,2,2,0,0,0,0,Exploits,1
8e-06,unas,-,INT,2,0,200,0,125000.0,100000000.0,0.0,0,0,0.008,0.0,0.0,0.0,0,0,0,0,0.0,0.0,0.0,100,0,0,0,2,2,0,0,0,0,Backdoor,1
1e-05,udp,-,INT,2,0,1064,0,100000.0,425600000.0,0.0,0,0,0.01,0.0,0.0,0.0,0,0,0,0,0.0,0.0,0.0,532,0,0,0,1,1,0,0,0,0,Fuzzers,1
1.513157,tcp,-,FIN,40,42,2558,23162,53.530464,13190.964,119543.445,7,14,42.023277,37.814552,3570.5742,3393.98,255,3686494610,3799738078,255,0.000729,0.000572,0.000157,64,551,0,0,1,1,0,0,0,0,Normal,0
2.369376,tcp,-,FIN,16,18,1540,1644,13.927718,4875.5454,5243.5747,4,4,182.23032,148.01476,386.74362,255.44798,255,1106970453,1375089103,255,0.001308,0.00114,0.000168,96,91,0,0,13,1,0,0,0,0,Normal,0
8e-06,unas,-,INT,2,0,200,0,125000.0,100000000.0,0.0,0,0,0.008,0.0,0.0,0.0,0,0,0,0,0.0,0.0,0.0,100,0,0,0,2,2,0,0,0,0,Backdoor,1
1.1e-05,udp,-,INT,2,0,1754,0,90909.09,637818200.0,0.0,0,0,0.011,0.0,0.0,0.0,0,0,0,0,0.0,0.0,0.0,877,0,0,0,8,1,0,0,0,0,Normal,0
1.057387,tcp,-,FIN,12,10,1226,798,19.860277,8503.982,5439.8247,3,2,96.12609,110.206894,6811.8813,154.36603,255,2977111452,1613734368,255,0.161925,0.064847,0.097078,102,80,0,0,1,1,0,0,0,0,Fuzzers,1
8e-06,unas,-,INT,2,0,200,0,125000.0,100000000.0,0.0,0,0,0.008,0.0,0.0,0.0,0,0,0,0,0.0,0.0,0.0,100,0,0,0,2,2,0,0,0,0,Backdoor,1
3e-06,udp,-,INT,2,0,104,0,333333.3,138666660.0,0.0,0,0,0.003,0.0,0.0,0.0,0,0,0,0,0.0,0.0,0.0,52,0,0,0,1,1,0,0,0,0,Fuzzers,1
0.29487,tcp,-,FIN,10,6,528,268,50.869877,12914.166,6077.2544,2,1,30.510555,53.1818,1528.1938,79.52176,255,2483556957,2746890865,255,0.080641,0.028956,0.051685,53,45,0,0,2,1,0,0,0,0,Fuzzers,1
0.017135,tcp,http,FIN,8,10,1052,824,992.1214,429997.1,346425.44,2,2,2.288714,1.841333,148.55186,3.224592,255,3439131142,3441805072,255,0.000962,0.000562,0.0004,132,82,1,83,1,1,0,0,1,0,Normal,0
8e-06,zero,-,INT,2,0,200,0,125000.0,100000000.0,0.0,0,0,0.008,0.0,0.0,0.0,0,0,0,0,0.0,0.0,0.0,100,0,0,0,2,2,0,0,0,0,Backdoor,1
2.685154,tcp,-,FIN,16,18,1540,1644,12.289798,4302.1743,4626.923,4,4,178.95647,178.97827,11172.76,318.57217,255,1956909438,3356648607,255,0.00059,0.000472,0.000118,96,91,0,0,13,1,0,0,0,0,Normal,0
3.596807,tcp,-,FIN,80,80,4654,72810,44.205875,10222.4,159919.62,7,33,45.525024,45.514355,0.0,70.03318,255,3211644806,1062307114,255,0.001294,0.001168,0.000126,58,910,0,0,1,1,0,0,0,0,Normal,0
2.679871,tcp,-,FIN,16,18,1540,1644,12.314025,4310.6553,4636.044,4,4,178.634,157.15912,13343.786,444.8426,255,686974451,3522625418,255,0.009007,0.008165,0.000842,96,91,0,0,6,1,0,0,0,0,Normal,0
0.143857,tcp,ssh,FIN,62,58,5928,8010,827.2103,324377.7,437768.06,14,17,2.397617,2.557553,229.35754,241.06158,255,547096284,547348732,255,0.000644,0.00051,0.000134,96,138,0,0,1,1,0,0,0,0,Normal,0
2.363753,tcp,-,FIN,16,18,1540,1644,13.960849,4887.143,5256.0483,4,4,157.56093,131.3267,9679.895,258.58463,255,1217037903,3535823708,255,0.325022,0.13119,0.193832,96,91,0,0,10,1,0,0,0,0,Normal,0
1.272776,tcp,-,FIN,10,8,564,354,13.356631,3193.0205,1948.4968,2,1,137.56522,167.15286,8968.989,226.54437,255,1269764433,2933831638,255,0.221925,0.102705,0.11922,56,44,0,0,1,1,0,0,0,0,Reconnaissance,1
0.019312,tcp,-,FIN,16,18,1540,1644,1708.7821,598177.3,643330.56,4,4,1.266533,1.108941,77.294106,2.211913,255,1494585487,3648007101,255,0.00059,0.000457,0.000133,96,91,0,0,6,1,0,0,0,0,Normal,0
3.586728,tcp,-,FIN,30,42,2302,34406,19.7952,4964.9707,74913.96,5,15,128.08528,89.656525,10026.637,8476.492,255,2166618138,3300605239,255,0.000586,0.000463,0.000123,77,819,0,0,1,1,0,0,0,0,Normal,0
1.332388,tcp,ftp,FIN,12,12,1188,1328,17.262238,6538.6357,7313.1846,3,4,121.12619,113.637726,7037.6943,178.76208,255,652596705,581794300,255,0.156432,0.08162,0.074812,99,111,0,0,1,1,0,0,0,0,Exploits,1
0.546425,tcp,http,FIN,10,8,1168,1040,31.111315,15401.932,13322.963,2,2,60.71389,71.65757,3133.1514,109.40339,255,1648692252,4159782394,255,0.08489,0.043864,0.041026,117,130,1,109,1,1,0,0,1,0,Normal,0
1.139138,tcp,-,FIN,16,18,1540,1644,28.969275,10141.002,10906.492,4,4,75.916664,66.97588,4700.869,138.86052,255,1119490253,3308698290,255,0.000645,0.00054,0.000105,96,91,0,0,5,1,0,0,0,0,Normal,0
1e-05,udp,-,INT,2,0,104,0,100000.0,41600000.0,0.0,0,0,0.01,0.0,0.0,0.0,0,0,0,0,0.0,0.0,0.0,52,0,0,0,1,1,0,0,0,0,Fuzzers,1
0.007067,tcp,http,FIN,8,10,1052,824,2405.5469,1042592.3,839960.4,2,2,0.949857,0.732,51.553017,1.519531,255,2649197439,2650221013,255,0.00059,0.000476,0.000114,132,82,1,83,1,1,0,0,1,0,Normal,0
2.375381,udp,-,CON,4,4,568,312,2.946896,1434.7172,788.0841,0,0,783.337,778.0097,1107.8043,1100.264,0,0,0,0,0.0,0.0,0.0,142,78,0,0,2,1,0,0,0,0,Normal,0
3.276754,tcp,-,FIN,16,18,1540,1644,10.070942,3525.4402,3791.5571,4,4,234.03008,204.76974,21848.094,499.76926,255,1741939800,3296732377,255,0.000645,0.000435,0.00021,96,91,0,0,2,1,0,0,0,0,Normal,0
1.408511,tcp,-,FIN,10,8,2164,354,12.069483,11064.166,1760.7246,2,1,156.50122,185.86572,10435.432,268.7088,255,4199858848,3924419542,255,0.185115,0.10671,0.078405,216,44,0,0,1,1,0,0,0,0,Fuzzers,1
6e-06,udp,-,INT,2,0,104,0,166666.66,69333330.0,0.0,0,0,0.006,0.0,0.0,0.0,0,0,0,0,0.0,0.0,0.0,52,0,0,0,1,1,0,0,0,0,Fuzzers,1
5e-06,ipx-n-ip,-,INT,2,0,200,0,200000.0,160000000.0,0.0,0,0,0.005,0.0,0.0,0.0,0,0,0,0,0.0,0.0,0.0,100,0,0,0,2,2,0,0,0,0,Reconnaissance,1
0.025778,tcp,-,FIN,16,18,1540,1644,1280.1614,448134.1,481961.38,4,4,1.698,1.488235,115.655685,2.719027,255,907105227,3061648406,255,0.001102,0.000475,0.000627,96,91,0,0,6,1,0,0,0,0,Normal,0
0.536707,tcp,-,FIN,10,6,756,268,27.948212,10150.79,3338.8796,2,1,55.975224,86.70721,2988.306,117.70155,255,2357517783,2725892667,255,0.162449,0.103163,0.059286,76,45,0,0,2,1,0,0,0,0,Fuzzers,1
0.675768,tcp,-,FIN,12,10,998,840,31.075752,10832.119,8949.816,3,2,59.398636,69.10345,3929.7737,102.69939,255,1756592862,2944719529,255,0.096859,0.053829,0.04303,83,84,0,0,1,1,0,0,0,0,Fuzzers,1
0.729098,tcp,-,FIN,10,6,534,268,20.573364,5277.754,2457.8313,2,1,80.89856,123.063,4297.388,210.70291,255,3236934674,983062470,255,0.20483,0.113778,0.091052,53,45,0,0,1,1,0,0,0,0,Fuzzers,1
1e-05,udp,-,INT,2,0,2962,0,100000.0,1184800000.0,0.0,0,0,0.01,0.0,0.0,0.0,0,0,0,0,0.0,0.0,0.0,1481,0,0,0,1,1,0,0,0,0,Fuzzers,1
30.121977,ospf,-,INT,42,0,2184,0,1.361132,566.2311,0.0,0,0,734.68243,0.0,861.5938,0.0,0,0,0,0,0.0,0.0,0.0,52,0,0,0,1,1,0,0,0,0,Backdoor,1
0.022011,tcp,-,FIN,16,18,1540,1644,1499.2504,524828.5,564445.06,4,4,1.445867,1.346875,87.70493,2.333182,255,2319974706,180086246,255,0.000578,0.000456,0.000122,96,91,0,0,6,1,0,0,0,0,Normal,0
1.053615,tcp,http,FIN,10,8,1182,354,16.134926,8078.8525,2353.801,2,1,117.06834,139.18929,7204.1646,217.4511,255,3541949544,3131989175,255,0.119887,0.078682,0.041205,118,44,1,0,1,1,0,0,1,0,Fuzzers,1
0.032227,tcp,-,FIN,16,18,1540,1644,1023.98615,358457.22,385515.28,4,4,2.1266,1.866235,141.50693,3.847336,255,3006616586,3188102922,255,0.000645,0.000498,0.000147,96,91,0,0,4,1,0,0,0,0,Normal,0
0.434664,tcp,-,FIN,10,6,2550,268,34.509415,42239.523,4122.7246,2,1,48.296,79.545204,2446.8308,132.5664,255,1645534634,1252860680,255,0.111352,0.03622,0.075132,255,45,0,0,1,1,0,0,0,0,Fuzzers,1
9e-06,udp,-,INT,2,0,168,0,111111.11,74666664.0,0.0,0,0,0.009,0.0,0.0,0.0,0,0,0,0,0.0,0.0,0.0,84,0,0,0,1,1,0,0,0,0,Reconnaissance,1
19.299595,udp,-,INT,4,0,414,0,0.155444,128.91463,0.0,0,0,6433.198,0.0,9097.905,0.0,0,0,0,0,0.0,0.0,0.0,104,0,0,0,1,1,0,0,0,0,Fuzzers,1
1.736488,tcp,pop3,FIN,22,38,1044,29072,33.976624,4593.1787,130410.34,7,17,82.68991,43.024677,3934.6147,2858.513,255,1725593202,2154925716,255,0.21915,0.143912,0.075238,47,765,0,0,1,1,0,0,0,0,Exploits,1
5e-06,sps,-,INT,2,0,200,0,200000.0,160000000.0,0.0,0,0,0.005,0.0,0.0,0.0,0,0,0,0,0.0,0.0,0.0,100,0,0,0,2,2,0,0,0,0,Backdoor,1
0.476562,tcp,-,FIN,10,6,756,268,31.475443,11431.881,3760.2664,2,1,49.200558,81.9364,2503.5125,122.33173,255,604358676,252366438,255,0.122963,0.066879,0.056084,76,45,0,0,2,1,0,0,0,0,Fuzzers,1
1.5e-05,ipv6,-,INT,2,0,86,0,66666.67,22933334.0,0.0,0,0,0.015,0.0,0.0,0.0,0,0,0,0,0.0,0.0,0.0,43,0,0,0,1,1,0,0,0,0,Backdoor,1
8e-06,unas,-,INT,2,0,200,0,125000.0,100000000.0,0.0,0,0,0.008,0.0,0.0,0.0,0,0,0,0,0.0,0.0,0.0,100,0,0,0,2,2,0,0,0,0,Backdoor,1
8e-06,udp,-,INT,2,0,204,0,125000.0,102000000.0,0.0,0,0,0.008,0.0,0.0,0.0,0,0,0,0,0.0,0.0,0.0,102,0,0,0,2,1,0,0,0,0,Fuzzers,1
3.819751,tcp,-,FIN,16,18,1540,1644,8.639307,3024.2808,3252.568,4,4,254.62502,224.62335,17113.822,529.01514,255,1454457773,3306928978,255,0.001276,0.001153,0.000123,96,91,0,0,10,1,0,0,0,0,Normal,0
1.1553,tcp,-,FIN,16,18,1540,1644,28.564009,9999.134,10753.917,4,4,76.99793,67.89477,8647.505,190.45264,255,3279014392,3181574513,255,0.00199,0.00108,0.00091,96,91,0,0,13,1,0,0,0,0,Normal,0
9e-06,unas,-,INT,2,0,200,0,111111.11,88888890.0,0.0,0,0,0.009,0.0,0.0,0.0,0,0,0,0,0.0,0.0,0.0,100,0,0,0,3,3,0,0,0,0,Backdoor,1
4e-06,unas,-,INT,2,0,200,0,250000.0,200000000.0,0.0,0,0,0.004,0.0,0.0,0.0,0,0,0,0,0.0,0.0,0.0,100,0,0,0,3,3,0,0,0,0,Analysis,1
0.584021,tcp,-,FIN,16,18,1540,1644,56.50482,19780.111,21273.209,4,4,38.887268,34.28606,2566.3916,61.427116,255,2779134717,700005089,255,0.001269,0.001152,0.000117,96,91,0,0,3,1,0,0,0,0,Normal,0
0.725996,tcp,http,FIN,10,16,822,12220,34.43545,8154.315,126248.625,2,5,80.66622,43.6078,5370.274,3485.8125,255,1602967781,379821754,255,0.105602,0.037093,0.068509,82,764,1,5532,1,1,0,0,1,0,Normal,0
0.001171,udp,dns,CON,2,2,132,164,2561.913,450896.7,560205.0,0,0,0.009,0.006,0.0,0.0,0,0,0,0,0.0,0.0,0.0,66,82,0,0,3,1,0,0,0,0,Normal,0
1.210288,tcp,ftp,FIN,14,12,810,682,20.65624,4977.3276,4137.858,4,4,93.03254,100.553276,4780.2725,124.781105,255,2181035859,3743429902,255,0.215281,0.104195,0.111086,58,57,0,0,1,1,1,1,0,0,Fuzzers,1
0.608386,tcp,-,FIN,10,6,2566,268,24.655401,30375.453,2945.4985,2,1,67.52922,103.648,3498.077,162.33731,255,2785000257,167826203,255,0.179012,0.090137,0.088875,257,45,0,0,1,1,0,0,0,0,Fuzzers,1
2.317857,tcp,-,FIN,40,42,2558,23162,34.94607,8611.402,78041.055,7,14,60.987785,56.519955,3498.7097,3365.7114,255,1706976381,2187660985,255,0.000657,0.000536,0.000121,64,551,0,0,1,1,0,0,0,0,Normal,0
0.790509,tcp,-,FIN,16,18,1540,1644,41.745255,14613.369,15716.456,4,4,52.678665,42.088062,5163.4434,158.66624,255,206975499,3346222492,255,0.117979,0.117094,0.000885,96,91,0,0,3,1,0,0,0,0,Normal,0
1.333032,tcp,-,FIN,16,18,1540,1644,24.755594,8665.958,9320.106,4,4,95.19371,78.38689,6705.4707,187.32661,255,4251521392,1021239612,255,0.000586,0.000452,0.000134,96,91,0,0,10,1,0,0,0,0,Normal,0
0.906254,tcp,-,FIN,16,18,1540,1644,36.41363,12746.979,13709.181,4,4,60.39407,53.10794,4206.3735,122.98231,255,469434062,3441022608,255,0.004261,0.003415,0.000846,96,91,0,0,14,1,0,0,0,0,Normal,0
0.471063,tcp,-,FIN,10,8,756,354,36.088593,11565.332,5264.689,2,1,50.810444,59.586857,3416.37,123.9691,255,202512887,2087396907,255,0.115424,0.053947,0.061477,76,44,0,0,2,1,0,0,0,0,Fuzzers,1
0.004117,tcp,ftp-data,FIN,6,8,320,1862,3157.6392,518824.4,3167355.0,1,2,0.7036,0.452143,37.548756,0.733449,255,497038634,1110567386,255,0.001088,0.000949,0.000139,53,233,0,0,1,1,0,0,0,0,Normal,0
0.584054,tcp,-,FIN,40,42,2558,23162,138.6858,34174.92,309711.1,7,14,14.96782,14.234,951.831,930.64856,255,3112486044,3721058382,255,0.000568,0.000457,0.000111,64,551,0,0,1,1,0,0,0,0,Normal,0
3e-06,udp,-,INT,2,0,104,0,333333.3,138666660.0,0.0,0,0,0.003,0.0,0.0,0.0,0,0,0,0,0.0,0.0,0.0,52,0,0,0,6,1,0,0,0,0,Fuzzers,1
3.218253,udp,-,CON,4,4,568,304,2.175093,1058.9597,566.76715,0,0,1054.024,1031.9373,1490.6064,1459.3741,0,0,0,0,0.0,0.0,0.0,142,76,0,0,1,1,0,0,0,0,Normal,0
2.075616,tcp,-,FIN,28,42,2198,34406,33.243145,8171.069,129453.625,5,15,79.819115,53.189693,4839.7812,3925.9607,255,3076553811,1032437234,255,0.002034,0.001212,0.000822,79,819,0,0,14,1,0,0,0,0,Normal,0
4e-06,udp,-,INT,2,0,168,0,250000.0,168000000.0,0.0,0,0,0.004,0.0,0.0,0.0,0,0,0,0,0.0,0.0,0.0,84,0,0,0,1,1,0,0,0,0,Reconnaissance,1
1e-05,udp,-,INT,2,0,1756,0,100000.0,702400000.0,0.0,0,0,0.01,0.0,0.0,0.0,0,0,0,0,0.0,0.0,0.0,878,0,0,0,9,1,0,0,0,0,Normal,0
0.0939,tcp,smtp,FIN,52,42,37358,3380,990.4153,3121618.8,281150.16,18,8,1.87116,2.276683,224.49301,7.529771,255,2979969083,2985106184,255,0.000686,0.000552,0.000134,718,80,0,0,1,1,0,0,0,0,Normal,0
0.019175,tcp,-,FIN,16,18,1540,1644,1720.9908,602451.06,647927.0,4,4,1.2568,1.101353,77.266975,2.157428,255,3429200564,3433626925,255,0.000561,0.000449,0.000112,96,91,0,0,6,1,0,0,0,0,Normal,0
1.723187,udp,-,CON,4,4,520,304,4.062241,1810.5986,1058.5038,0,0,367.336,289.69965,519.4859,409.69366,0,0,0,0,0.0,0.0,0.0,130,76,0,0,1,1,0,0,0,0,Normal,0
2e-06,udp,-,INT,2,0,220,0,500000.0,440000000.0,0.0,0,0,0.002,0.0,0.0,0.0,0,0,0,0,0.0,0.0,0.0,110,0,0,0,3,1,0,0,0,0,Fuzzers,1
0.419928,tcp,-,FIN,10,6,592,268,35.72041,10154.121,4267.398,2,1,36.98389,71.776,1919.1681,94.77493,255,946317923,611367819,255,0.093227,0.061043,0.032184,59,45,0,0,2,1,0,0,0,0,Fuzzers,1
8e-06,unas,-,INT,2,0,200,0,125000.0,100000000.0,0.0,0,0,0.008,0.0,0.0,0.0,0,0,0,0,0.0,0.0,0.0,100,0,0,0,4,4,0,0,0,0,Analysis,1
0.197986,tcp,-,FIN,10,6,652,268,75.76293,23718.848,9051.145,2,1,20.205221,33.603603,1001.3142,47.62995,255,2811713854,3876021316,255,0.050056,0.029962,0.020094,65,45,0,0,3,1,0,0,0,0,Fuzzers,1
15.053828,tcp,-,FIN,26,28,4552,2976,3.520699,2326.0527,1525.1935,7,7,602.139,557.5296,65313.855,1908.6384,255,3384872998,3392356463,255,0.00065,0.000524,0.000126,175,106,0,0,1,1,0,0,0,0,Normal,0
37.76703,tcp,http,FIN,14,18,1684,10168,0.820822,331.29425,2034.3671,3,5,2905.059,2360.4028,318704.72,287289.7,255,1549427515,1550665219,255,0.000731,0.000572,0.000159,120,565,1,3924,2,1,0,0,1,0,Normal,0
30.693087,ospf,-,INT,20,0,1280,0,0.619032,316.94434,0.0,0,0,1615.4257,0.0,1884.1481,0.0,0,0,0,0,0.0,0.0,0.0,64,0,0,0,1,1,0,0,0,0,Fuzzers,1
0.001215,udp,dns,CON,2,2,132,164,2469.1357,434567.88,539917.7,0,0,0.009,0.007,0.0,0.0,0,0,0,0,0.0,0.0,0.0,66,82,0,0,1,1,0,0,0,0,Normal,0
1.296962,tcp,-,FIN,66,66,3910,51808,101.00527,23753.973,314729.34,7,26,20.259485,19.944416,1181.5164,31.2403,255,2512483262,2512741649,255,0.000717,0.000574,0.000143,59,785,0,0,1,1,0,0,0,0,Normal,0
1e-05,udp,-,INT,2,0,1104,0,100000.0,441600000.0,0.0,0,0,0.01,0.0,0.0,0.0,0,0,0,0,0.0,0.0,0.0,552,0,0,0,2,1,0,0,0,0,Fuzzers,1
8e-06,udp,-,INT,2,0,188,0,125000.0,94000000.0,0.0,0,0,0.008,0.0,0.0,0.0,0,0,0,0,0.0,0.0,0.0,94,0,0,0,2,1,0,0,0,0,Fuzzers,1
0.700927,tcp,http,FIN,10,8,818,1172,24.253595,8411.718,11710.206,2,2,77.87033,86.66014,4288.1997,130.81761,255,1528917325,3378501792,255,0.161879,0.094289,0.06759,82,147,1,234,1,1,0,0,4,0,Analysis,1
9e-06,unas,-,INT,2,0,200,0,111111.11,88888890.0,0.0,0,0,0.009,0.0,0.0,0.0,0,0,0,0,0.0,0.0,0.0,100,0,0,0,3,3,0,0,0,0,Analysis,1
5e-06,unas,-,INT,2,0,200,0,200000.0,160000000.0,0.0,0,0,0.005,0.0,0.0,0.0,0,0,0,0,0.0,0.0,0.0,100,0,0,0,4,4,0,0,0,0,Backdoor,1
9e-06,zero,-,INT,2,0,200,0,111111.11,88888890.0,0.0,0,0,0.009,0.0,0.0,0.0,0,0,0,0,0.0,0.0,0.0,100,0,0,0,2,2,0,0,0,0,Exploits,1
1.013832,tcp,-,FIN,64,66,3806,51808,127.24002,29567.03,402622.94,7,26,16.347258,15.589969,939.5153,916.7192,255,3112482912,967322637,255,0.000605,0.000479,0.000126,59,785,0,0,1,1,0,0,0,0,Normal,0
0.052992,tcp,-,FIN,30,42,2302,34406,1339.8248,336050.72,5070501.0,5,15,1.879714,1.279878,100.223404,77.15706,255,2739972170,598028940,255,0.00064,0.000513,0.000127,77,819,0,0,2,1,0,0,0,0,Normal,0
0.503579,tcp,-,FIN,10,6,756,268,29.786785,10818.561,3558.5278,2,1,52.462,80.5742,2699.1956,125.3229,255,785532827,2548320375,255,0.166874,0.100703,0.066171,76,45,0,0,1,1,0,0,0,0,Fuzzers,1
0.590624,tcp,-,FIN,10,6,526,268,25.39687,6420.3286,3034.0793,2,1,64.20411,107.4672,3791.2407,185.05339,255,1940287534,1675731535,255,0.084326,0.053283,0.031043,53,45,0,0,1,1,0,0,0,0,Fuzzers,1
8e-06,unas,-,INT,2,0,200,0,125000.0,100000000.0,0.0,0,0,0.008,0.0,0.0,0.0,0,0,0,0,0.0,0.0,0.0,100,0,0,0,2,2,0,0,0,0,Analysis,1
0.00391,tcp,http,FIN,8,10,1052,824,4347.826,1884399.0,1518158.6,2,2,0.508,0.374778,32.47942,0.656635,255,594583644,2745192702,255,0.000667,0.000533,0.000134,132,82,1,83,1,1,0,0,1,0,Normal,0
9e-06,udp,-,INT,2,0,216,0,111111.11,96000000.0,0.0,0,0,0.009,0.0,0.0,0.0,0,0,0,0,0.0,0.0,0.0,108,0,0,0,9,1,0,0,0,0,Normal,0
9e-06,unas,-,INT,2,0,200,0,111111.11,88888890.0,0.0,0,0,0.009,0.0,0.0,0.0,0,0,0,0,0.0,0.0,0.0,100,0,0,0,3,3,0,0,0,0,Analysis,1
0.641678,tcp,-,FIN,12,10,2026,842,32.726696,23164.268,9450.223,3,2,58.334366,62.785778,3849.1982,107.00144,255,4265820219,2646049949,255,0.092443,0.056256,0.036187,169,84,0,0,2,1,0,0,0,0,Fuzzers,1
26.497456,tcp,-,FIN,28,30,4256,3080,2.15115,1239.0624,899.1052,7,7,981.37463,913.68866,135038.6,4018.2893,255,901939453,904969495,255,0.000591,0.000477,0.000114,152,103,0,0,1,1,0,0,0,0,Normal,0
0.413382,tcp,-,FIN,10,6,588,268,36.286053,10256.857,4334.9736,2,1,41.823555,70.026794,2270.025,97.263435,255,11551686,1828379949,255,0.115383,0.063245,0.052138,59,45,0,0,1,1,0,0,0,0,Fuzzers,1
0.970467,tcp,ftp,FIN,12,14,576,768,25.760794,4352.544,5885.826,3,4,88.22427,67.433846,4763.491,96.58306,255,1848718374,2256128038,255,0.148816,0.066301,0.082515,48,55,0,0,1,1,0,0,0,0,Fuzzers,1
0.66963,tcp,-,FIN,10,6,756,268,22.40043,8135.8364,2676.1047,2,1,67.774445,103.5914,3617.5059,153.7369,255,125330424,390170896,255,0.212272,0.151672,0.0606,76,45,0,0,1,1,0,0,0,0,Fuzzers,1
6e-06,udp,-,INT,2,0,104,0,166666.66,69333330.0,0.0,0,0,0.006,0.0,0.0,0.0,0,0,0,0,0.0,0.0,0.0,52,0,0,0,2,1,0,0,0,0,Fuzzers,1
8e-06,udp,-,INT,2,0,104,0,125000.0,52000000.0,0.0,0,0,0.008,0.0,0.0,0.0,0,0,0,0,0.0,0.0,0.0,52,0,0,0,3,1,0,0,0,0,Fuzzers,1
0.865435,tcp,-,FIN,12,8,1058,700,21.954277,8966.589,5666.5146,3,2,78.67591,115.16657,3864.1482,149.88773,255,279453753,1980053684,255,0.122699,0.058886,0.063813,88,88,0,0,1,1,0,0,0,0,Fuzzers,1
3.089736,tcp,-,FIN,30,42,2302,34406,22.97931,5763.599,86964.06,5,15,110.33565,79.11541,7425.8706,6148.912,255,1981938945,981243871,255,0.005069,0.004229,0.00084,77,819,0,0,7,1,0,0,0,0,Normal,0
0.134758,tcp,-,FIN,16,18,1540,1644,244.88342,85724.04,92194.9,4,4,8.963333,7.853059,563.692,14.026594,255,3379134536,1250821609,255,0.001432,0.001255,0.000177,96,91,0,0,17,1,0,0,0,0,Normal,0
6e-06,udp,-,INT,2,0,1108,0,166666.66,738666600.0,0.0,0,0,0.006,0.0,0.0,0.0,0,0,0,0,0.0,0.0,0.0,554,0,0,0,15,1,0,0,0,0,Fuzzers,1
33.87057,tcp,-,FIN,16,18,1272,2572,0.974297,281.77853,573.9496,4,4,2257.987,2116.8735,213190.0,6175.47,255,3227319637,3231822318,255,0.000714,0.000586,0.000128,80,143,0,0,3,1,0,0,0,0,Normal,0
0.000932,udp,dns,CON,2,2,132,164,3218.884,566523.6,703862.7,0,0,0.001,0.009,0.0,0.0,0,0,0,0,0.0,0.0,0.0,66,82,0,0,1,1,0,0,0,0,Normal,0
1.037684,tcp,-,FIN,16,18,1540,1644,31.80159,11132.483,11972.816,4,4,69.15607,64.65913,4846.6533,160.1211,255,3291526923,1331042964,255,0.004008,0.003137,0.000871,96,91,0,0,8,1,0,0,0,0,Normal,0
0.00112,udp,dns,CON,2,2,132,164,2678.5713,471428.56,585714.25,0,0,0.008,0.007,0.0,0.0,0,0,0,0,0.0,0.0,0.0,66,82,0,0,3,1,0,0,0,0,Normal,0
0.715245,tcp,-,FIN,60,14,68201,612,102.06293,750120.56,6364.253,27,1,11.79122,52.689,1239.2698,67.968895,255,913387950,1950892973,255,0.083396,0.030279,0.053117,1137,44,1,0,1,1,0,0,1,0,Fuzzers,1
6e-06,uti,-,INT,2,0,200,0,166666.66,133333330.0,0.0,0,0,0.006,0.0,0.0,0.0,0,0,0,0,0.0,0.0,0.0,100,0,0,0,1,1,0,0,0,0,DoS,1
3e-06,udp,-,INT,2,0,300,0,333333.3,400000000.0,0.0,0,0,0.003,0.0,0.0,0.0,0,0,0,0,0.0,0.0,0.0,150,0,0,0,3,1,0,0,0,0,Fuzzers,1
0.001701,udp,-,CON,4,4,528,304,4115.226,1862433.9,1072310.4,0,0,0.438667,0.208667,0.614711,0.287323,0,0,0,0,0.0,0.0,0.0,132,76,0,0,1,1,0,0,0,0,Normal,0
1e-06,visa,-,INT,2,0,200,0,1000000.0,800000000.0,0.0,0,0,0.001,0.0,0.0,0.0,0,0,0,0,0.0,0.0,0.0,100,0,0,0,2,2,0,0,0,0,Backdoor,1
1.089362,pim,-,INT,8,0,480,0,6.425779,3084.374,0.0,0,0,155.62314,0.0,372.3148,0.0,0,0,0,0,0.0,0.0,0.0,60,0,0,0,1,1,0,0,0,0,Reconnaissance,1
0.644756,tcp,-,FIN,10,8,588,354,26.366564,6576.131,3846.4163,2,1,70.82733,82.186,4742.589,137.72063,255,3838521038,3214283057,255,0.161718,0.069445,0.092273,59,44,0,0,1,1,0,0,0,0,Fuzzers,1
0.727885,tcp,-,FIN,10,6,756,268,20.60765,7484.6987,2461.9272,2,1,80.876114,119.694,4090.9092,193.05515,255,2013530894,2060150068,255,0.158503,0.101788,0.056715,76,45,0,0,1,1,0,0,0,0,Fuzzers,1
0.669289,tcp,-,FIN,10,6,756,268,22.411842,8139.9814,2677.4683,2,1,70.56956,114.0884,3579.9507,162.0108,255,670197773,1618883354,255,0.160522,0.098839,0.061683,76,45,0,0,1,1,0,0,0,0,Fuzzers,1
9e-06,udp,-,INT,2,0,304,0,111111.11,135111100.0,0.0,0,0,0.009,0.0,0.0,0.0,0,0,0,0,0.0,0.0,0.0,152,0,0,0,3,1,0,0,0,0,Fuzzers,1
0.964656,tcp,ftp,CON,14,12,690,950,25.915974,5315.885,7223.3003,5,6,74.20431,59.700726,3869.6155,65.75518,255,996917599,59266788,255,0.112429,0.052589,0.05984,49,79,0,0,1,1,1,1,0,0,Normal,0
1e-05,udp,-,INT,2,0,1238,0,100000.0,495200000.0,0.0,0,0,0.01,0.0,0.0,0.0,0,0,0,0,0.0,0.0,0.0,619,0,0,0,8,1,0,0,0,0,Normal,0
16.800821,tcp,-,FIN,24,26,2024,4416,2.916524,923.76434,2022.2821,6,6,730.4547,672.0087,91183.04,87464.414,255,399483518,399800503,255,0.00073,0.000593,0.000137,84,170,0,0,1,1,0,0,0,0,Normal,0
9.544028,tcp,http,FIN,12,18,1580,10168,3.038549,1214.5814,8050.2695,3,5,867.6078,561.3775,55314.79,39705.41,255,797034991,798124296,255,0.000751,0.000606,0.000145,132,565,1,3924,2,1,0,0,1,0,Normal,0
9e-06,pri-enc,-,INT,2,0,200,0,111111.11,88888890.0,0.0,0,0,0.009,0.0,0.0,0.0,0,0,0,0,0.0,0.0,0.0,100,0,0,0,2,2,0,0,0,0,Exploits,1
1.121477,tcp,-,FIN,16,18,1540,1644,29.425482,10300.701,11078.248,4,4,80.081,61.558353,4795.386,145.77388,255,958410317,3393023605,255,0.07589,0.074982,0.000908,96,91,0,0,13,1,0,0,0,0,Normal,0
0.012278,tcp,ssh,FIN,62,60,5928,8114,9855.025,3800619.0,5198892.5,14,17,0.201279,0.19969,14.572593,0.0,255,1254580126,1254830142,255,0.000722,0.000576,0.000146,96,135,0,0,1,1,0,0,0,0,Normal,0
0.014717,tcp,-,FIN,16,18,1540,1644,2242.305,784942.6,844193.8,4,4,0.957467,0.839235,61.85966,1.59777,255,1194584278,3350445939,255,0.000575,0.000447,0.000128,96,91,0,0,6,1,0,0,0,0,Normal,0
26.1792,tcp,-,FIN,66,68,3910,51912,5.080369,1176.8121,15630.425,7,26,409.04514,396.64435,90364.125,2787.1235,255,2271519216,2271864539,255,0.000794,0.000658,0.000136,59,763,0,0,1,1,0,0,0,0,Normal,0
0.83236,tcp,ftp,FIN,12,12,576,682,27.632275,5074.727,6016.6274,3,4,75.66909,69.526634,4494.544,117.105225,255,1954848962,3337071178,255,0.124682,0.066982,0.0577,48,57,0,0,1,1,0,0,0,0,Fuzzers,1
1.824648,tcp,-,FIN,16,18,1540,1644,18.08568,6331.084,6808.9844,4,4,128.82265,110.05388,8281.3125,171.71147,255,626975782,3175223749,255,0.06451,0.063785,0.000725,96,91,0,0,13,1,0,0,0,0,Normal,0
9e-06,unas,-,INT,2,0,200,0,111111.11,88888890.0,0.0,0,0,0.009,0.0,0.0,0.0,0,0,0,0,0.0,0.0,0.0,100,0,0,0,3,3,0,0,0,0,Backdoor,1
1.360796,tcp,-,FIN,30,42,2302,34406,52.175346,13086.458,197455.02,5,15,48.587425,33.177097,3662.113,3336.7915,255,649422673,3125426730,255,0.000657,0.000531,0.000126,77,819,0,0,14,1,0,0,0,0,Normal,0
0.524586,tcp,-,FIN,16,18,1540,1644,62.906746,22021.174,23683.438,4,4,34.76347,29.580528,2119.0916,51.443157,255,3419853253,1172665785,255,0.022483,0.021713,0.00077,96,91,0,0,14,1,0,0,0,0,Normal,0
2.912599,tcp,-,FIN,30,42,2302,34406,24.376854,6114.127,92253.0,5,15,100.268486,72.79993,7962.961,6402.5728,255,1217036951,1311815535,255,0.00076,0.000598,0.000162,77,819,0,0,10,1,0,0,0,0,Normal,0
25.60334,tcp,http,FIN,8,10,1052,824,0.663976,287.77496,231.84476,2,2,3657.559,2844.755,304849.66,8045.021,255,649420568,2800142664,255,0.000681,0.000537,0.000144,132,82,1,83,7,1,0,0,1,0,Normal,0
0.001095,udp,dns,CON,2,2,146,178,2739.726,533333.4,650228.3,0,0,0.01,0.007,0.0,0.0,0,0,0,0,0.0,0.0,0.0,73,89,0,0,1,1,0,0,0,0,Normal,0
3.660789,tcp,-,FIN,16,18,1540,1644,9.01445,3155.6038,3393.804,4,4,261.4615,228.2315,17946.441,508.90567,255,3599841630,1233249026,255,0.009928,0.009076,0.000852,96,91,0,0,10,1,0,0,0,0,Normal,0
3.526958,tcp,-,FIN,30,42,2302,34406,20.130663,5049.1104,76183.5,5,15,121.60848,83.96815,9416.758,7349.088,255,1624520742,1001650237,255,0.085973,0.084263,0.00171,77,819,0,0,12,1,0,0,0,0,Normal,0
0.980009,tcp,-,FIN,22,12,17778,928,33.67316,138529.34,6946.875,8,2,46.667095,83.86045,4088.142,116.92193,255,2599352660,1498203038,255,0.131418,0.056863,0.074555,808,77,0,0,1,1,0,0,0,0,Fuzzers,1
0.837592,tcp,ftp,FIN,52,54,2934,3740,125.35936,27488.324,35062.418,11,15,17.087246,15.79,1445.5308,52.685104,255,2864164587,2861022784,255,0.000844,0.000718,0.000126,56,69,0,0,1,1,1,1,0,0,Normal,0
4e-06,sctp,-,INT,2,0,640,0,250000.0,640000000.0,0.0,0,0,0.004,0.0,0.0,0.0,0,0,0,0,0.0,0.0,0.0,320,0,0,0,1,1,0,0,0,0,Fuzzers,1
1.2e-05,udp,-,INT,2,0,174,0,83333.33,57999996.0,0.0,0,0,0.012,0.0,0.0,0.0,0,0,0,0,0.0,0.0,0.0,87,0,0,0,1,1,0,0,0,0,Normal,0
31.519764,tcp,-,FIN,20,12,1302,536,0.98351,313.96173,124.87403,6,1,1658.9349,2859.4397,223645.5,8858.302,255,2444965316,2596235514,255,0.084124,0.065221,0.018903,65,45,0,0,4,3,0,0,0,0,Fuzzers,1
1.024128,tcp,-,FIN,10,8,534,354,16.599487,3757.343,2421.5725,2,1,101.00689,136.91357,6042.7817,183.86183,255,3589171788,3213642968,255,0.166092,0.06573,0.100362,53,44,0,0,1,1,0,0,0,0,Fuzzers,1
0.001253,udp,dns,CON,2,2,146,178,2394.254,466081.4,568236.25,0,0,0.009,0.006,0.0,0.0,0,0,0,0,0.0,0.0,0.0,73,89,0,0,1,1,0,0,0,0,Normal,0
0.025332,tcp,-,FIN,16,18,1540,1644,1302.7002,456024.0,490446.88,4,4,1.643733,1.463118,100.33384,2.650215,255,1889555515,4039799049,255,0.000574,0.000455,0.000119,96,91,0,0,3,1,0,0,0,0,Normal,0
0.001695,udp,-,CON,4,4,520,304,4129.7935,1840708.0,1076106.2,0,0,0.444,0.197,0.621546,0.270828,0,0,0,0,0.0,0.0,0.0,130,76,0,0,1,1,0,0,0,0,Normal,0
2.840379,tcp,-,FIN,30,42,2302,34406,24.996664,6269.586,94598.64,5,15,97.93193,69.24963,7033.344,6600.295,255,1789422010,950411017,255,0.002984,0.001143,0.001841,77,819,0,0,6,1,0,0,0,0,Normal,0
1.174123,tcp,-,FIN,16,18,1540,1644,28.106083,9838.832,10581.515,4,4,78.20253,67.70453,5601.48,154.75215,255,737036447,3681026732,255,0.024014,0.023138,0.000876,96,91,0,0,6,1,0,0,0,0,Normal,0
0.024027,tcp,-,FIN,16,18,1540,1644,1373.455,480792.47,517084.97,4,4,1.5764,1.386706,89.2307,2.19193,255,1567105711,1572568066,255,0.000562,0.000448,0.000114,96,91,0,0,12,1,0,0,0,0,Normal,0
0.758792,tcp,ftp,FIN,12,12,1592,682,30.311338,15392.888,6599.9644,3,4,68.98109,56.896637,3479.8372,74.75614,255,1702919478,632938280,255,0.148118,0.107154,0.040964,133,57,0,0,1,1,0,0,0,0,Fuzzers,1
0.467599,tcp,-,FIN,10,6,580,268,32.07877,8930.7295,3832.3435,2,1,51.955444,38.048397,3206.444,67.73629,255,980718605,1153076459,255,0.276302,0.259783,0.016519,58,45,0,0,2,1,0,0,0,0,Fuzzers,1
7.27822,tcp,-,FIN,16,18,1272,2572,4.534076,1311.3096,2670.9827,4,4,485.12247,428.09525,37266.1,1021.1021,255,342063517,2487782402,255,0.000757,0.0006,0.000157,80,143,0,0,1,1,0,0,0,0,Normal,0
9e-06,udp,-,INT,2,0,344,0,111111.11,152888880.0,0.0,0,0,0.009,0.0,0.0,0.0,0,0,0,0,0.0,0.0,0.0,172,0,0,0,10,1,0,0,0,0,Normal,0
2.901618,tcp,-,FIN,30,42,2302,34406,24.469107,6137.2656,92602.125,5,15,100.01145,70.16498,6855.5234,5582.147,255,2016914412,3175231235,255,0.026477,0.024853,0.001624,77,819,0,0,3,1,0,0,0,0,Normal,0
8.470179,tcp,-,FIN,16,18,1272,2572,3.896022,1126.7767,2295.111,4,4,564.65546,498.2084,46875.48,1300.4991,255,904514875,904853701,255,0.000799,0.000627,0.000172,80,143,0,0,1,1,0,0,0,0,Normal,0
0.242112,tcp,-,FIN,10,6,532,268,61.9548,15827.386,7401.533,2,1,26.901333,31.6788,1527.6003,58.14431,255,1770033310,1606265084,255,0.12496,0.071502,0.053458,53,45,0,0,3,1,0,0,0,0,Fuzzers,1
0.58364,tcp,http,FIN,10,6,566,268,25.700775,6990.611,3070.386,2,1,60.735443,100.287605,3537.844,154.4077,255,2983044361,1820656029,255,0.155446,0.082194,0.073252,57,45,1,0,1,1,0,0,1,0,Fuzzers,1
0.873026,tcp,-,FIN,10,8,576,354,19.472502,4755.872,2840.6943,2,1,96.899445,109.37043,5173.552,208.35617,255,2262787270,3185390028,255,0.204873,0.107424,0.097449,58,44,0,0,1,1,0,0,0,0,Fuzzers,1
8e-06,iatp,-,INT,2,0,200,0,125000.0,100000000.0,0.0,0,0,0.008,0.0,0.0,0.0,0,0,0,0,0.0,0.0,0.0,100,0,0,0,1,1,0,0,0,0,Exploits,1
0.025258,tcp,-,FIN,16,18,1540,1644,1306.5168,457360.06,491883.78,4,4,1.663133,1.458294,118.43066,2.457553,255,907106391,912919936,255,0.000584,0.000464,0.00012,96,91,0,0,6,1,0,0,0,0,Normal,0
0.001706,udp,-,CON,4,4,520,304,4103.1655,1828839.5,1069167.6,0,0,0.441,0.199667,0.617305,0.276015,0,0,0,0,0.0,0.0,0.0,130,76,0,0,1,1,0,0,0,0,Normal,0
1.1e-05,udp,-,INT,2,0,1230,0,90909.09,447272740.0,0.0,0,0,0.011,0.0,0.0,0.0,0,0,0,0,0.0,0.0,0.0,615,0,0,0,7,1,0,0,0,0,Normal,0
14.224598,tcp,-,FIN,28,28,4656,2976,3.866542,2525.2031,1614.1053,7,7,526.8236,526.81586,67330.41,2068.3728,255,2909075646,2908134033,255,0.000695,0.000565,0.00013,166,106,0,0,1,1,0,0,0,0,Normal,0
1.350904,tcp,-,FIN,16,18,1540,1644,24.428087,8551.311,9196.805,4,4,89.99267,82.053375,5638.966,130.25237,255,4162301748,1172650225,255,0.038865,0.038049,0.000816,96,91,0,0,15,1,0,0,0,0,Normal,0
9e-06,udp,-,INT,2,0,104,0,111111.11,46222220.0,0.0,0,0,0.009,0.0,0.0,0.0,0,0,0,0,0.0,0.0,0.0,52,0,0,0,3,1,0,0,0,0,Fuzzers,1
9e-06,udp,-,INT,2,0,104,0,111111.11,46222220.0,0.0,0,0,0.009,0.0,0.0,0.0,0,0,0,0,0.0,0.0,0.0,52,0,0,0,1,1,0,0,0,0,Fuzzers,1
1.509667,tcp,-,FIN,16,18,1540,1644,21.859125,7652.0186,8229.629,4,4,99.36833,82.76418,6888.438,161.58476,255,1646973923,3146433310,255,0.104474,0.102673,0.001801,96,91,0,0,9,1,0,0,0,0,Normal,0
3e-06,unas,-,INT,2,0,200,0,333333.3,266666660.0,0.0,0,0,0.003,0.0,0.0,0.0,0,0,0,0,0.0,0.0,0.0,100,0,0,0,2,2,0,0,0,0,Analysis,1
0.773903,tcp,-,FIN,12,10,1046,810,27.135183,9913.387,7535.828,3,2,70.35482,76.244446,3596.9404,127.97911,255,2194045315,1551346805,255,0.138662,0.087082,0.05158,87,81,0,0,1,1,0,0,0,0,Fuzzers,1
1e-05,udp,-,INT,2,0,104,0,100000.0,41600000.0,0.0,0,0,0.01,0.0,0.0,0.0,0,0,0,0,0.0,0.0,0.0,52,0,0,0,1,1,0,0,0,0,Fuzzers,1
9e-06,udp,-,INT,2,0,104,0,111111.11,46222220.0,0.0,0,0,0.009,0.0,0.0,0.0,0,0,0,0,0.0,0.0,0.0,52,0,0,0,2,1,0,0,0,0,Fuzzers,1
2.137127,tcp,-,FIN,16,18,1540,1644,15.441292,5405.3877,5813.412,4,4,142.4526,125.68547,9735.662,267.25613,255,806971340,3163232813,255,0.000598,0.000471,0.000127,96,91,0,0,9,1,0,0,0,0,Normal,0
0.170031,udp,-,CON,2,2,168,112,17.643843,3952.2205,2634.8137,0,0,0.009,0.009,0.0,0.0,0,0,0,0,0.0,0.0,0.0,84,56,0,0,1,1,0,0,0,0,Exploits,1
1.73002,tcp,-,FIN,12,10,994,830,12.138588,4217.292,3454.2952,3,2,148.1411,176.461,8851.997,282.49857,255,4127027867,2900773910,255,0.227315,0.141866,0.085449,83,83,0,0,1,1,0,0,0,0,Fuzzers,1
7e-06,unas,-,INT,2,0,200,0,142857.14,114285710.0,0.0,0,0,0.007,0.0,0.0,0.0,0,0,0,0,0.0,0.0,0.0,100,0,0,0,4,4,0,0,0,0,Analysis,1
0.283214,tcp,http,FIN,10,6,624,268,52.96348,15874.921,6327.3706,2,1,28.336,45.470398,1427.4613,64.72401,255,2972617788,2051729691,255,0.072382,0.055856,0.016526,62,45,1,0,1,1,0,0,1,0,Backdoor,1
8e-06,unas,-,INT,2,0,200,0,125000.0,100000000.0,0.0,0,0,0.008,0.0,0.0,0.0,0,0,0,0,0.0,0.0,0.0,100,0,0,0,3,3,0,0,0,0,Analysis,1
1.030197,tcp,-,FIN,10,8,534,354,16.501698,3735.2078,2407.3064,2,1,111.37944,139.03671,6342.541,293.63788,255,3356934868,259351190,255,0.127873,0.056935,0.070938,53,44,0,0,2,1,0,0,0,0,Fuzzers,1
0.00109,udp,dns,CON,2,2,132,164,2752.2935,484403.66,601834.8,0,0,0.008,0.007,0.0,0.0,0,0,0,0,0.0,0.0,0.0,66,82,0,0,1,1,0,0,0,0,Normal,0
2.133915,tcp,-,FIN,16,18,1540,1644,15.464534,5413.524,5822.1626,4,4,152.40007,119.39618,9540.106,241.29935,255,1789424554,1094646585,255,0.161006,0.104179,0.056827,96,91,0,0,5,1,0,0,0,0,Normal,0
0.803823,tcp,-,FIN,12,8,3042,700,23.637045,27757.355,6100.8457,3,2,70.77546,100.83014,3558.9724,143.00787,255,4259167966,632492718,255,0.223602,0.098008,0.125594,254,88,0,0,1,1,0,0,0,0,Fuzzers,1
0.67165,tcp,-,FIN,10,8,632,354,25.310802,6777.3394,3692.3994,2,1,74.535774,86.37071,4207.868,147.91159,255,3599893126,2785922349,255,0.138837,0.067052,0.071785,63,44,0,0,4,4,0,0,0,0,Fuzzers,1
0.82436,tcp,-,FIN,60,14,68201,612,88.55354,650832.1,5521.8594,27,1,13.578085,58.21954,1366.4833,83.14696,255,273533491,2135361319,255,0.136012,0.067498,0.068514,1137,44,1,0,2,1,0,0,1,0,Fuzzers,1
9e-06,unas,-,INT,2,0,200,0,111111.11,88888890.0,0.0,0,0,0.009,0.0,0.0,0.0,0,0,0,0,0.0,0.0,0.0,100,0,0,0,3,3,0,0,0,0,Backdoor,1
0.018969,tcp,-,FIN,16,18,1540,1644,1739.6805,608993.6,654963.4,4,4,1.2436,1.085118,76.193695,2.01952,255,3712491465,1572040726,255,0.000641,0.000518,0.000123,96,91,0,0,12,1,0,0,0,0,Normal,0
1.093625,tcp,-,FIN,10,8,564,354,15.544634,3716.082,2267.6877,2,1,116.83945,148.87328,8911.086,210.49028,255,1583633086,3977903935,255,0.116144,0.051507,0.064637,56,44,0,0,1,1,0,0,0,0,Reconnaissance,1
1.421515,tcp,-,FIN,28,30,4656,3080,40.098064,25268.816,16759.584,7,7,52.63711,48.999794,3030.9834,78.383865,255,642066628,2580803075,255,0.000649,0.000517,0.000132,166,103,0,0,1,1,0,0,0,0,Normal,0
8e-06,unas,-,INT,2,0,200,0,125000.0,100000000.0,0.0,0,0,0.008,0.0,0.0,0.0,0,0,0,0,0.0,0.0,0.0,100,0,0,0,3,3,0,0,0,0,Backdoor,1
2.094928,tcp,ftp-data,FIN,8,10,364,3754,8.114837,1218.1803,12903.546,1,3,299.08743,212.88011,19494.117,16803.502,255,3933061882,2292024262,255,0.362851,0.179005,0.183846,46,375,0,0,1,1,0,0,0,0,Exploits,1
1.002553,tcp,-,FIN,12,8,1080,778,18.951616,7899.832,5434.127,3,2,87.71027,129.4753,4436.835,170.06134,255,1277310629,3067470738,255,0.182219,0.096217,0.086002,90,97,0,0,1,1,0,0,0,0,Fuzzers,1
0.001024,udp,dns,CON,2,2,146,178,2929.6875,570312.5,695312.5,0,0,0.001,0.006,0.0,0.0,0,0,0,0,0.0,0.0,0.0,73,89,0,0,1,1,0,0,0,0,Normal,0
7e-06,udp,-,INT,2,0,224,0,142857.14,128000000.0,0.0,0,0,0.007,0.0,0.0,0.0,0,0,0,0,0.0,0.0,0.0,112,0,0,0,2,1,0,0,0,0,Fuzzers,1
8e-06,unas,-,INT,2,0,200,0,125000.0,100000000.0,0.0,0,0,0.008,0.0,0.0,0.0,0,0,0,0,0.0,0.0,0.0,100,0,0,0,3,3,0,0,0,0,Backdoor,1
0.73477,tcp,-,FIN,10,8,564,354,23.136492,5530.9824,3375.2058,2,1,75.935555,102.51943,5668.1235,135.44455,255,3622738338,2067284869,255,0.03418,0.017125,0.017055,56,44,0,0,1,1,0,0,0,0,Normal,0
32.55857,tcp,-,FIN,16,18,1272,2572,1.013558,293.13327,597.0778,4,4,2170.549,1915.1741,163598.39,4473.944,255,3304030605,3304350904,255,0.000735,0.000603,0.000132,80,143,0,0,1,1,0,0,0,0,Normal,0
7e-06,udp,-,INT,2,0,214,0,142857.14,122285710.0,0.0,0,0,0.007,0.0,0.0,0.0,0,0,0,0,0.0,0.0,0.0,107,0,0,0,2,1,0,0,0,0,Fuzzers,1
9e-06,encap,-,INT,2,0,200,0,111111.11,88888890.0,0.0,0,0,0.009,0.0,0.0,0.0,0,0,0,0,0.0,0.0,0.0,100,0,0,0,1,1,0,0,0,0,DoS,1
0.020889,tcp,-,FIN,16,18,1540,1644,1579.7789,553018.4,594762.8,4,4,1.3706,1.201471,87.49098,2.561242,255,1099623602,3254665251,255,0.000587,0.000461,0.000126,96,91,0,0,6,1,0,0,0,0,Normal,0
1.209884,tcp,-,FIN,10,8,738,354,14.050933,4397.1157,2049.7832,2,1,134.41945,164.64114,8430.303,239.06456,255,3446751553,3746390528,255,0.139562,0.05739,0.082172,74,44,0,0,1,1,0,0,0,0,Fuzzers,1
0.004828,tcp,http,FIN,8,10,1052,824,3521.1267,1526097.8,1229494.6,2,2,0.511,0.537875,32.771297,0.770242,255,2069550543,2070579558,255,0.000653,0.000521,0.000132,132,82,1,83,1,1,0,0,1,0,Normal,0
1.910826,tcp,-,FIN,16,18,1540,1644,17.27002,6045.553,6501.9004,4,4,136.46385,112.33842,8237.188,241.70139,255,3266489190,1118312461,255,0.001961,0.001073,0.000888,96,91,0,0,14,1,0,0,0,0,Normal,0
0.174813,tcp,http,FIN,10,6,858,268,85.80598,35374.94,10250.954,2,1,18.52111,31.3842,1016.32104,50.939713,255,1464701428,4257987783,255,0.034069,0.017884,0.016185,86,45,1,0,1,1,0,0,1,0,Exploits,1
0.00335,udp,dns,CON,2,2,146,178,895.5224,174328.36,212537.31,0,0,0.001,0.002,0.0,0.0,0,0,0,0,0.0,0.0,0.0,73,89,0,0,2,1,0,0,0,0,Normal,0
0.599973,tcp,-,FIN,12,8,1046,752,31.66809,12787.241,8773.728,3,2,54.543,79.21943,2912.548,120.32888,255,2800831373,1596145865,255,0.087729,0.027435,0.060294,87,94,0,0,1,1,0,0,0,0,Fuzzers,1
0.733297,tcp,-,FIN,10,6,534,268,20.455559,5247.5327,2443.7576,2,1,79.47389,116.651,4043.8745,174.82153,255,2629771682,3513466669,255,0.226534,0.150035,0.076499,53,45,0,0,1,1,0,0,0,0,Fuzzers,1
0.0,udp,-,INT,2,0,104,0,0.0,0.0,0.0,0,0,0.0,0.0,0.0,0.0,0,0,0,0,0.0,0.0,0.0,52,0,0,0,3,1,0,0,0,0,Fuzzers,1
0.492705,tcp,-,FIN,16,18,1540,1644,66.977196,23446.078,25215.9,4,4,32.8236,28.951176,2111.837,56.27794,255,2894942973,2952810834,255,0.000686,0.000534,0.000152,96,91,0,0,3,1,0,0,0,0,Normal,0
0.495896,tcp,-,FIN,10,6,542,268,30.248278,7872.618,3613.661,2,1,53.30389,88.0546,2819.965,146.92769,255,4040864451,597301190,255,0.101017,0.05562,0.045397,54,45,0,0,2,1,0,0,0,0,Fuzzers,1
2.200132,tcp,-,FIN,16,18,1540,1644,14.999101,5250.594,5646.934,4,4,146.60306,126.00165,9244.085,283.29626,255,1789422830,987847205,255,0.059019,0.058103,0.000916,96,91,0,0,6,1,0,0,0,0,Normal,0
5.475271,tcp,-,FIN,22,24,1920,4312,8.218771,2678.2234,6038.7876,6,6,260.71112,248.85318,0.0,18626.527,255,1842064297,3991877769,255,0.000617,0.000496,0.000121,87,180,0,0,1,1,0,0,0,0,Normal,0
1.445413,tcp,-,FIN,28,30,4656,3080,39.435097,24851.03,16482.486,7,7,53.51559,49.823345,3136.4167,81.85763,255,787100720,1433870504,255,0.000671,0.000531,0.00014,166,103,0,0,1,1,0,0,0,0,Normal,0
5e-06,udp,-,INT,2,0,104,0,200000.0,83200000.0,0.0,0,0,0.005,0.0,0.0,0.0,0,0,0,0,0.0,0.0,0.0,52,0,0,0,7,1,0,0,0,0,Fuzzers,1
0.001044,udp,dns,CON,2,2,146,178,2873.5632,559386.94,681992.3,0,0,0.009,0.007,0.0,0.0,0,0,0,0,0.0,0.0,0.0,73,89,0,0,2,1,0,0,0,0,Normal,0
3.3e-05,udp,-,INT,2,0,1644,0,30303.03,199272720.0,0.0,0,0,0.033,0.0,0.0,0.0,0,0,0,0,0.0,0.0,0.0,822,0,0,0,9,1,0,0,0,0,Normal,0
0.876665,tcp,-,FIN,10,8,1526,354,19.391672,12538.427,2828.9028,2,1,97.40722,117.18229,5537.2485,178.86508,255,2555794498,143665564,255,0.084135,0.055721,0.028414,153,44,0,0,1,1,0,0,0,0,Fuzzers,1
8e-06,udp,-,INT,2,0,104,0,125000.0,52000000.0,0.0,0,0,0.008,0.0,0.0,0.0,0,0,0,0,0.0,0.0,0.0,52,0,0,0,1,1,0,0,0,0,Fuzzers,1
1.1e-05,sun-nd,-,INT,1,0,60,0,0.0,0.0,0.0,0,0,0.0,0.0,0.0,0.0,0,0,0,0,0.0,0.0,0.0,60,0,0,0,3,3,0,0,0,0,Exploits,1
0.541427,tcp,-,FIN,10,6,534,268,27.704565,7107.1445,3309.772,2,1,57.65,94.288605,3305.8464,154.24467,255,1731132292,385494035,255,0.12676,0.069975,0.056785,53,45,0,0,2,2,0,0,0,0,Fuzzers,1
2.273491,tcp,-,FIN,112,22,135649,956,58.500343,473062.8,3212.6807,53,1,20.176659,109.059105,2584.49,183.21269,255,980196848,2306577578,255,0.154108,0.0923,0.061808,1211,43,0,0,1,1,0,0,0,0,Fuzzers,1
0.834541,tcp,-,FIN,22,10,17778,836,37.146168,162676.25,7218.339,8,2,39.673237,82.858,2903.4897,142.38742,255,2067543244,966966717,255,0.180692,0.088815,0.091877,808,84,0,0,1,1,0,0,0,0,Fuzzers,1
36.139256,tcp,http,FIN,12,18,1580,10168,0.802452,320.75925,2125.9985,3,5,3285.3562,2125.805,259617.36,207768.78,255,1189423446,1190609537,255,0.000736,0.000573,0.000163,132,565,1,3924,3,1,0,0,1,0,Normal,0
3e-06,unas,-,INT,2,0,200,0,333333.3,266666660.0,0.0,0,0,0.003,0.0,0.0,0.0,0,0,0,0,0.0,0.0,0.0,100,0,0,0,4,4,0,0,0,0,Analysis,1
0.754474,tcp,-,FIN,10,6,756,268,19.881401,7220.925,2375.1648,2,1,83.830444,120.6174,4132.7256,191.94923,255,1846877582,710050469,255,0.230279,0.150608,0.079671,76,45,0,0,1,1,0,0,0,0,Fuzzers,1
9.156143,tcp,-,FIN,78,80,4550,72810,17.146957,3924.7966,62821.21,7,33,122.07572,117.378395,22662.385,22231.156,255,1551999301,3701897866,255,0.00077,0.000619,0.000151,58,910,0,0,1,1,0,0,0,0,Normal,0
2.910877,tcp,-,FIN,30,42,2302,34406,24.391275,6117.744,92307.58,5,15,100.36393,70.62871,7498.4087,7333.1006,255,3626499305,1149839641,255,0.015956,0.015096,0.00086,77,819,0,0,7,1,0,0,0,0,Normal,0
3e-06,pim,-,INT,2,0,200,0,333333.3,266666660.0,0.0,0,0,0.003,0.0,0.0,0.0,0,0,0,0,0.0,0.0,0.0,100,0,0,0,2,2,0,0,0,0,Backdoor,1
1.1e-05,udp,-,INT,2,0,1740,0,90909.09,632727300.0,0.0,0,0,0.011,0.0,0.0,0.0,0,0,0,0,0.0,0.0,0.0,870,0,0,0,10,1,0,0,0,0,Normal,0
0.000995,udp,dns,CON,2,2,132,164,3015.0754,530653.25,659296.5,0,0,0.009,0.001,0.0,0.0,0,0,0,0,0.0,0.0,0.0,66,82,0,0,2,2,0,0,0,0,Normal,0
20.90617,tcp,-,FIN,64,66,3806,51808,6.170427,1433.8351,19524.953,7,26,337.1906,326.64853,43872.906,43170.652,255,3329063788,1179821388,255,0.000787,0.000648,0.000139,59,785,0,0,1,1,0,0,0,0,Normal,0
1.714032,tcp,-,FIN,34,12,36414,526,26.253885,164958.4,2254.3335,13,0,2950.6282,8357.39,534917.3,27222.635,255,784428048,3729564754,255,0.131929,0.074296,0.057633,1071,44,0,0,3,2,0,0,0,0,Fuzzers,1
0.068018,tcp,-,FIN,16,18,1540,1644,485.1657,169837.4,182657.55,4,4,4.470666,3.972,308.18097,6.835823,255,3619134338,1490834494,255,0.000598,0.000485,0.000113,96,91,0,0,9,1,0,0,0,0,Normal,0
0.001088,udp,dns,CON,2,2,130,162,2757.3528,477941.16,595588.25,0,0,0.009,0.006,0.0,0.0,0,0,0,0,0.0,0.0,0.0,65,81,0,0,2,2,0,0,0,0,Normal,0
3e-06,scps,-,INT,2,0,200,0,333333.3,266666660.0,0.0,0,0,0.003,0.0,0.0,0.0,0,0,0,0,0.0,0.0,0.0,100,0,0,0,2,2,0,0,0,0,Backdoor,1
1.543901,tcp,-,FIN,12,8,2006,774,12.306489,9529.108,3513.1787,3,2,139.34154,214.64842,9445.297,435.80682,255,2758069749,1379121003,255,0.16681,0.041358,0.125452,167,97,0,0,1,1,0,0,0,0,Fuzzers,1
2.67535,tcp,-,FIN,16,18,1540,1644,12.334835,4317.94,4643.8784,4,4,191.06943,167.13707,13743.113,277.2457,255,3252358759,3387891560,255,0.001977,0.001156,0.000821,96,91,0,0,13,1,0,0,0,0,Normal,0
0.992376,udp,-,CON,4,4,568,312,7.053778,3434.1821,1886.3817,0,0,325.68466,315.98666,460.58273,446.8705,0,0,0,0,0.0,0.0,0.0,142,78,0,0,3,1,0,0,0,0,Normal,0
0.448495,tcp,-,FIN,10,6,534,268,33.44519,8579.806,3995.5852,2,0,11795.356,19658.666,1174993.8,43789.168,255,1961887972,3960841167,255,0.107892,0.062959,0.044933,53,45,0,0,3,3,0,0,0,0,Fuzzers,1
15.600839,tcp,http,FIN,8,10,1052,824,1.089685,472.2823,380.49237,2,2,2228.5398,1733.3655,185054.66,4869.584,255,2356550556,208113727,255,0.000666,0.000532,0.000134,132,82,1,83,5,1,0,0,1,0,Normal,0
2.889577,tcp,-,FIN,30,42,2302,34406,24.571072,6162.84,92988.01,5,15,99.59403,70.46422,6488.2583,5249.5767,255,532005481,3140972117,255,0.000652,0.00054,0.000112,77,819,0,0,6,1,0,0,0,0,Normal,0
1e-05,pim,-,INT,2,0,200,0,100000.0,80000000.0,0.0,0,0,0.01,0.0,0.0,0.0,0,0,0,0,0.0,0.0,0.0,100,0,0,0,2,2,0,0,0,0,Exploits,1
2.08343,tcp,-,FIN,16,18,1540,1644,15.839265,5544.7026,5963.243,4,4,148.78993,122.48935,8664.4795,221.85797,255,3509078084,1217390998,255,0.001242,0.00111,0.000132,96,91,0,0,11,1,0,0,0,0,Normal,0
4e-06,sctp,-,INT,2,0,640,0,250000.0,640000000.0,0.0,0,0,0.004,0.0,0.0,0.0,0,0,0,0,0.0,0.0,0.0,320,0,0,0,1,1,0,0,0,0,Backdoor,1
1.114703,tcp,-,FIN,40,42,2558,23162,72.66509,17906.113,162274.61,7,14,28.573666,27.176146,1775.6589,1731.087,255,2679013385,3688404887,255,0.000601,0.000478,0.000123,64,551,0,0,1,1,0,0,0,0,Normal,0
0.120383,udp,dns,CON,2,2,132,164,24.920462,4386.0015,5449.2744,0,0,0.002,0.004,0.0,0.0,0,0,0,0,0.0,0.0,0.0,66,82,0,0,1,1,0,0,0,0,Normal,0
1.603362,tcp,-,FIN,16,18,1272,2572,20.581753,5952.4927,12124.523,4,4,114.49836,94.27724,6290.938,153.8699,255,3159966748,1014885119,255,0.000784,0.00064,0.000144,80,143,0,0,1,1,0,0,0,0,Normal,0
0.548317,tcp,-,FIN,12,10,1122,814,38.29901,15013.213,10694.543,3,2,48.64591,54.796776,3431.8,101.421,255,111179673,3776788593,255,0.101733,0.055141,0.046592,94,81,0,0,2,1,0,0,0,0,Fuzzers,1
0.927926,tcp,-,FIN,10,8,2958,526,18.320427,22958.727,3974.4548,2,2,98.155,117.785,5405.8066,150.75198,255,3540253708,2841781674,255,0.1775,0.103421,0.074079,296,66,0,0,1,1,0,0,0,0,Exploits,1
0.907345,tcp,-,FIN,60,14,68181,612,80.45451,591131.25,5016.835,27,1,15.643879,65.06946,1492.0269,74.57059,255,735563692,1328831816,255,0.11844,0.060662,0.057778,1136,44,1,0,1,1,0,0,1,0,Fuzzers,1
0.026517,tcp,-,FIN,16,18,1540,1644,1244.4846,435645.06,468529.62,4,4,1.746933,1.532823,111.234566,2.788907,255,2069555852,4225904542,255,0.000567,0.000454,0.000113,96,91,0,0,11,1,0,0,0,0,Normal,0
29.683693,tcp,-,FIN,24,24,2024,4312,1.583361,522.846,1113.8776,6,6,1290.5807,1290.5681,99886.32,100063.35,255,2309067000,159824860,255,0.000781,0.000619,0.000162,84,180,0,0,2,1,0,0,0,0,Normal,0
8e-06,ipcomp,-,INT,2,0,200,0,125000.0,100000000.0,0.0,0,0,0.008,0.0,0.0,0.0,0,0,0,0,0.0,0.0,0.0,100,0,0,0,2,2,0,0,0,0,DoS,1
2.018869,tcp,-,FIN,26,42,2094,34406,33.186897,7980.7065,133092.34,5,15,84.09096,48.822704,6802.097,5397.6113,255,2356552843,3133821467,255,0.025927,0.017136,0.008791,81,819,0,0,6,1,0,0,0,0,Normal,0
1.109073,tcp,-,FIN,10,6,498,268,13.524808,3238.7407,1615.7638,2,1,123.23033,208.8588,7335.16,361.3018,255,741949892,290886270,255,0.152442,0.064055,0.088387,50,45,0,0,1,1,0,0,0,0,Fuzzers,1
5.130277,tcp,smtp,FIN,286,62,368665,3666,67.63767,572875.06,5624.6475,140,8,18.064356,82.59466,1790.3368,90.08578,255,2776557296,1608172344,255,0.123535,0.058986,0.064549,1289,59,0,0,1,1,0,0,0,0,Exploits,1
0.079377,udp,dns,CON,2,2,132,164,37.794323,6651.801,8264.358,0,0,0.001,0.002,0.0,0.0,0,0,0,0,0.0,0.0,0.0,66,82,0,0,1,1,0,0,0,0,Normal,0
1.025272,tcp,-,FIN,14,10,774,556,22.433071,5610.2183,3909.2065,4,3,76.98562,105.912,3924.8723,135.45518,255,3434123433,1439806294,255,0.125008,0.072057,0.052951,55,56,0,0,1,1,0,0,0,0,Fuzzers,1
2.91363,tcp,-,FIN,30,42,2302,34406,24.368229,6111.9634,92220.36,5,15,100.45896,70.71854,7222.5977,6640.9053,255,866972890,3677418466,255,0.014992,0.014161,0.000831,77,819,0,0,9,1,0,0,0,0,Normal,0
1.583573,tcp,-,FIN,40,42,2558,23162,51.150154,12604.408,114227.766,7,14,40.596207,38.610977,3485.4077,3404.7632,255,3142310357,3573623319,255,0.000654,0.000517,0.000137,64,551,0,0,1,1,0,0,0,0,Normal,0
10.675254,udp,-,INT,4,0,578,0,0.281024,325.23816,0.0,0,0,3558.418,0.0,5032.3506,0.0,0,0,0,0,0.0,0.0,0.0,145,0,0,0,5,1,0,0,0,0,Normal,0
8e-06,a/n,-,INT,2,0,200,0,125000.0,100000000.0,0.0,0,0,0.008,0.0,0.0,0.0,0,0,0,0,0.0,0.0,0.0,100,0,0,0,1,1,0,0,0,0,DoS,1
1.694787,tcp,-,FIN,40,42,2542,18612,47.793617,11701.766,85764.17,7,13,43.447643,41.32488,2870.228,78.413574,255,1261936616,2676203791,255,0.000903,0.000464,0.000439,64,443,0,0,1,1,0,0,0,0,Normal,0
2.651012,tcp,-,FIN,16,18,1540,1644,12.448077,4357.581,4686.512,4,4,189.32079,155.69812,11550.233,277.45615,255,4102294118,1179248217,255,0.004932,0.004143,0.000789,96,91,0,0,13,2,0,0,0,0,Normal,0
1.787102,tcp,-,FIN,42,42,2662,23162,46.44391,11634.479,101218.625,7,14,43.576218,43.576317,2880.3337,80.20794,255,1829551799,1029105219,255,0.000605,0.00047,0.000135,63,551,0,0,1,1,0,0,0,0,Normal,0
1.506241,tcp,-,FIN,122,126,7810,14540,163.98439,41140.83,76614.57,30,32,12.548967,12.142701,834.9276,825.4155,255,3687454410,1557361261,255,0.000652,0.000542,0.00011,64,115,0,0,1,1,0,0,0,0,Normal,0
9e-06,udp,-,INT,2,0,406,0,111111.11,180444430.0,0.0,0,0,0.009,0.0,0.0,0.0,0,0,0,0,0.0,0.0,0.0,203,0,0,0,5,1,0,0,0,0,Normal,0
0.001186,udp,dns,CON,2,2,132,164,2529.511,445193.94,553119.75,0,0,0.015,0.011,0.0,0.0,0,0,0,0,0.0,0.0,0.0,66,82,0,0,2,1,0,0,0,0,Normal,0
0.522368,tcp,ftp,FIN,22,14,17352,768,67.00257,253675.56,10934.819,8,4,24.874666,34.116,1733.9883,51.08282,255,115506816,4200884580,255,0.121156,0.0612,0.059956,789,55,0,0,2,1,0,0,0,0,Fuzzers,1
1.126658,tcp,http,FIN,10,8,1104,354,15.088874,7058.0425,2201.2004,2,1,125.054665,146.97586,6562.8413,256.58453,255,2574813851,2050997825,255,0.217854,0.097814,0.12004,110,44,1,0,1,1,0,0,1,0,Exploits,1
1.54596,tcp,-,FIN,60,16,68193,698,48.513546,347005.1,3389.4797,27,1,25.582508,98.52613,2533.562,138.25648,255,1174579919,2493109524,255,0.192667,0.068067,0.1246,1137,44,1,0,1,1,0,0,1,0,Fuzzers,1
9e-06,unas,-,INT,2,0,200,0,111111.11,88888890.0,0.0,0,0,0.009,0.0,0.0,0.0,0,0,0,0,0.0,0.0,0.0,100,0,0,0,4,4,0,0,0,0,Analysis,1
2.09106,tcp,-,FIN,28,42,2198,34406,32.99762,8110.719,128497.516,5,15,77.43589,50.98217,5757.771,4716.808,255,1646972947,3089208468,255,0.00096,0.00079,0.00017,79,819,0,0,13,1,0,0,0,0,Normal,0
8e-06,udp,-,INT,2,0,104,0,125000.0,52000000.0,0.0,0,0,0.008,0.0,0.0,0.0,0,0,0,0,0.0,0.0,0.0,52,0,0,0,2,1,0,0,0,0,Fuzzers,1
3.821688,tcp,-,FIN,16,18,1540,1644,8.634928,3022.748,3250.9194,4,4,254.75746,224.77588,16726.182,497.16357,255,3599845127,1162645650,255,0.000625,0.000497,0.000128,96,91,0,0,8,1,0,0,0,0,Normal,0
0.004583,udp,-,CON,4,4,568,304,1527.3838,743617.7,397992.56,0,0,1.223333,0.991333,1.721571,1.392765,0,0,0,0,0.0,0.0,0.0,142,76,0,0,1,1,0,0,0,0,Normal,0
3e-06,udp,-,INT,2,0,104,0,333333.3,138666660.0,0.0,0,0,0.003,0.0,0.0,0.0,0,0,0,0,0.0,0.0,0.0,52,0,0,0,5,1,0,0,0,0,Fuzzers,1
5e-06,udp,-,INT,2,0,2640,0,200000.0,2112000000.0,0.0,0,0,0.005,0.0,0.0,0.0,0,0,0,0,0.0,0.0,0.0,1320,0,0,0,2,1,0,0,0,0,Fuzzers,1
0.001104,udp,dns,CON,2,2,132,164,2717.3914,478260.84,594202.9,0,0,0.008,0.007,0.0,0.0,0,0,0,0,0.0,0.0,0.0,66,82,0,0,2,1,0,0,0,0,Normal,0
0.019813,tcp,-,FIN,16,18,1540,1644,1665.5731,583051.56,627063.06,4,4,1.299533,1.139765,84.55612,1.902841,255,2069551614,4226401867,255,0.000548,0.000434,0.000114,96,91,0,0,11,2,0,0,0,0,Normal,0
1.643335,tcp,-,FIN,12,10,1234,822,12.778892,5510.745,3602.4304,3,2,141.53937,168.53989,9026.37,209.7079,255,161085541,3904592518,255,0.181997,0.126447,0.05555,103,82,0,0,2,1,0,0,0,0,Fuzzers,1
0.753676,tcp,-,FIN,38,40,2438,18508,102.16592,25199.158,191551.81,7,13,20.360811,19.246103,1444.8369,1415.546,255,509549537,1231786726,255,0.003205,0.003075,0.00013,64,463,0,0,1,1,0,0,0,0,Normal,0
5e-06,udp,-,INT,2,0,400,0,200000.0,320000000.0,0.0,0,0,0.005,0.0,0.0,0.0,0,0,0,0,0.0,0.0,0.0,200,0,0,0,3,1,0,0,0,0,Fuzzers,1
0.778108,tcp,-,FIN,10,6,1282,268,19.27753,11864.677,2303.0222,2,1,80.23278,140.7622,4111.3916,199.48726,255,784427628,3729564754,255,0.131929,0.074296,0.057633,128,45,0,0,2,2,0,0,0,0,Fuzzers,1
0.906254,tcp,-,FIN,16,18,1540,1644,36.41363,12746.979,13709.181,4,4,60.39407,53.10794,4206.3735,122.98231,255,469434062,3441022608,255,0.004261,0.003415,0.000846,96,91,0,0,4,1,0,0,0,0,Normal,0
1e-05,udp,-,INT,2,0,1020,0,100000.0,408000000.0,0.0,0,0,0.01,0.0,0.0,0.0,0,0,0,0,0.0,0.0,0.0,510,0,0,0,9,1,0,0,0,0,Normal,0
1.648349,tcp,-,FIN,16,18,1540,1644,20.020033,7008.2246,7537.239,4,4,109.8666,96.89553,6907.194,194.18857,255,4109069967,949142346,255,0.001966,0.001116,0.00085,96,91,0,0,6,1,0,0,0,0,Normal,0
0.061594,tcp,http,FIN,8,10,1052,824,276.00092,119622.05,96373.02,2,2,8.746715,6.791222,601.34314,16.67788,255,2779130553,2789574046,255,0.00095,0.000468,0.000482,132,82,1,83,1,1,0,0,1,0,Normal,0
26.421759,tcp,http,FIN,8,10,1052,824,0.643409,278.86108,224.66331,2,2,3774.382,2935.687,308469.0,8259.941,255,469430849,2620293614,255,0.00071,0.000568,0.000142,132,82,1,83,7,1,0,0,1,0,Normal,0
0.023796,tcp,-,FIN,16,18,1540,1644,1386.7877,485459.75,522104.56,4,4,1.5656,1.372706,93.30772,2.580644,255,594589159,600216451,255,0.000575,0.000457,0.000118,96,91,0,0,4,1,0,0,0,0,Normal,0
8e-06,unas,-,INT,2,0,200,0,125000.0,100000000.0,0.0,0,0,0.008,0.0,0.0,0.0,0,0,0,0,0.0,0.0,0.0,100,0,0,0,2,2,0,0,0,0,Analysis,1
6e-06,unas,-,INT,2,0,200,0,166666.66,133333330.0,0.0,0,0,0.006,0.0,0.0,0.0,0,0,0,0,0.0,0.0,0.0,100,0,0,0,3,3,0,0,0,0,Analysis,1
2.864943,tcp,-,FIN,16,18,1540,1644,11.518554,4032.192,4336.561,4,4,190.9756,179.02719,15748.329,369.2586,255,17039941,3331478216,255,0.000637,0.000507,0.00013,96,91,0,0,12,1,0,0,0,0,Normal,0
3.2e-05,udp,-,INT,2,0,172,0,31250.0,21500000.0,0.0,0,0,0.032,0.0,0.0,0.0,0,0,0,0,0.0,0.0,0.0,86,0,0,0,3,1,0,0,0,0,Fuzzers,1
9e-06,udp,-,INT,2,0,168,0,111111.11,74666664.0,0.0,0,0,0.009,0.0,0.0,0.0,0,0,0,0,0.0,0.0,0.0,84,0,0,0,1,1,0,0,0,0,Reconnaissance,1
54.354286,tcp,-,FIN,20,14,3740,622,0.607128,522.93945,85.07149,5,1,2860.703,4177.622,383065.1,14076.29,255,3698702806,4021744346,255,0.120139,0.045196,0.074943,187,44,0,0,2,2,0,0,0,0,Fuzzers,1
8e-06,unas,-,INT,2,0,200,0,125000.0,100000000.0,0.0,0,0,0.008,0.0,0.0,0.0,0,0,0,0,0.0,0.0,0.0,100,0,0,0,2,2,0,0,0,0,Backdoor,1
0.026756,tcp,ssh,FIN,62,58,5928,8010,4447.6006,1744057.4,2353715.0,14,17,0.445933,0.45807,50.987213,55.43286,255,2456678076,2456946073,255,0.000647,0.000513,0.000134,96,138,0,0,1,1,0,0,0,0,Normal,0
0.63988,tcp,-,FIN,38,40,2438,18508,120.33506,29680.564,225617.3,7,13,17.28527,16.393768,1039.3976,1012.1176,255,2752486085,3809941219,255,0.00064,0.000519,0.000121,64,463,0,0,1,1,0,0,0,0,Normal,0
0.604633,tcp,-,FIN,12,8,998,716,31.424023,12106.518,8295.941,3,2,54.966637,72.34843,2753.0159,111.53208,255,3652140215,2024389540,255,0.113453,0.075233,0.03822,83,90,0,0,2,1,0,0,0,0,Fuzzers,1
0.449703,tcp,-,FIN,10,6,738,268,33.355347,11830.03,3984.852,2,1,42.61122,67.666,2352.1736,90.68499,255,3332877477,919392200,255,0.179691,0.111363,0.068328,74,45,0,0,1,1,0,0,0,0,Normal,0
52.422104,tcp,-,FIN,20,12,2438,536,0.591354,353.5913,75.08283,6,1,2755.763,4763.7964,375314.4,14883.168,255,4084533035,829132970,255,0.072885,0.02034,0.052545,122,45,0,0,2,2,0,0,0,0,Fuzzers,1
0.026584,tcp,ftp,FIN,52,54,2934,3742,3949.7444,866084.9,1105326.5,11,15,0.5254,0.491717,36.871544,0.896762,255,2022073107,2027759033,255,0.00064,0.000508,0.000132,56,69,0,0,1,1,1,1,0,0,Normal,0
6e-06,udp,-,INT,2,0,608,0,166666.66,405333300.0,0.0,0,0,0.006,0.0,0.0,0.0,0,0,0,0,0.0,0.0,0.0,304,0,0,0,1,1,0,0,0,0,Fuzzers,1
0.776257,tcp,-,FIN,16,18,1540,1644,42.511696,14881.67,16005.009,4,4,51.685467,40.067825,3106.7537,83.95851,255,724524640,3155435981,255,0.095991,0.095103,0.000888,96,91,0,0,9,1,0,0,0,0,Normal,0
5e-06,pnni,-,INT,2,0,200,0,200000.0,160000000.0,0.0,0,0,0.005,0.0,0.0,0.0,0,0,0,0,0.0,0.0,0.0,100,0,0,0,1,1,0,0,0,0,Exploits,1
0.003869,tcp,http,FIN,8,10,1052,824,4393.9004,1904368.1,1534246.6,2,2,0.504143,0.372222,32.31944,0.672378,255,3644163632,3640924431,255,0.000641,0.000515,0.000126,132,82,1,83,3,1,0,0,1,0,Normal,0
2.270906,tcp,smtp,FIN,24,20,3443,1756,18.935175,11625.316,5879.592,8,8,98.71478,113.92684,5158.595,141.30609,255,3607803224,3554777394,255,0.224598,0.106287,0.118311,143,88,0,0,1,1,0,0,0,0,Exploits,1
9e-06,udp,-,INT,2,0,464,0,111111.11,206222200.0,0.0,0,0,0.009,0.0,0.0,0.0,0,0,0,0,0.0,0.0,0.0,232,0,0,0,3,1,0,0,0,0,Fuzzers,1
2.888513,ospf,-,INT,82,0,5248,0,28.042109,14357.56,0.0,0,0,35.660656,0.0,38.80402,0.0,0,0,0,0,0.0,0.0,0.0,64,0,0,0,1,1,0,0,0,0,Backdoor,1
1.006704,tcp,http,FIN,14,18,1684,10168,30.793562,12428.679,76320.35,3,5,77.410995,59.18806,8765.652,7673.953,255,2889197350,2885996945,255,0.000633,0.000504,0.000129,120,565,1,3924,2,1,0,0,1,0,Normal,0
1.1e-05,udp,-,INT,2,0,2152,0,90909.09,782545500.0,0.0,0,0,0.011,0.0,0.0,0.0,0,0,0,0,0.0,0.0,0.0,1076,0,0,0,9,1,0,0,0,0,Normal,0
1.1e-05,udp,-,INT,2,0,1178,0,90909.09,428363650.0,0.0,0,0,0.011,0.0,0.0,0.0,0,0,0,0,0.0,0.0,0.0,589,0,0,0,8,1,0,0,0,0,Normal,0
9e-06,unas,-,INT,2,0,200,0,111111.11,88888890.0,0.0,0,0,0.009,0.0,0.0,0.0,0,0,0,0,0.0,0.0,0.0,100,0,0,0,4,4,0,0,0,0,Backdoor,1
1.092766,tcp,-,FIN,12,8,1110,740,17.38707,7452.6475,4743.925,3,2,91.97764,146.49142,4987.4517,214.84325,255,1679015488,1940266719,255,0.117972,0.067321,0.050651,93,93,0,0,2,1,0,0,0,0,Fuzzers,1
31.56226,tcp,-,FIN,20,12,2216,536,0.982186,533.80206,124.7059,4,1,1659.7075,2863.0295,222837.7,8828.67,255,505094852,3433063302,255,0.144251,0.06893,0.075321,111,45,0,0,3,3,0,0,0,0,Fuzzers,1
0.78027,tcp,-,FIN,10,8,564,354,21.78733,5208.4536,3178.387,2,1,82.69689,101.632286,5935.5767,143.08372,255,417702434,3141390824,255,0.143893,0.068835,0.075058,56,44,0,0,1,1,0,0,0,0,Reconnaissance,1
8e-06,udp,-,INT,2,0,210,0,125000.0,105000000.0,0.0,0,0,0.008,0.0,0.0,0.0,0,0,0,0,0.0,0.0,0.0,105,0,0,0,2,1,0,0,0,0,Fuzzers,1
1.767249,tcp,ssh,FIN,64,60,6032,8114,69.5997,26880.197,36119.414,14,17,28.971294,29.574713,1940.416,1848.1217,255,4262418302,2130238562,255,0.022387,0.022198,0.000189,94,135,0,0,2,1,0,0,0,0,Normal,0
0.715747,tcp,-,FIN,16,18,1540,1644,46.10568,16139.781,17358.088,4,4,51.099857,40.14559,3032.3308,74.12536,255,2044521950,1010055311,255,0.034965,0.033266,0.001699,96,91,0,0,10,1,0,0,0,0,Normal,0
21.163422,tcp,-,FIN,24,26,4048,2872,2.315316,1466.6815,1044.0656,7,7,961.95746,846.5142,107643.87,3078.9202,255,2232358005,90126405,255,0.000702,0.000559,0.000143,169,110,0,0,1,1,0,0,0,0,Normal,0
3e-06,micp,-,INT,2,0,200,0,333333.3,266666660.0,0.0,0,0,0.003,0.0,0.0,0.0,0,0,0,0,0.0,0.0,0.0,100,0,0,0,2,2,0,0,0,0,Backdoor,1
0.653709,tcp,http,FIN,18,6,14092,268,35.18385,162885.94,2741.281,6,1,38.38712,110.721794,2521.7112,165.63295,255,2820404579,639051961,255,0.173368,0.100092,0.073276,783,45,1,0,1,1,0,0,1,0,Exploits,1
1.1e-05,udp,-,INT,2,0,1646,0,90909.09,598545500.0,0.0,0,0,0.011,0.0,0.0,0.0,0,0,0,0,0.0,0.0,0.0,823,0,0,0,9,1,0,0,0,0,Normal,0
0.760827,tcp,-,FIN,14,10,774,556,30.230263,7560.1943,5267.9517,4,3,63.40225,79.385445,3124.961,102.731316,255,1978358846,2955514532,255,0.089847,0.045603,0.044244,55,56,0,0,1,1,0,0,0,0,Fuzzers,1
0.582864,tcp,-,FIN,16,18,1540,1644,56.61698,19819.375,21315.436,4,4,38.836933,34.21941,2530.4402,71.27779,255,629554657,706096559,255,0.002009,0.001133,0.000876,96,91,0,0,10,1,0,0,0,0,Normal,0
4e-06,udp,-,INT,2,0,584,0,250000.0,584000000.0,0.0,0,0,0.004,0.0,0.0,0.0,0,0,0,0,0.0,0.0,0.0,292,0,0,0,1,1,0,0,0,0,Fuzzers,1
3.021905,tcp,-,FIN,16,18,1540,1644,10.920264,3822.7542,4111.314,4,4,215.82756,177.72107,12981.942,341.73553,255,3637391827,1162134075,255,0.000974,0.000646,0.000328,96,91,0,0,6,1,0,0,0,0,Normal,0
4e-06,udp,-,INT,2,0,278,0,250000.0,278000000.0,0.0,0,0,0.004,0.0,0.0,0.0,0,0,0,0,0.0,0.0,0.0,139,0,0,0,14,1,0,0,0,0,Fuzzers,1
1.1e-05,udp,-,INT,2,0,1458,0,90909.09,530181820.0,0.0,0,0,0.011,0.0,0.0,0.0,0,0,0,0,0.0,0.0,0.0,729,0,0,0,6,1,0,0,0,0,Normal,0
59.883865,udp,dns,INT,254,0,44196,0,4.224844,5880.983,0.0,0,0,236.6951,0.0,276.9036,0.0,0,0,0,0,0.0,0.0,0.0,174,0,0,0,1,1,0,0,0,0,Fuzzers,1
8e-06,unas,-,INT,2,0,200,0,125000.0,100000000.0,0.0,0,0,0.008,0.0,0.0,0.0,0,0,0,0,0.0,0.0,0.0,100,0,0,0,3,3,0,0,0,0,Analysis,1
9e-06,unas,-,INT,2,0,200,0,111111.11,88888890.0,0.0,0,0,0.009,0.0,0.0,0.0,0,0,0,0,0.0,0.0,0.0,100,0,0,0,1,1,0,0,0,0,Backdoor,1
2.492837,tcp,-,FIN,40,42,2558,23162,32.4931,8006.9414,72563.11,7,14,63.887512,60.789223,4238.8354,4131.2524,255,3546614204,1309586790,255,0.000594,0.000475,0.000119,64,551,0,0,1,1,0,0,0,0,Normal,0
0.88884,tcp,-,FIN,12,10,1002,852,23.626299,8271.455,6903.3794,3,2,76.61682,90.78689,5475.398,124.07043,255,440697864,1942417982,255,0.140537,0.071748,0.068789,84,85,0,0,1,1,0,0,0,0,Fuzzers,1
1.921773,tcp,-,FIN,10,8,610,354,8.845998,2285.3896,1290.475,2,1,209.86278,261.37357,12551.303,425.4967,255,1971713804,3066338173,255,0.181368,0.092155,0.089213,61,44,0,0,1,1,0,0,0,0,Fuzzers,1
8e-06,udp,-,INT,2,0,104,0,125000.0,52000000.0,0.0,0,0,0.008,0.0,0.0,0.0,0,0,0,0,0.0,0.0,0.0,52,0,0,0,1,1,0,0,0,0,Fuzzers,1
1.215214,tcp,http,FIN,60,14,68195,612,60.071724,441462.97,3745.8423,27,1,20.244661,73.79392,2680.2605,115.73141,255,2038543280,2543006130,255,0.581946,0.255884,0.326062,1137,44,1,0,1,1,0,0,1,0,Fuzzers,1
17.435793,tcp,http,FIN,8,10,1052,824,0.975006,422.579,340.4491,2,2,2489.55,2179.405,206729.39,5725.044,255,3419847586,3425221946,255,0.0007,0.000546,0.000154,132,82,1,83,7,1,0,0,1,0,Normal,0
9e-06,udp,-,INT,2,0,256,0,111111.11,113777780.0,0.0,0,0,0.009,0.0,0.0,0.0,0,0,0,0,0.0,0.0,0.0,128,0,0,0,10,1,0,0,0,0,Normal,0
1.1e-05,sun-nd,-,INT,1,0,60,0,0.0,0.0,0.0,0,0,0.0,0.0,0.0,0.0,0,0,0,0,0.0,0.0,0.0,60,0,0,0,3,3,0,0,0,0,Exploits,1
9e-06,smp,-,INT,2,0,200,0,111111.11,88888890.0,0.0,0,0,0.009,0.0,0.0,0.0,0,0,0,0,0.0,0.0,0.0,100,0,0,0,1,1,0,0,0,0,Exploits,1
8e-06,udp,-,INT,2,0,104,0,125000.0,52000000.0,0.0,0,0,0.008,0.0,0.0,0.0,0,0,0,0,0.0,0.0,0.0,52,0,0,0,2,1,0,0,0,0,Fuzzers,1
1.42323,tcp,-,FIN,16,18,1540,1644,23.186693,8116.748,8729.439,4,4,94.858734,87.761185,6841.558,159.97934,255,2101942370,3279056256,255,0.025791,0.01905,0.006741,96,91,0,0,5,1,0,0,0,0,Normal,0
9.68416,tcp,-,FIN,64,66,3806,51808,13.320721,3095.364,42150.48,7,26,153.7116,148.93787,11322.8125,11147.965,255,2431644897,283870650,255,0.003365,0.003195,0.00017,59,785,0,0,1,1,0,0,0,0,Normal,0
1.919174,tcp,-,FIN,16,18,1540,1644,17.194899,6019.2563,6473.6187,4,4,136.93422,111.615,9916.21,227.55344,255,2032005190,1029839067,255,0.13506,0.133333,0.001727,96,91,0,0,8,1,0,0,0,0,Normal,0
3e-06,unas,-,INT,2,0,200,0,333333.3,266666660.0,0.0,0,0,0.003,0.0,0.0,0.0,0,0,0,0,0.0,0.0,0.0,100,0,0,0,5,5,0,0,0,0,Backdoor,1
0.021074,tcp,-,FIN,16,18,1540,1644,1565.9105,548163.6,589541.6,4,4,1.380533,1.211647,92.82213,2.091526,255,1674594934,3825556014,255,0.000597,0.000472,0.000125,96,91,0,0,5,1,0,0,0,0,Normal,0
3.392591,tcp,-,FIN,16,18,1540,1644,9.727079,3405.0671,3662.098,4,4,226.15186,212.00906,21595.045,510.11795,255,3891522458,1153099039,255,0.000553,0.000442,0.000111,96,91,0,0,3,1,0,0,0,0,Normal,0
0.17352,tcp,-,FIN,8,8,364,554,86.445366,14707.238,22360.535,1,2,24.78857,19.083715,1236.08,39.07348,255,4102495475,2371442223,255,0.057568,0.008859,0.048709,46,69,0,0,1,1,0,0,0,0,Backdoor,1
15.107742,tcp,-,FIN,66,66,3910,51808,8.671051,2039.2194,27018.729,7,26,236.05367,232.41736,20136.986,588.02094,255,557032235,557349131,255,0.000754,0.000605,0.000149,59,785,0,0,1,1,0,0,0,0,Normal,0
1.64418,tcp,-,FIN,16,18,1540,1644,20.070793,7025.9946,7556.35,4,4,117.36207,95.709236,7783.3945,202.64055,255,4121590159,1203242509,255,0.01801,0.017123,0.000887,96,91,0,0,11,1,0,0,0,0,Normal,0
8e-06,unas,-,INT,2,0,200,0,125000.0,100000000.0,0.0,0,0,0.008,0.0,0.0,0.0,0,0,0,0,0.0,0.0,0.0,100,0,0,0,2,2,0,0,0,0,Backdoor,1
1.25063,tcp,-,FIN,12,10,2090,820,16.791536,12256.223,4720.821,3,2,110.99637,129.93733,6941.947,191.76546,255,3526199144,3580743587,255,0.146539,0.081185,0.065354,174,82,0,0,1,1,0,0,0,0,Fuzzers,1
0.28907,tcp,http,FIN,12,8,3770,1328,65.72802,95644.65,32158.299,3,2,26.27909,39.47643,1416.4994,52.725376,255,1805972135,3328703337,255,0.06084,0.011637,0.049203,314,166,1,0,1,1,0,0,1,0,Normal,0
3.130886,tcp,http,FIN,8,10,1052,824,5.429773,2353.3274,1895.9489,2,2,446.959,347.814,36885.594,971.07043,255,3354099846,3355165116,255,0.0007,0.000556,0.000144,132,82,1,83,8,1,0,0,1,0,Normal,0
0.928003,tcp,-,FIN,10,8,756,354,18.318907,5870.6704,2672.405,2,1,103.015,123.74643,5768.4194,227.91893,255,1941517137,2740182747,255,0.17933,0.06177,0.11756,76,44,0,0,1,1,0,0,0,0,Fuzzers,1
0.001066,udp,dns,CON,2,2,146,178,2814.259,547842.44,667917.44,0,0,0.009,0.007,0.0,0.0,0,0,0,0,0.0,0.0,0.0,73,89,0,0,3,1,0,0,0,0,Normal,0
0.924692,tcp,-,FIN,10,8,756,354,18.3845,5891.692,2681.974,2,1,98.78022,122.08171,7729.3315,167.76065,255,1420104224,3921425430,255,0.09421,0.070112,0.024098,76,44,0,0,1,1,0,0,0,0,Fuzzers,1
0.019797,tcp,-,FIN,16,18,1540,1644,1666.9193,583522.75,627569.9,4,4,1.2996,1.136882,81.57211,2.149094,255,2945006412,804576194,255,0.000603,0.000467,0.000136,96,91,0,0,6,1,0,0,0,0,Normal,0
0.489954,tcp,-,FIN,10,8,756,354,34.697136,11119.411,5061.6997,2,1,49.685333,63.674286,3363.118,106.24302,255,194879520,62977445,255,0.092283,0.044225,0.048058,76,44,0,0,2,1,0,0,0,0,Fuzzers,1
0.338017,tcp,http,FIN,10,6,998,268,44.37647,21277.037,5301.509,2,1,35.21811,56.5798,1928.5507,82.022255,255,2665974075,3521361798,255,0.154433,0.055109,0.099324,100,45,1,0,1,1,0,0,1,0,Normal,0
0.528835,tcp,-,FIN,12,8,1002,716,35.928032,13902.257,9485.0,3,2,48.07591,69.91143,2365.5586,89.44542,255,1334476846,1695305731,255,0.102196,0.038754,0.063442,84,90,0,0,2,1,0,0,0,0,Fuzzers,1
4e-06,udp,-,INT,2,0,104,0,250000.0,104000000.0,0.0,0,0,0.004,0.0,0.0,0.0,0,0,0,0,0.0,0.0,0.0,52,0,0,0,1,1,0,0,0,0,Fuzzers,1
0.740381,tcp,-,FIN,10,8,756,354,22.961151,7358.3735,3349.6267,2,1,75.97955,92.07543,4771.957,146.47136,255,834400748,3041863463,255,0.169462,0.095848,0.073614,76,44,0,0,1,1,0,0,0,0,Fuzzers,1
1.672128,tcp,-,FIN,16,18,1540,1644,19.735332,6908.562,7430.053,4,4,108.93647,98.29788,6954.499,169.94135,255,889425578,1133924367,255,0.001194,0.001061,0.000133,96,91,0,0,6,1,0,0,0,0,Normal,0
3e-06,unas,-,INT,2,0,200,0,333333.3,266666660.0,0.0,0,0,0.003,0.0,0.0,0.0,0,0,0,0,0.0,0.0,0.0,100,0,0,0,2,2,0,0,0,0,Backdoor,1
12.061894,tcp,http,FIN,8,10,1052,824,1.409397,610.8493,492.12833,2,2,1722.9651,1507.6686,144075.89,3987.87,255,2369067548,220578407,255,0.000685,0.00054,0.000145,132,82,1,83,6,1,0,0,1,0,Normal,0
0.001153,udp,dns,CON,2,2,132,164,2601.908,457935.8,568950.56,0,0,0.009,0.007,0.0,0.0,0,0,0,0,0.0,0.0,0.0,66,82,0,0,1,1,0,0,0,0,Normal,0
8e-06,udp,-,INT,2,0,104,0,125000.0,52000000.0,0.0,0,0,0.008,0.0,0.0,0.0,0,0,0,0,0.0,0.0,0.0,52,0,0,0,3,1,0,0,0,0,Fuzzers,1
3.628861,tcp,-,FIN,16,18,1540,1644,9.093763,3183.3682,3423.6638,4,4,241.90114,213.4324,19083.232,375.99103,255,3954102218,1228874746,255,0.000662,0.000509,0.000153,96,91,0,0,15,1,0,0,0,0,Normal,0
2.576283,tcp,-,FIN,40,42,2558,23162,31.440645,7747.596,70212.78,7,14,67.78724,62.80288,4493.2197,4328.9146,255,3742299706,22908438,255,0.001489,0.001359,0.00013,64,551,0,0,1,1,0,0,0,0,Normal,0
2.072744,tcp,-,FIN,16,18,1540,1644,15.920925,5573.2886,5993.987,4,4,138.15547,121.18188,7875.091,267.13583,255,3012361961,3954026861,255,0.175678,0.133831,0.041847,96,91,0,0,21,1,0,0,0,0,Normal,0
1.59669,tcp,-,FIN,16,18,1540,1644,20.667755,7234.9673,7781.0967,4,4,114.026855,93.888885,9909.317,208.50722,255,2032003397,3257630840,255,0.000699,0.000579,0.00012,96,91,0,0,15,1,0,0,0,0,Normal,0
0.019434,tcp,-,FIN,16,18,1540,1644,1698.055,594422.2,639292.0,4,4,1.273733,1.116,78.29053,2.217963,255,3339973145,3344675686,255,0.000585,0.000459,0.000126,96,91,0,0,6,1,0,0,0,0,Normal,0
2.984958,tcp,-,FIN,28,30,4256,3080,19.095745,10999.15,7981.352,7,7,110.54275,102.89059,7027.1904,187.95937,255,3099971555,3668425144,255,0.001285,0.001126,0.000159,152,103,0,0,1,1,0,0,0,0,Normal,0
9e-06,3pc,-,INT,2,0,200,0,111111.11,88888890.0,0.0,0,0,0.009,0.0,0.0,0.0,0,0,0,0,0.0,0.0,0.0,100,0,0,0,1,1,0,0,0,0,Backdoor,1
20.964668,tcp,-,FIN,28,30,4256,3080,2.71886,1566.0634,1136.3881,7,7,776.45764,722.9016,83454.97,2442.0188,255,1899486607,4048481687,255,0.000653,0.000517,0.000136,152,103,0,0,1,1,0,0,0,0,Normal,0
0.50162,tcp,http,FIN,16,52,1050,61603,133.56725,15709.103,963582.0,2,24,33.3842,9.259725,1602.8401,1037.0647,255,2051855061,3625358140,255,0.056741,0.029366,0.027375,66,1185,1,29515,1,1,0,0,1,0,Exploits,1
1.1e-05,udp,-,INT,2,0,986,0,90909.09,358545440.0,0.0,0,0,0.011,0.0,0.0,0.0,0,0,0,0,0.0,0.0,0.0,493,0,0,0,5,1,0,0,0,0,Normal,0
1.1451,tcp,-,FIN,16,18,1540,1644,28.818443,10088.202,10849.707,4,4,76.266266,66.11553,6169.703,143.32655,255,2394100016,3421820437,255,0.022994,0.021135,0.001859,96,91,0,0,11,1,0,0,0,0,Normal,0
9e-06,unas,-,INT,2,0,200,0,111111.11,88888890.0,0.0,0,0,0.009,0.0,0.0,0.0,0,0,0,0,0.0,0.0,0.0,100,0,0,0,2,2,0,0,0,0,Analysis,1
3.529592,tcp,-,FIN,16,18,1540,1644,9.349522,3272.8994,3519.9536,4,4,235.28574,207.50917,18481.541,394.97357,255,819493213,3376215672,255,0.002095,0.001933,0.000162,96,91,0,0,8,1,0,0,0,0,Normal,0
0.742108,udp,-,CON,4,4,528,304,9.432589,4268.9204,2457.8633,0,0,113.67266,209.325,160.7447,296.01895,0,0,0,0,0.0,0.0,0.0,132,76,0,0,1,1,0,0,0,0,Normal,0
10.38414,tcp,http,FIN,8,10,1052,824,1.637112,709.5436,571.641,2,2,1483.3964,1153.7284,124031.16,3262.7268,255,1299484694,3450276081,255,0.000724,0.000581,0.000143,132,82,1,83,6,1,0,0,1,0,Normal,0
0.01883,tcp,-,FIN,16,18,1540,1644,1752.5226,613489.1,659798.2,4,4,1.2338,1.080647,92.77737,2.033559,255,3532488292,3542760684,255,0.000576,0.000454,0.000122,96,91,0,0,5,1,0,0,0,0,Normal,0
0.115773,tcp,-,FIN,30,42,2302,34406,613.26904,153818.25,2320886.5,5,15,3.977104,2.812073,305.7198,237.19759,255,1649552375,3808521422,255,0.000592,0.000475,0.000117,77,819,0,0,2,1,0,0,0,0,Normal,0
9e-06,mhrp,-,INT,2,0,200,0,111111.11,88888890.0,0.0,0,0,0.009,0.0,0.0,0.0,0,0,0,0,0.0,0.0,0.0,100,0,0,0,2,2,0,0,0,0,Backdoor,1
0.999452,tcp,-,FIN,38,40,2438,18508,77.04222,19002.414,144447.16,7,13,27.753584,26.286657,1785.6646,1733.5164,255,762066568,661561270,255,0.000687,0.000555,0.000132,64,463,0,0,1,1,0,0,0,0,Normal,0
0.17836,tcp,-,FIN,16,18,1540,1644,185.01906,64767.887,69656.875,4,4,12.714,11.118125,723.8636,21.564823,255,1289553668,3453172139,255,0.000583,0.000469,0.000114,96,91,0,0,5,1,0,0,0,0,Normal,0
2.725309,tcp,-,FIN,28,30,4256,3080,20.91506,12047.075,8741.762,7,7,100.92426,93.95693,6250.4844,166.06053,255,149551432,2971314978,255,0.000693,0.000549,0.000144,152,103,0,0,1,1,0,0,0,0,Normal,0
0.972195,tcp,-,FIN,16,18,1540,1644,33.943806,11882.39,12779.329,4,4,64.7386,60.6875,4385.8706,140.11664,255,1432006562,3245429339,255,0.001392,0.001194,0.000198,96,91,0,0,15,1,0,0,0,0,Normal,0
4e-06,udp,-,INT,2,0,104,0,250000.0,104000000.0,0.0,0,0,0.004,0.0,0.0,0.0,0,0,0,0,0.0,0.0,0.0,52,0,0,0,5,1,0,0,0,0,Fuzzers,1
0.001051,udp,dns,CON,2,2,132,164,2854.4246,502378.7,624167.5,0,0,0.009,0.008,0.0,0.0,0,0,0,0,0.0,0.0,0.0,66,82,0,0,1,1,0,0,0,0,Normal,0
0.060314,tcp,-,FIN,30,42,2302,34406,1177.1729,295254.84,4454952.5,5,15,2.068276,1.459268,128.6199,95.90874,255,2069552500,2073541412,255,0.000603,0.00048,0.000123,77,819,0,0,11,1,0,0,0,0,Normal,0
0.602803,tcp,-,FIN,10,8,756,354,28.201586,9037.778,4114.114,2,1,66.87522,77.26457,4632.667,119.595634,255,1310972050,4063519880,255,0.120142,0.061943,0.058199,76,44,0,0,1,1,0,0,0,0,Fuzzers,1
8e-06,udp,-,INT,2,0,104,0,125000.0,52000000.0,0.0,0,0,0.008,0.0,0.0,0.0,0,0,0,0,0.0,0.0,0.0,52,0,0,0,5,1,0,0,0,0,Fuzzers,1
1.752865,tcp,-,FIN,16,18,1540,1644,18.826323,6590.3535,7087.825,4,4,116.837,109.525375,7374.8413,221.5113,255,3842426935,1851494362,255,0.00059,0.000455,0.000135,96,91,0,0,5,1,0,0,0,0,Normal,0
0.004659,udp,-,CON,4,4,568,312,1502.4684,731487.44,401802.97,0,0,1.202667,1.035,1.691636,1.453812,0,0,0,0,0.0,0.0,0.0,142,78,0,0,1,1,0,0,0,0,Normal,0
8e-06,compaq-peer,-,INT,2,0,200,0,125000.0,100000000.0,0.0,0,0,0.008,0.0,0.0,0.0,0,0,0,0,0.0,0.0,0.0,100,0,0,0,1,1,0,0,0,0,Backdoor,1
6e-06,udp,-,INT,2,0,104,0,166666.66,69333330.0,0.0,0,0,0.006,0.0,0.0,0.0,0,0,0,0,0.0,0.0,0.0,52,0,0,0,5,1,0,0,0,0,Fuzzers,1
0.751445,tcp,-,FIN,30,42,2302,34406,94.48463,23698.342,357572.4,5,15,25.900862,18.316732,2562.4563,2485.1064,255,3134938485,1174257531,255,0.00057,0.000456,0.000114,77,819,0,0,11,1,0,0,0,0,Normal,0
1.713134,tcp,-,FIN,16,18,1540,1644,19.262941,6743.197,7252.2056,4,4,114.18587,97.58494,8663.877,183.89827,255,712006019,3133236630,255,0.055022,0.054189,0.000833,96,91,0,0,15,1,0,0,0,0,Normal,0
0.658425,tcp,-,FIN,20,8,17286,354,41.00695,199530.7,3766.5642,7,1,33.091053,77.51657,2366.2847,113.90522,255,1918197902,1768643115,255,0.210426,0.115806,0.09462,864,44,0,0,2,2,0,0,0,0,Fuzzers,1
3e-06,unas,-,INT,2,0,200,0,333333.3,266666660.0,0.0,0,0,0.003,0.0,0.0,0.0,0,0,0,0,0.0,0.0,0.0,100,0,0,0,3,3,0,0,0,0,Analysis,1
2.918736,tcp,-,FIN,38,40,2438,18508,26.381283,6506.9263,49462.508,7,13,78.87638,74.82582,5861.7173,5710.9473,255,3064040266,2542972174,255,0.000646,0.000525,0.000121,64,463,0,0,1,1,0,0,0,0,Normal,0
31.518587,tcp,-,FIN,64,66,3806,51808,4.092823,951.05786,12950.834,7,26,500.28445,500.28317,114034.8,114063.125,255,958395366,958780811,255,0.000886,0.000724,0.000162,59,785,0,0,1,1,0,0,0,0,Normal,0
0.718245,tcp,-,FIN,12,8,1142,748,26.453367,11661.759,7295.5605,3,2,65.22618,95.89271,3309.5703,134.66171,255,1756521365,4170158150,255,0.110792,0.046987,0.063805,95,94,0,0,1,1,0,0,0,0,Fuzzers,1
0.001122,udp,dns,CON,2,2,132,164,2673.7966,470588.22,584670.2,0,0,0.008,0.007,0.0,0.0,0,0,0,0,0.0,0.0,0.0,66,82,0,0,1,1,0,0,0,0,Normal,0
0.636104,tcp,-,FIN,12,8,1058,732,29.86933,12199.264,8061.575,3,2,56.76891,78.42814,2970.483,112.26897,255,701268415,2767242976,255,0.167741,0.0871,0.080641,88,92,0,0,1,1,0,0,0,0,Fuzzers,1
0.021412,tcp,-,FIN,16,18,1540,1644,1541.1919,539510.56,580235.4,4,4,1.406467,1.309,83.00149,2.212327,255,4287458863,4292581725,255,0.00062,0.000464,0.000156,96,91,0,0,6,1,0,0,0,0,Normal,0
0.993475,tcp,-,FIN,14,10,774,556,23.15106,5789.7783,4034.324,4,3,71.29585,102.776,3855.7175,126.22902,255,1704247374,2262571774,255,0.161177,0.06849,0.092687,55,56,0,0,2,1,0,0,0,0,Fuzzers,1
0.924214,tcp,-,FIN,14,12,774,642,27.050013,6223.667,5098.386,4,3,71.02554,78.640274,4368.576,116.50121,255,3276995567,800778834,255,0.138453,0.059168,0.079285,55,54,0,0,1,1,0,0,0,0,Fuzzers,1
1.749777,tcp,http,FIN,20,78,1218,96828,55.43564,5294.389,437024.84,2,37,92.09353,21.26882,4580.5117,2688.043,255,2504197854,138244543,255,0.230522,0.110694,0.119828,61,1241,1,46592,1,1,0,0,1,0,Exploits,1
0.693392,tcp,-,FIN,16,18,1540,1644,47.59213,16660.129,17917.715,4,4,46.200665,40.752647,3655.273,117.42696,255,2839135167,876429590,255,0.000729,0.000588,0.000141,96,91,0,0,10,1,0,0,0,0,Normal,0
20.430004,tcp,http,FIN,12,18,1580,10168,1.419481,567.40076,3760.7432,3,5,1857.241,1201.7303,131790.42,96615.984,255,472004076,473175027,255,0.000729,0.000585,0.000144,132,565,1,3924,2,1,0,0,1,0,Normal,0
1.309998,tcp,-,FIN,16,18,1540,1644,25.190878,8818.334,9483.983,4,4,87.305336,81.81238,6333.452,148.66786,255,4162302670,1177243546,255,0.001122,0.000999,0.000123,96,91,0,0,8,1,0,0,0,0,Normal,0
0.459474,tcp,-,FIN,10,8,756,354,36.99883,11857.036,5397.476,2,1,47.71289,57.556713,3287.6082,107.52584,255,3237511861,164501863,255,0.11373,0.056569,0.057161,76,44,0,0,3,1,0,0,0,0,Fuzzers,1
1.834343,tcp,-,FIN,40,42,2558,23162,44.1575,10881.28,98611.875,7,14,49.566486,44.728123,3859.2114,3664.927,255,3329067199,838435801,255,0.000637,0.000487,0.00015,64,551,0,0,1,1,0,0,0,0,Normal,0
0.230692,tcp,ftp-data,FIN,8,12,424,8824,82.36089,12865.639,280512.53,1,4,32.912712,23.019701,2156.5,1719.8949,255,3559133391,3681174501,255,0.000609,0.000494,0.000115,53,735,0,0,1,1,0,0,0,0,Normal,0
0.354553,tcp,-,FIN,10,6,1016,268,42.30679,20645.713,5054.251,2,1,39.39478,52.8572,1895.8652,88.67476,255,1847180576,2269075358,255,0.069206,0.048666,0.02054,102,45,0,0,1,1,0,0,0,0,Normal,0
0.024281,tcp,-,FIN,16,18,1540,1644,1359.0873,475762.94,511675.78,4,4,1.5984,1.400412,105.13936,2.526771,255,919620763,3070325419,255,0.000591,0.000469,0.000122,96,91,0,0,7,2,0,0,0,0,Normal,0
0.971873,tcp,http,FIN,60,14,68197,612,75.11269,552014.5,4683.7397,27,1,16.472424,70.27046,1645.2935,88.359665,255,3608496851,1791013858,255,0.075578,0.057665,0.017913,1137,44,1,0,1,1,0,0,1,0,Fuzzers,1
0.798179,tcp,-,FIN,12,8,1238,762,23.804186,11375.895,6685.2173,3,2,77.7311,104.47214,3749.93,152.73622,255,3287636927,1911201564,255,0.1831,0.066866,0.116234,103,95,0,0,1,1,0,0,0,0,Fuzzers,1
1.492512,tcp,-,FIN,38,40,2438,18508,51.590874,12724.855,96728.2,7,13,41.450058,38.25654,2960.1882,2846.6875,255,2534936715,1679359090,255,0.001562,0.000506,0.001056,64,463,0,0,1,1,0,0,0,0,Normal,0
0.284422,tcp,-,FIN,10,6,588,268,52.738537,14907.426,6300.497,2,1,27.712889,51.0108,1437.4597,69.50515,255,549136748,2705730690,255,0.051495,0.029358,0.022137,59,45,0,0,2,1,0,0,0,0,Fuzzers,1
0.799962,tcp,-,FIN,12,10,998,788,26.251247,9150.435,7100.3374,3,2,72.72382,78.78189,4888.877,130.55255,255,745279125,2381998857,255,0.10059,0.065478,0.035112,83,79,0,0,1,1,0,0,0,0,Fuzzers,1
0.00114,udp,dns,CON,2,2,132,164,2631.579,463157.9,575438.6,0,0,0.009,0.008,0.0,0.0,0,0,0,0,0.0,0.0,0.0,66,82,0,0,3,1,0,0,0,0,Normal,0
0.021784,tcp,-,FIN,16,18,1540,1644,1514.8733,530297.44,570326.8,4,4,1.430733,1.254118,85.06144,2.322652,255,1074593811,1080184617,255,0.000574,0.000459,0.000115,96,91,0,0,6,1,0,0,0,0,Normal,0
0.482359,tcp,http,FIN,10,6,1148,268,31.097172,17149.053,3715.0754,2,1,48.622444,72.115204,2763.4087,107.241714,255,50446603,3620708700,255,0.210809,0.121778,0.089031,115,45,1,0,1,1,0,0,1,0,Exploits,1
9e-06,udp,-,INT,2,0,168,0,111111.11,74666664.0,0.0,0,0,0.009,0.0,0.0,0.0,0,0,0,0,0.0,0.0,0.0,84,0,0,0,1,1,0,0,0,0,Reconnaissance,1
0.61806,tcp,-,FIN,10,6,756,268,24.26949,8814.679,2899.395,2,1,64.61645,113.412,3459.4863,181.6324,255,3117863540,4231727070,255,0.153525,0.050991,0.102534,76,45,0,0,1,1,0,0,0,0,Fuzzers,1
3.140661,tcp,pop3,FIN,20,20,960,3216,12.417768,2323.078,7784.3486,7,8,165.26921,159.86438,8861.605,217.53369,255,66930328,1230182210,255,0.17602,0.103231,0.072789,48,161,0,0,1,1,0,0,0,0,Exploits,1
0.020192,tcp,-,FIN,16,18,1540,1644,1634.3107,572107.8,615293.2,4,4,1.395214,1.233688,80.58382,2.250003,255,774586690,780113635,255,0.00056,0.000447,0.000113,96,91,0,0,4,1,0,0,0,0,Normal,0
0.674912,tcp,-,FIN,12,8,3054,760,28.15182,33189.51,7882.5093,3,2,61.355633,85.25914,3065.718,104.64835,255,3342137041,4088482804,255,0.135812,0.076919,0.058893,255,95,0,0,1,1,0,0,0,0,Fuzzers,1
1.201638,tcp,-,FIN,60,14,68181,612,60.75041,446357.4,3788.1626,27,1,20.366747,85.294464,1904.7251,111.501526,255,494340404,4036180740,255,0.187055,0.092027,0.095028,1136,44,1,0,1,1,0,0,1,0,Fuzzers,1
0.022315,tcp,-,FIN,16,18,1540,1644,1478.8259,517678.72,556755.56,4,4,1.463333,1.284647,88.05151,2.472336,255,3352490528,3356935828,255,0.00059,0.000473,0.000117,96,91,0,0,12,1,0,0,0,0,Normal,0
1.082192,tcp,ftp,FIN,14,12,660,682,23.101261,4531.5435,4627.645,3,4,83.245544,91.318,5022.5483,135.39284,255,2293870669,3754274804,255,0.166922,0.076939,0.089983,47,57,0,0,1,1,0,0,0,0,Fuzzers,1
0.645937,tcp,-,FIN,10,6,766,268,23.222078,8545.725,2774.2642,2,1,68.741,114.9794,3795.1138,198.41414,255,560297479,3115030861,255,0.120855,0.071037,0.049818,77,45,0,0,1,1,0,0,0,0,Fuzzers,1
0.026391,tcp,http,FIN,8,10,1052,824,644.159,279186.1,224925.17,2,2,3.721571,2.879778,258.70874,7.299877,255,1229550416,1230498740,255,0.000583,0.000469,0.000114,132,82,1,83,2,1,0,0,1,0,Normal,0
1e-05,udp,-,INT,2,0,570,0,100000.0,228000000.0,0.0,0,0,0.01,0.0,0.0,0.0,0,0,0,0,0.0,0.0,0.0,285,0,0,0,6,1,0,0,0,0,Normal,0
0.543537,tcp,-,FIN,10,8,756,354,31.276617,10023.236,4562.7065,2,1,57.68589,67.61386,3791.902,120.306,255,3861555167,1603332928,255,0.115578,0.070231,0.045347,76,44,0,0,2,1,0,0,0,0,Fuzzers,1
8e-06,udp,-,INT,2,0,104,0,125000.0,52000000.0,0.0,0,0,0.008,0.0,0.0,0.0,0,0,0,0,0.0,0.0,0.0,52,0,0,0,2,1,0,0,0,0,Fuzzers,1
7.499157,tcp,-,FIN,16,18,1272,2572,4.400495,1272.6764,2592.2915,4,4,499.88968,468.6562,43751.832,1259.9153,255,2934096850,784862359,255,0.000793,0.000649,0.000144,80,143,0,0,2,1,0,0,0,0,Normal,0
34.455128,tcp,ftp,FIN,30,24,1610,1364,1.538233,361.51367,303.69934,10,16,1185.7156,1495.6804,187570.94,6498.8564,255,2135145430,2861698135,255,0.114631,0.05448,0.060151,54,57,0,0,2,2,2,2,0,0,Fuzzers,1
8e-06,vrrp,-,INT,2,0,200,0,125000.0,100000000.0,0.0,0,0,0.008,0.0,0.0,0.0,0,0,0,0,0.0,0.0,0.0,100,0,0,0,3,3,0,0,0,0,Backdoor,1
4e-06,udp,-,INT,2,0,104,0,250000.0,104000000.0,0.0,0,0,0.004,0.0,0.0,0.0,0,0,0,0,0.0,0.0,0.0,52,0,0,0,4,1,0,0,0,0,Fuzzers,1
1e-05,pim,-,INT,2,0,200,0,100000.0,80000000.0,0.0,0,0,0.01,0.0,0.0,0.0,0,0,0,0,0.0,0.0,0.0,100,0,0,0,2,2,0,0,0,0,DoS,1
1.817553,tcp,-,FIN,42,42,2662,23162,45.66579,11439.556,99522.82,7,14,44.3219,44.31698,2474.094,64.59129,255,1709549753,1643398856,255,0.000679,0.000553,0.000126,63,551,0,0,1,1,0,0,0,0,Normal,0
0.615407,tcp,http,FIN,10,6,566,268,24.374113,6629.759,2911.894,2,1,64.66189,103.0618,3418.677,160.45596,255,971776996,1295676020,255,0.182162,0.10009,0.082072,57,45,1,0,1,1,0,0,1,0,Fuzzers,1
33.018524,arp,-,CON,2,2,56,92,0.090858,6.78407,11.145259,0,0,33017.562,33017.453,0.0,8.126187,0,0,0,0,0.0,0.0,0.0,28,46,0,0,1,1,0,0,0,0,Normal,0
1e-06,udp,-,INT,2,0,222,0,1000000.0,888000000.0,0.0,0,0,0.001,0.0,0.0,0.0,0,0,0,0,0.0,0.0,0.0,111,0,0,0,2,1,0,0,0,0,Fuzzers,1
3.944821,tcp,http,FIN,8,10,1052,824,4.309448,1867.7654,1504.7578,2,2,563.434,438.24814,46433.77,1231.1187,255,724519628,725723197,255,0.000719,0.000584,0.000135,132,82,1,83,8,1,0,0,1,0,Normal,0
1.089362,pim,-,INT,8,0,480,0,6.425779,3084.374,0.0,0,0,155.62314,0.0,372.3148,0.0,0,0,0,0,0.0,0.0,0.0,60,0,0,0,1,1,0,0,0,0,Exploits,1
9e-06,unas,-,INT,2,0,200,0,111111.11,88888890.0,0.0,0,0,0.009,0.0,0.0,0.0,0,0,0,0,0.0,0.0,0.0,100,0,0,0,2,2,0,0,0,0,Analysis,1
0.014479,tcp,-,FIN,16,18,1540,1644,2279.1628,797845.1,858070.3,4,4,0.9448,0.825059,66.98459,1.51847,255,1494583842,1500594243,255,0.000571,0.000448,0.000123,96,91,0,0,6,1,0,0,0,0,Normal,0
9e-06,unas,-,INT,2,0,200,0,111111.11,88888890.0,0.0,0,0,0.009,0.0,0.0,0.0,0,0,0,0,0.0,0.0,0.0,100,0,0,0,2,2,0,0,0,0,Backdoor,1
8e-06,udp,-,INT,2,0,166,0,125000.0,83000000.0,0.0,0,0,0.008,0.0,0.0,0.0,0,0,0,0,0.0,0.0,0.0,83,0,0,0,1,1,0,0,0,0,Fuzzers,1
8e-06,udp,-,INT,2,0,104,0,125000.0,52000000.0,0.0,0,0,0.008,0.0,0.0,0.0,0,0,0,0,0.0,0.0,0.0,52,0,0,0,3,1,0,0,0,0,Fuzzers,1
3.540375,tcp,-,FIN,16,18,1540,1644,9.321047,3262.9312,3509.2327,4,4,236.00319,208.1303,16659.703,481.49655,255,1059487200,3507624795,255,0.002994,0.002151,0.000843,96,91,0,0,6,1,0,0,0,0,Normal,0
7e-06,udp,-,INT,2,0,1064,0,142857.14,608000000.0,0.0,0,0,0.007,0.0,0.0,0.0,0,0,0,0,0.0,0.0,0.0,532,0,0,0,1,1,0,0,0,0,Fuzzers,1
0.001084,udp,dns,CON,2,2,146,178,2767.5276,538745.4,656826.56,0,0,0.009,0.007,0.0,0.0,0,0,0,0,0.0,0.0,0.0,73,89,0,0,2,1,0,0,0,0,Normal,0
9e-06,udp,-,INT,2,0,290,0,111111.11,128888890.0,0.0,0,0,0.009,0.0,0.0,0.0,0,0,0,0,0.0,0.0,0.0,145,0,0,0,9,1,0,0,0,0,Normal,0
0.448495,tcp,-,FIN,10,6,534,268,33.44519,8579.806,3995.5852,2,0,11795.356,19658.666,1174993.8,43789.168,255,1961887972,3960841167,255,0.107892,0.062959,0.044933,53,45,0,0,3,3,0,0,0,0,Fuzzers,1
0.504332,tcp,-,FIN,16,18,1540,1644,65.43309,22905.547,24634.566,4,4,33.600735,33.207466,2142.7583,61.651207,255,2894943779,2964536628,255,0.006368,0.006211,0.000157,96,91,0,0,3,1,0,0,0,0,Normal,0
9e-06,udp,-,INT,2,0,104,0,111111.11,46222220.0,0.0,0,0,0.009,0.0,0.0,0.0,0,0,0,0,0.0,0.0,0.0,52,0,0,0,2,1,0,0,0,0,Fuzzers,1
0.024281,tcp,-,FIN,16,18,1540,1644,1359.0873,475762.94,511675.78,4,4,1.5984,1.400412,105.13936,2.526771,255,919620763,3070325419,255,0.000591,0.000469,0.000122,96,91,0,0,7,2,0,0,0,0,Normal,0
9e-06,smp,-,INT,2,0,200,0,111111.11,88888890.0,0.0,0,0,0.009,0.0,0.0,0.0,0,0,0,0,0.0,0.0,0.0,100,0,0,0,1,1,0,0,0,0,DoS,1
0.448308,tcp,http,FIN,10,10,816,3704,42.381577,13115.983,59494.812,2,3,49.812,45.627777,2475.866,2998.259,255,475700585,3824835026,255,0.073792,0.036883,0.036909,82,370,1,1387,1,1,0,0,1,0,Exploits,1
7e-06,gmtp,-,INT,2,0,200,0,142857.14,114285710.0,0.0,0,0,0.007,0.0,0.0,0.0,0,0,0,0,0.0,0.0,0.0,100,0,0,0,2,2,0,0,0,0,DoS,1
1e-05,udp,-,INT,2,0,224,0,100000.0,89600000.0,0.0,0,0,0.01,0.0,0.0,0.0,0,0,0,0,0.0,0.0,0.0,112,0,0,0,3,1,0,0,0,0,Fuzzers,1
2.260115,tcp,-,FIN,16,18,1540,1644,14.601028,5111.2446,5497.0654,4,4,150.62627,132.11359,8989.585,317.05856,255,2882425838,1331045527,255,0.015039,0.014175,0.000864,96,91,0,0,10,1,0,0,0,0,Normal,0
0.509218,tcp,-,FIN,10,6,1022,268,29.456932,14453.535,3519.1216,2,1,52.87,92.7374,2870.356,147.5372,255,2923605763,1673255109,255,0.075565,0.045523,0.030042,102,45,0,0,2,2,0,0,0,0,Fuzzers,1
0.370517,tcp,http,FIN,10,8,804,2912,45.881836,15632.212,55015.023,2,2,41.168556,49.12143,3087.7854,112.496506,255,987669403,3823328964,255,0.02143,0.010163,0.011267,80,364,1,1049,1,1,0,0,1,0,Fuzzers,1
2.350651,tcp,-,FIN,28,30,4256,3080,24.248602,13967.194,10135.064,7,7,87.04937,81.03869,5416.385,143.9495,255,3279970608,2003199750,255,0.000649,0.000525,0.000124,152,103,0,0,1,1,0,0,0,0,Normal,0
41.95047,udp,-,INT,4,0,208,0,0.071513,29.749369,0.0,0,0,13983.491,0.0,19775.629,0.0,0,0,0,0,0.0,0.0,0.0,52,0,0,0,1,1,0,0,0,0,Fuzzers,1
0.734301,tcp,-,FIN,10,8,534,354,23.15127,5240.358,3377.3618,2,1,79.60733,91.341,5056.085,126.99124,255,1884377194,3098910458,255,0.130836,0.094906,0.03593,53,44,0,0,1,1,0,0,0,0,Fuzzers,1
2.123287,tcp,-,FIN,16,18,1540,1644,15.541941,5440.621,5851.305,4,4,141.53107,130.09319,10252.513,250.2027,255,2574105735,1109065746,255,0.042615,0.041792,0.000823,96,91,0,0,2,1,0,0,0,0,Normal,0
8e-06,uti,-,INT,2,0,200,0,125000.0,100000000.0,0.0,0,0,0.008,0.0,0.0,0.0,0,0,0,0,0.0,0.0,0.0,100,0,0,0,2,2,0,0,0,0,Backdoor,1
0.055841,tcp,-,FIN,16,18,1540,1644,590.9636,206873.1,222488.86,4,4,3.7026,3.244177,294.8225,6.696638,255,2126972046,3088180278,255,0.000826,0.000687,0.000139,96,91,0,0,3,1,0,0,0,0,Normal,0
0.018946,tcp,-,FIN,16,18,1540,1644,1741.7925,609732.94,655758.5,4,4,1.2428,1.088177,75.95609,2.11352,255,1567104113,1571497123,255,0.000577,0.000444,0.000133,96,91,0,0,12,1,0,0,0,0,Normal,0
4.585421,tcp,smtp,FIN,164,44,195768,2718,45.143074,339467.2,4635.561,78,8,28.131418,103.64514,3182.0642,158.30983,255,3579442360,2123777294,255,0.161772,0.093197,0.068575,1194,62,0,0,1,1,0,0,0,0,Exploits,1
0.078042,tcp,-,FIN,16,18,1540,1644,422.84924,148022.86,159196.33,4,4,5.1604,4.560294,401.68057,9.480166,255,1649553175,3809585671,255,0.000629,0.000516,0.000113,96,91,0,0,4,1,0,0,0,0,Normal,0
6e-06,vines,-,INT,2,0,200,0,166666.66,133333330.0,0.0,0,0,0.006,0.0,0.0,0.0,0,0,0,0,0.0,0.0,0.0,100,0,0,0,2,2,0,0,0,0,Backdoor,1
8e-06,udp,-,INT,2,0,142,0,125000.0,71000000.0,0.0,0,0,0.008,0.0,0.0,0.0,0,0,0,0,0.0,0.0,0.0,71,0,0,0,1,1,0,0,0,0,Shellcode,1
0.004064,tcp,http,FIN,8,10,1052,824,4183.071,1812992.0,1460629.9,2,2,0.531,0.375,32.97522,0.650575,255,3584164071,1435674302,255,0.00081,0.000685,0.000125,132,82,1,83,1,1,0,0,1,0,Normal,0
15.188972,tcp,http,FIN,8,10,1052,824,1.119233,485.08878,390.80984,2,2,2145.8286,1687.6044,172351.77,4622.0327,255,3012357146,3013464852,255,0.000668,0.000527,0.000141,132,82,1,83,2,1,0,0,1,0,Normal,0
8e-06,udp,-,INT,2,0,246,0,125000.0,123000000.0,0.0,0,0,0.008,0.0,0.0,0.0,0,0,0,0,0.0,0.0,0.0,123,0,0,0,1,1,0,0,0,0,Fuzzers,1
1.046089,tcp,-,FIN,40,42,2558,23162,77.43127,19080.594,172918.36,7,14,26.811691,25.50017,1722.6797,1684.4481,255,2627323364,2487009254,255,0.000741,0.000578,0.000163,64,551,0,0,1,1,0,0,0,0,Normal,0
0.497636,tcp,-,FIN,10,6,2074,268,30.142513,30013.906,3601.0256,2,1,49.54411,83.0696,2540.824,112.73766,255,3752199860,1351947933,255,0.14499,0.082275,0.062715,207,45,0,0,1,1,0,0,0,0,Normal,0
3e-06,udp,-,INT,2,0,104,0,333333.3,138666660.0,0.0,0,0,0.003,0.0,0.0,0.0,0,0,0,0,0.0,0.0,0.0,52,0,0,0,5,1,0,0,0,0,Fuzzers,1
0.844853,tcp,-,FIN,42,42,2662,23162,98.24194,24610.2,214105.89,7,14,20.598413,20.593489,0.0,35.36156,255,2212485830,3015561512,255,0.000641,0.000516,0.000125,63,551,0,0,1,1,0,0,0,0,Normal,0
0.761222,tcp,-,FIN,12,8,2002,720,24.959867,19295.291,6620.933,3,2,66.262726,86.95171,4018.476,124.65667,255,2401151591,3639829089,255,0.199925,0.152553,0.047372,167,90,0,0,1,1,0,0,0,0,Fuzzers,1
3.470804,tcp,-,FIN,28,42,2198,34406,19.88012,4886.476,77416.07,5,15,138.81972,86.74348,11671.811,7967.825,255,746971484,3098417623,255,0.002872,0.001064,0.001808,79,819,0,0,5,1,0,0,0,0,Normal,0
5e-06,udp,-,INT,2,0,1984,0,200000.0,1587200000.0,0.0,0,0,0.005,0.0,0.0,0.0,0,0,0,0,0.0,0.0,0.0,992,0,0,0,4,2,0,0,0,0,Fuzzers,1
9e-06,ipip,-,INT,2,0,200,0,111111.11,88888890.0,0.0,0,0,0.009,0.0,0.0,0.0,0,0,0,0,0.0,0.0,0.0,100,0,0,0,2,2,0,0,0,0,Backdoor,1
0.085497,tcp,-,FIN,16,18,1540,1644,385.97845,135115.86,145315.05,4,4,5.6764,4.999176,463.81882,9.621407,255,1589554776,3771814925,255,0.000633,0.00051,0.000123,96,91,0,0,5,1,0,0,0,0,Normal,0
2.928944,tcp,-,FIN,16,18,1540,1644,11.266859,3944.0835,4241.802,4,4,195.24141,170.98647,15424.476,346.29562,255,17040753,1199066230,255,0.023171,0.022169,0.001002,96,91,0,0,12,1,0,0,0,0,Normal,0
0.003887,tcp,http,FIN,8,10,1052,824,4373.5527,1895549.2,1527141.8,2,2,0.506714,0.376556,32.496002,0.659888,255,1279616310,3430187721,255,0.000621,0.000493,0.000128,132,82,1,83,1,1,0,0,1,0,Normal,0
1e-06,udp,-,INT,2,0,104,0,1000000.0,416000000.0,0.0,0,0,0.001,0.0,0.0,0.0,0,0,0,0,0.0,0.0,0.0,52,0,0,0,1,1,0,0,0,0,Fuzzers,1
0.866264,tcp,-,FIN,12,10,1066,808,24.242033,9031.889,6723.1235,3,2,76.85918,90.343216,5655.1816,123.64909,255,2244405816,3811124912,255,0.113095,0.053167,0.059928,89,81,0,0,1,1,0,0,0,0,Fuzzers,1
1.024819,tcp,http,FIN,10,10,820,1148,18.53986,5761.017,8071.669,2,2,113.868774,102.32533,7824.9263,164.71964,255,1972365114,2488109846,255,0.132106,0.07321,0.058896,82,115,1,182,1,1,0,0,4,0,Analysis,1
14.598914,tcp,smtp,FIN,682,140,917553,6836,56.23706,502069.12,3719.7288,337,8,21.500576,104.0307,2704.6648,148.33531,255,2049987267,1386290218,255,0.218131,0.138637,0.079494,1345,49,0,0,1,1,0,0,0,0,Exploits,1
1.654855,tcp,-,FIN,16,18,1540,1644,19.941324,6980.672,7507.6064,4,4,110.30146,97.213234,6530.638,199.5189,255,3842425245,1848844321,255,0.003989,0.002224,0.001765,96,91,0,0,21,1,0,0,0,0,Normal,0
0.187617,tcp,-,FIN,16,18,1540,1644,175.89024,61572.246,66220.01,4,4,12.485666,11.005765,684.7372,20.835213,255,1289554407,3456812571,255,0.00063,0.000518,0.000112,96,91,0,0,3,1,0,0,0,0,Normal,0
8e-06,unas,-,INT,2,0,200,0,125000.0,100000000.0,0.0,0,0,0.008,0.0,0.0,0.0,0,0,0,0,0.0,0.0,0.0,100,0,0,0,2,2,0,0,0,0,Analysis,1
3e-06,etherip,-,INT,2,0,200,0,333333.3,266666660.0,0.0,0,0,0.003,0.0,0.0,0.0,0,0,0,0,0.0,0.0,0.0,100,0,0,0,2,2,0,0,0,0,Backdoor,1
0.683454,tcp,-,FIN,10,6,756,268,21.947346,7971.2754,2621.976,2,1,72.74467,96.065796,3713.4253,126.37044,255,3795637701,887179522,255,0.248004,0.203122,0.044882,76,45,0,0,1,1,0,0,0,0,Fuzzers,1
0.054773,tcp,-,FIN,30,42,2302,34406,1296.2592,325123.7,4905629.0,5,15,1.945429,1.324805,108.608665,84.39444,255,199617077,203048343,255,0.00061,0.000454,0.000156,77,819,0,0,6,1,0,0,0,0,Normal,0
0.13627,tcp,-,FIN,16,18,1540,1644,242.16629,84772.875,91171.94,4,4,9.062,7.985412,582.98065,14.225131,255,1289551328,3476609989,255,0.000625,0.000509,0.000116,96,91,0,0,5,1,0,0,0,0,Normal,0
3.3e-05,udp,-,INT,2,0,1438,0,30303.03,174303020.0,0.0,0,0,0.033,0.0,0.0,0.0,0,0,0,0,0.0,0.0,0.0,719,0,0,0,3,1,0,0,0,0,Fuzzers,1
7e-06,gmtp,-,INT,2,0,200,0,142857.14,114285710.0,0.0,0,0,0.007,0.0,0.0,0.0,0,0,0,0,0.0,0.0,0.0,100,0,0,0,2,2,0,0,0,0,DoS,1
1.444385,tcp,ftp,FIN,14,12,810,682,17.308405,4170.633,3467.2195,4,4,111.08854,122.103455,5471.7285,143.08907,255,4084231089,1277456825,255,0.191173,0.101244,0.089929,58,57,0,0,1,1,1,1,0,0,Fuzzers,1
0.753679,tcp,-,FIN,10,8,490,354,22.556023,4681.038,3290.5256,2,1,76.357666,110.722336,5188.146,130.13704,255,2554104775,941783516,255,0.131611,0.089338,0.042273,49,44,0,0,1,1,0,0,0,0,Fuzzers,1
